domain_id,domain_title,domain_type,area_id,area_title,element_id,element_title,kind,level_ceiling,attainable_levels,status
CM-01,Foundations of Measurement Science,core,CM-01-A01,Nature and Purpose of Measurement,CM-01-001,"What measurement is, and what it is not",knowledge,3,1 2 3,draft
CM-01,Foundations of Measurement Science,core,CM-01-A01,Nature and Purpose of Measurement,CM-01-002,Measurement as an input to decisions and its consequences,knowledge,3,1 2 3,draft
CM-01,Foundations of Measurement Science,core,CM-01-A01,Nature and Purpose of Measurement,CM-01-003,The measurand and why its definition governs everything downstream,knowledge,5,1 2 3 4 5,draft
CM-01,Foundations of Measurement Science,core,CM-01-A01,Nature and Purpose of Measurement,CM-01-004,Definitional uncertainty and the effect of measurand definition on the result,knowledge,4,1 2 3 4,draft
CM-01,Foundations of Measurement Science,core,CM-01-A01,Nature and Purpose of Measurement,CM-01-005,Measurement as a modelling activity rather than an observation,knowledge,4,1 2 3 4,draft
CM-01,Foundations of Measurement Science,core,CM-01-A01,Nature and Purpose of Measurement,CM-01-006,Fitness for purpose and the cost of measuring better than needed,judgment,4,1 2 3 4,draft
CM-01,Foundations of Measurement Science,core,CM-01-A01,Nature and Purpose of Measurement,CM-01-007,Nominal properties and qualitative examination,knowledge,3,1 2 3,draft
CM-01,Foundations of Measurement Science,core,CM-01-A01,Nature and Purpose of Measurement,CM-01-008,"Measurement, testing, inspection and calibration distinguished",knowledge,3,1 2 3,draft
CM-01,Foundations of Measurement Science,core,CM-01-A02,Measurement Models and Methods,CM-01-009,Measurement function and measurement model,knowledge,3,1 2 3,draft
CM-01,Foundations of Measurement Science,core,CM-01-A02,Measurement Models and Methods,CM-01-010,Input quantities and output quantities,knowledge,3,1 2 3,draft
CM-01,Foundations of Measurement Science,core,CM-01-A02,Measurement Models and Methods,CM-01-011,"Indication, correction, and the measured quantity value",knowledge,3,1 2 3,draft
CM-01,Foundations of Measurement Science,core,CM-01-A02,Measurement Models and Methods,CM-01-012,Influence quantities and their identification,knowledge,4,1 2 3 4,draft
CM-01,Foundations of Measurement Science,core,CM-01-A02,Measurement Models and Methods,CM-01-013,Direct and indirect measurement methods,knowledge,3,1 2 3,draft
CM-01,Foundations of Measurement Science,core,CM-01-A02,Measurement Models and Methods,CM-01-014,"Comparison methods: substitution, differential and null",knowledge,4,1 2 3 4,draft
CM-01,Foundations of Measurement Science,core,CM-01-A02,Measurement Models and Methods,CM-01-015,"Measurement principle, method and procedure distinguished",knowledge,3,1 2 3,draft
CM-01,Foundations of Measurement Science,core,CM-01-A02,Measurement Models and Methods,CM-01-016,"Measurement systems: sensing, conditioning, conversion, presentation",knowledge,3,1 2 3,draft
CM-01,Foundations of Measurement Science,core,CM-01-A03,"Scales, Quantities and Quantity Calculus",CM-01-017,"Nominal, ordinal, interval and ratio scales",knowledge,3,1 2 3,draft
CM-01,Foundations of Measurement Science,core,CM-01-A03,"Scales, Quantities and Quantity Calculus",CM-01-018,Which operations each scale type permits,knowledge,3,1 2 3,draft
CM-01,Foundations of Measurement Science,core,CM-01-A03,"Scales, Quantities and Quantity Calculus",CM-01-019,Conventional reference scales and their limits,knowledge,3,1 2 3,draft
CM-01,Foundations of Measurement Science,core,CM-01-A03,"Scales, Quantities and Quantity Calculus",CM-01-020,Quantity calculus and the value-times-unit convention,knowledge,4,1 2 3 4,draft
CM-01,Foundations of Measurement Science,core,CM-01-A03,"Scales, Quantities and Quantity Calculus",CM-01-021,Dimensional homogeneity as an error check,knowledge,3,1 2 3,draft
CM-01,Foundations of Measurement Science,core,CM-01-A03,"Scales, Quantities and Quantity Calculus",CM-01-022,"Ordinal quantities in practice: hardness, pH, octane",knowledge,4,1 2 3 4,draft
CM-01,Foundations of Measurement Science,core,CM-01-A03,"Scales, Quantities and Quantity Calculus",CM-01-023,Quantities of dimension one and their pitfalls,knowledge,3,1 2 3,draft
CM-01,Foundations of Measurement Science,core,CM-01-A04,"Error, Uncertainty and the Measurement Result",CM-01-024,Error and uncertainty: the conceptual break between them,knowledge,4,1 2 3 4,draft
CM-01,Foundations of Measurement Science,core,CM-01-A04,"Error, Uncertainty and the Measurement Result",CM-01-025,Random and systematic effects,knowledge,4,1 2 3 4,draft
CM-01,Foundations of Measurement Science,core,CM-01-A04,"Error, Uncertainty and the Measurement Result",CM-01-026,"Bias, correction, and the uncertainty of the correction",knowledge,3,1 2 3,draft
CM-01,Foundations of Measurement Science,core,CM-01-A04,"Error, Uncertainty and the Measurement Result",CM-01-027,"True value, conventional value, and what the uncertainty approach abandons",knowledge,4,1 2 3 4,draft
CM-01,Foundations of Measurement Science,core,CM-01-A04,"Error, Uncertainty and the Measurement Result",CM-01-028,"Accuracy, trueness and precision",knowledge,3,1 2 3,draft
CM-01,Foundations of Measurement Science,core,CM-01-A04,"Error, Uncertainty and the Measurement Result",CM-01-029,"Repeatability, intermediate precision and reproducibility conditions",knowledge,4,1 2 3 4,draft
CM-01,Foundations of Measurement Science,core,CM-01-A04,"Error, Uncertainty and the Measurement Result",CM-01-030,"Resolution, discrimination threshold and dead band",knowledge,3,1 2 3,draft
CM-01,Foundations of Measurement Science,core,CM-01-A04,"Error, Uncertainty and the Measurement Result",CM-01-031,Metrological compatibility of measurement results,judgment,3,1 2 3,draft
CM-01,Foundations of Measurement Science,core,CM-01-A04,"Error, Uncertainty and the Measurement Result",CM-01-032,Reading a result someone else produced and knowing what it asserts,judgment,4,1 2 3 4,draft
CM-01,Foundations of Measurement Science,core,CM-01-A05,History and Philosophy of Metrology,CM-01-033,Origins of standardised measurement in trade and law,knowledge,3,1 2 3,draft
CM-01,Foundations of Measurement Science,core,CM-01-A05,History and Philosophy of Metrology,CM-01-034,The Metre Convention and the founding of international metrology,knowledge,3,1 2 3,draft
CM-01,Foundations of Measurement Science,core,CM-01-A05,History and Philosophy of Metrology,CM-01-035,From artefact standards to constant-based definitions,knowledge,3,1 2 3,draft
CM-01,Foundations of Measurement Science,core,CM-01-A05,History and Philosophy of Metrology,CM-01-036,"Measurement as a social contract: trust, trade and enforcement",knowledge,3,1 2 3,draft
CM-01,Foundations of Measurement Science,core,CM-01-A05,History and Philosophy of Metrology,CM-01-037,"What a measurement claims: realism, operationalism and representation",knowledge,4,1 2 3 4,draft
CM-01,Foundations of Measurement Science,core,CM-01-A05,History and Philosophy of Metrology,CM-01-038,Historical measurement disputes and what they cost,knowledge,3,1 2 3,draft
CM-01,Foundations of Measurement Science,core,CM-01-A06,The Global Metrology Infrastructure,CM-01-039,"BIPM, CGPM, CIPM and the Consultative Committees",knowledge,3,1 2 3,draft
CM-01,Foundations of Measurement Science,core,CM-01-A06,The Global Metrology Infrastructure,CM-01-040,National Metrology Institutes and Designated Institutes,knowledge,3,1 2 3,draft
CM-01,Foundations of Measurement Science,core,CM-01-A06,The Global Metrology Infrastructure,CM-01-041,Regional Metrology Organizations,knowledge,3,1 2 3,draft
CM-01,Foundations of Measurement Science,core,CM-01-A06,The Global Metrology Infrastructure,CM-01-042,OIML and the legal metrology infrastructure,knowledge,3,1 2 3,draft
CM-01,Foundations of Measurement Science,core,CM-01-A06,The Global Metrology Infrastructure,CM-01-043,"Accreditation bodies, ILAC and IAF",knowledge,3,1 2 3,draft
CM-01,Foundations of Measurement Science,core,CM-01-A06,The Global Metrology Infrastructure,CM-01-044,Standards development organizations and how a standard is made,knowledge,3,1 2 3,draft
CM-01,Foundations of Measurement Science,core,CM-01-A06,The Global Metrology Infrastructure,CM-01-045,Professional bodies and the metrology community,knowledge,3,1 2 3,draft
CM-01,Foundations of Measurement Science,core,CM-01-A06,The Global Metrology Infrastructure,CM-01-046,How a measurement on a factory floor connects to the SI,knowledge,4,1 2 3 4,draft
CM-02,Terminology and the International System of Units,core,CM-02-A01,VIM Concepts and Terminological Discipline,CM-02-001,Purpose and structure of the VIM,knowledge,3,1 2 3,draft
CM-02,Terminology and the International System of Units,core,CM-02-A01,VIM Concepts and Terminological Discipline,CM-02-002,Concept systems and why definitions are ordered as they are,knowledge,3,1 2 3,draft
CM-02,Terminology and the International System of Units,core,CM-02-A01,VIM Concepts and Terminological Discipline,CM-02-003,Core VIM terms for quantities and units,knowledge,3,1 2 3,draft
CM-02,Terminology and the International System of Units,core,CM-02-A01,VIM Concepts and Terminological Discipline,CM-02-004,Core VIM terms for measurement and its results,knowledge,3,1 2 3,draft
CM-02,Terminology and the International System of Units,core,CM-02-A01,VIM Concepts and Terminological Discipline,CM-02-005,Core VIM terms for measuring instruments and their properties,knowledge,3,1 2 3,draft
CM-02,Terminology and the International System of Units,core,CM-02-A01,VIM Concepts and Terminological Discipline,CM-02-006,Core VIM terms for measurement standards and traceability,knowledge,3,1 2 3,draft
CM-02,Terminology and the International System of Units,core,CM-02-A01,VIM Concepts and Terminological Discipline,CM-02-007,Terms commonly misused in laboratory practice,knowledge,4,1 2 3 4,draft
CM-02,Terminology and the International System of Units,core,CM-02-A01,VIM Concepts and Terminological Discipline,CM-02-008,Deprecated terminology still found in circulation,knowledge,3,1 2 3,draft
CM-02,Terminology and the International System of Units,core,CM-02-A01,VIM Concepts and Terminological Discipline,CM-02-009,Reconciling VIM3 with sector-specific vocabularies,judgment,4,1 2 3 4,draft
CM-02,Terminology and the International System of Units,core,CM-02-A01,VIM Concepts and Terminological Discipline,CM-02-010,Translation and terminology across languages and jurisdictions,knowledge,3,1 2 3,draft
CM-02,Terminology and the International System of Units,core,CM-02-A02,Structure of the SI,CM-02-011,Base quantities and base units,knowledge,3,1 2 3,draft
CM-02,Terminology and the International System of Units,core,CM-02-A02,Structure of the SI,CM-02-012,Derived quantities and coherent derived units,knowledge,3,1 2 3,draft
CM-02,Terminology and the International System of Units,core,CM-02-A02,Structure of the SI,CM-02-013,Coherence and why it matters computationally,knowledge,4,1 2 3 4,draft
CM-02,Terminology and the International System of Units,core,CM-02-A02,Structure of the SI,CM-02-014,SI prefixes and their correct application,knowledge,3,1 2 3,draft
CM-02,Terminology and the International System of Units,core,CM-02-A02,Structure of the SI,CM-02-015,Units outside the SI accepted for use with it,knowledge,3,1 2 3,draft
CM-02,Terminology and the International System of Units,core,CM-02-A02,Structure of the SI,CM-02-016,Special names and units with the same dimension,knowledge,3,1 2 3,draft
CM-02,Terminology and the International System of Units,core,CM-02-A02,Structure of the SI,CM-02-017,The mole and quantities of amount of substance,knowledge,3,1 2 3,draft
CM-02,Terminology and the International System of Units,core,CM-02-A02,Structure of the SI,CM-02-018,Photometric units and the human observer in the SI,knowledge,3,1 2 3,draft
CM-02,Terminology and the International System of Units,core,CM-02-A03,The 2019 Redefinition and the Defining Constants,CM-02-019,The seven defining constants,knowledge,3,1 2 3,draft
CM-02,Terminology and the International System of Units,core,CM-02-A03,The 2019 Redefinition and the Defining Constants,CM-02-020,Why the kilogram artefact was abandoned,knowledge,3,1 2 3,draft
CM-02,Terminology and the International System of Units,core,CM-02-A03,The 2019 Redefinition and the Defining Constants,CM-02-021,Realisation of the kilogram: Kibble balance and X-ray crystal density,knowledge,5,1 2 3 4 5,draft
CM-02,Terminology and the International System of Units,core,CM-02-A03,The 2019 Redefinition and the Defining Constants,CM-02-022,Realisation of the ampere from the elementary charge,knowledge,4,1 2 3 4,draft
CM-02,Terminology and the International System of Units,core,CM-02-A03,The 2019 Redefinition and the Defining Constants,CM-02-023,Realisation of the kelvin from the Boltzmann constant,knowledge,4,1 2 3 4,draft
CM-02,Terminology and the International System of Units,core,CM-02-A03,The 2019 Redefinition and the Defining Constants,CM-02-024,Mise en pratique documents and their status,knowledge,3,1 2 3,draft
CM-02,Terminology and the International System of Units,core,CM-02-A03,The 2019 Redefinition and the Defining Constants,CM-02-025,Practical consequences of the redefinition for working laboratories,knowledge,4,1 2 3 4,draft
CM-02,Terminology and the International System of Units,core,CM-02-A03,The 2019 Redefinition and the Defining Constants,CM-02-026,Continuity of dissemination across the redefinition,knowledge,3,1 2 3,draft
CM-02,Terminology and the International System of Units,core,CM-02-A04,"Expression, Style and Notation",CM-02-027,Writing unit symbols and names correctly,skill,3,1 2 3,draft
CM-02,Terminology and the International System of Units,core,CM-02-A04,"Expression, Style and Notation",CM-02-028,"Number formatting, decimal markers and digit grouping",skill,3,1 2 3,draft
CM-02,Terminology and the International System of Units,core,CM-02-A04,"Expression, Style and Notation",CM-02-029,Significant figures and rounding conventions,skill,4,1 2 3 4,draft
CM-02,Terminology and the International System of Units,core,CM-02-A04,"Expression, Style and Notation",CM-02-030,Expressing quantity values with uncertainty,skill,4,1 2 3 4,draft
CM-02,Terminology and the International System of Units,core,CM-02-A04,"Expression, Style and Notation",CM-02-031,"Quantity symbols, subscripts and typographic conventions",knowledge,3,1 2 3,draft
CM-02,Terminology and the International System of Units,core,CM-02-A04,"Expression, Style and Notation",CM-02-032,"Expressing ratios, percentages and parts-per notations",skill,3,1 2 3,draft
CM-02,Terminology and the International System of Units,core,CM-02-A04,"Expression, Style and Notation",CM-02-033,"Logarithmic quantities: decibel, neper and reference levels",knowledge,3,1 2 3,draft
CM-02,Terminology and the International System of Units,core,CM-02-A04,"Expression, Style and Notation",CM-02-034,Common style errors found on calibration certificates,skill,4,1 2 3 4,draft
CM-02,Terminology and the International System of Units,core,CM-02-A05,Dimensional Analysis and Unit Conversion,CM-02-035,Dimensional analysis as a verification technique,skill,4,1 2 3 4,draft
CM-02,Terminology and the International System of Units,core,CM-02-A05,Dimensional Analysis and Unit Conversion,CM-02-036,Unit conversion and exact versus approximate conversion factors,skill,3,1 2 3,draft
CM-02,Terminology and the International System of Units,core,CM-02-A05,Dimensional Analysis and Unit Conversion,CM-02-037,Uncertainty propagation through unit conversion,skill,4,1 2 3 4,draft
CM-02,Terminology and the International System of Units,core,CM-02-A05,Dimensional Analysis and Unit Conversion,CM-02-038,Temperature scales and the difference between interval and point conversion,skill,3,1 2 3,draft
CM-02,Terminology and the International System of Units,core,CM-02-A05,Dimensional Analysis and Unit Conversion,CM-02-039,"Gauge, absolute and differential quantities",skill,3,1 2 3,draft
CM-02,Terminology and the International System of Units,core,CM-02-A05,Dimensional Analysis and Unit Conversion,CM-02-040,Conversion errors that have caused documented failures,knowledge,3,1 2 3,draft
CM-02,Terminology and the International System of Units,core,CM-02-A06,"Legacy, Customary and Sector Unit Systems",CM-02-041,US customary and imperial systems,knowledge,3,1 2 3,draft
CM-02,Terminology and the International System of Units,core,CM-02-A06,"Legacy, Customary and Sector Unit Systems",CM-02-042,CGS systems and where they persist,knowledge,3,1 2 3,draft
CM-02,Terminology and the International System of Units,core,CM-02-A06,"Legacy, Customary and Sector Unit Systems",CM-02-043,"Sector-specific units in pressure, vacuum and flow",knowledge,3,1 2 3,draft
CM-02,Terminology and the International System of Units,core,CM-02-A06,"Legacy, Customary and Sector Unit Systems",CM-02-044,Sector-specific units in radiation and dosimetry,knowledge,3,1 2 3,draft
CM-02,Terminology and the International System of Units,core,CM-02-A06,"Legacy, Customary and Sector Unit Systems",CM-02-045,Units in clinical and laboratory medicine,knowledge,3,1 2 3,draft
CM-02,Terminology and the International System of Units,core,CM-02-A06,"Legacy, Customary and Sector Unit Systems",CM-02-046,Managing mixed-unit environments without error,judgment,3,1 2 3,draft
CM-03,Measurement Uncertainty,core,CM-03-A01,Foundations of the GUM Framework,CM-03-001,Scope and intent of the GUM,knowledge,3,1 2 3,draft
CM-03,Measurement Uncertainty,core,CM-03-A01,Foundations of the GUM Framework,CM-03-002,The uncertainty approach contrasted with the error approach,knowledge,4,1 2 3 4,draft
CM-03,Measurement Uncertainty,core,CM-03-A01,Foundations of the GUM Framework,CM-03-003,Standard uncertainty as a standard deviation,knowledge,3,1 2 3,draft
CM-03,Measurement Uncertainty,core,CM-03-A01,Foundations of the GUM Framework,CM-03-004,Type A and Type B: what the distinction does and does not mean,knowledge,4,1 2 3 4,draft
CM-03,Measurement Uncertainty,core,CM-03-A01,Foundations of the GUM Framework,CM-03-005,Coverage probability and level of confidence,knowledge,3,1 2 3,draft
CM-03,Measurement Uncertainty,core,CM-03-A01,Foundations of the GUM Framework,CM-03-006,Assumptions underlying the GUM framework,knowledge,5,1 2 3 4 5,draft
CM-03,Measurement Uncertainty,core,CM-03-A01,Foundations of the GUM Framework,CM-03-007,The GUM family of documents and their relationship,knowledge,3,1 2 3,draft
CM-03,Measurement Uncertainty,core,CM-03-A01,Foundations of the GUM Framework,CM-03-008,Accreditation and regulatory expectations for uncertainty,knowledge,4,1 2 3 4,draft
CM-03,Measurement Uncertainty,core,CM-03-A01,Foundations of the GUM Framework,CM-03-009,Known criticisms and limitations of the GUM,judgment,5,1 2 3 4 5,draft
CM-03,Measurement Uncertainty,core,CM-03-A01,Foundations of the GUM Framework,CM-03-010,When a full uncertainty evaluation is not required,judgment,4,1 2 3 4,draft
CM-03,Measurement Uncertainty,core,CM-03-A02,Modelling the Measurement,CM-03-011,Constructing the measurement model,judgment,5,1 2 3 4 5,draft
CM-03,Measurement Uncertainty,core,CM-03-A02,Modelling the Measurement,CM-03-012,Identifying input quantities systematically,judgment,5,1 2 3 4 5,draft
CM-03,Measurement Uncertainty,core,CM-03-A02,Modelling the Measurement,CM-03-013,Defining the measurand precisely enough to model it,judgment,5,1 2 3 4 5,draft
CM-03,Measurement Uncertainty,core,CM-03-A02,Modelling the Measurement,CM-03-014,Definitional uncertainty within the model,knowledge,4,1 2 3 4,draft
CM-03,Measurement Uncertainty,core,CM-03-A02,Modelling the Measurement,CM-03-015,Choosing model granularity,judgment,4,1 2 3 4,draft
CM-03,Measurement Uncertainty,core,CM-03-A02,Modelling the Measurement,CM-03-016,Representing corrections and their uncertainties in the model,judgment,4,1 2 3 4,draft
CM-03,Measurement Uncertainty,core,CM-03-A02,Modelling the Measurement,CM-03-017,Modelling influence quantities,judgment,4,1 2 3 4,draft
CM-03,Measurement Uncertainty,core,CM-03-A02,Modelling the Measurement,CM-03-018,Cause-and-effect analysis for uncertainty sources,skill,4,1 2 3 4,draft
CM-03,Measurement Uncertainty,core,CM-03-A02,Modelling the Measurement,CM-03-019,Completeness: finding the sources you have missed,judgment,5,1 2 3 4 5,draft
CM-03,Measurement Uncertainty,core,CM-03-A02,Modelling the Measurement,CM-03-020,Validating a measurement model against reality,judgment,4,1 2 3 4,draft
CM-03,Measurement Uncertainty,core,CM-03-A02,Modelling the Measurement,CM-03-021,Nonlinear models and when linearisation fails,judgment,5,1 2 3 4 5,draft
CM-03,Measurement Uncertainty,core,CM-03-A02,Modelling the Measurement,CM-03-022,"Implicit, staged and chained measurement models",judgment,5,1 2 3 4 5,draft
CM-03,Measurement Uncertainty,core,CM-03-A03,Type A Evaluation,CM-03-023,Arithmetic mean and experimental standard deviation,skill,3,1 2 3,draft
CM-03,Measurement Uncertainty,core,CM-03-A03,Type A Evaluation,CM-03-024,Experimental standard deviation of the mean,skill,4,1 2 3 4,draft
CM-03,Measurement Uncertainty,core,CM-03-A03,Type A Evaluation,CM-03-025,Degrees of freedom in Type A evaluation,knowledge,4,1 2 3 4,draft
CM-03,Measurement Uncertainty,core,CM-03-A03,Type A Evaluation,CM-03-026,Pooled estimates of variance,skill,4,1 2 3 4,draft
CM-03,Measurement Uncertainty,core,CM-03-A03,Type A Evaluation,CM-03-027,Analysis of variance for separating uncertainty components,skill,5,1 2 3 4 5,draft
CM-03,Measurement Uncertainty,core,CM-03-A03,Type A Evaluation,CM-03-028,Type A evaluation from designed experiments,skill,4,1 2 3 4,draft
CM-03,Measurement Uncertainty,core,CM-03-A03,Type A Evaluation,CM-03-029,Sample size and the reliability of a Type A estimate,skill,4,1 2 3 4,draft
CM-03,Measurement Uncertainty,core,CM-03-A03,Type A Evaluation,CM-03-030,Serial correlation and non-independent observations,skill,5,1 2 3 4 5,draft
CM-03,Measurement Uncertainty,core,CM-03-A03,Type A Evaluation,CM-03-031,Estimating covariance from observed data,skill,5,1 2 3 4 5,draft
CM-03,Measurement Uncertainty,core,CM-03-A03,Type A Evaluation,CM-03-032,What to do when repeated observation is impossible,judgment,4,1 2 3 4,draft
CM-03,Measurement Uncertainty,core,CM-03-A04,Type B Evaluation,CM-03-033,Sources of Type B information and their reliability,knowledge,4,1 2 3 4,draft
CM-03,Measurement Uncertainty,core,CM-03-A04,Type B Evaluation,CM-03-034,Using a calibration certificate as a Type B input,judgment,4,1 2 3 4,draft
CM-03,Measurement Uncertainty,core,CM-03-A04,Type B Evaluation,CM-03-035,Using manufacturer specifications as a Type B input,judgment,4,1 2 3 4,draft
CM-03,Measurement Uncertainty,core,CM-03-A04,Type B Evaluation,CM-03-036,Assigning a rectangular distribution,skill,4,1 2 3 4,draft
CM-03,Measurement Uncertainty,core,CM-03-A04,Type B Evaluation,CM-03-037,Assigning a triangular distribution,skill,4,1 2 3 4,draft
CM-03,Measurement Uncertainty,core,CM-03-A04,Type B Evaluation,CM-03-038,Assigning a normal distribution from a stated confidence,skill,4,1 2 3 4,draft
CM-03,Measurement Uncertainty,core,CM-03-A04,Type B Evaluation,CM-03-039,Assigning a U-shaped or arcsine distribution,skill,4,1 2 3 4,draft
CM-03,Measurement Uncertainty,core,CM-03-A04,Type B Evaluation,CM-03-040,Choosing between distributions and defending the choice,judgment,5,1 2 3 4 5,draft
CM-03,Measurement Uncertainty,core,CM-03-A04,Type B Evaluation,CM-03-041,Resolution and quantisation contributions,skill,4,1 2 3 4,draft
CM-03,Measurement Uncertainty,core,CM-03-A04,Type B Evaluation,CM-03-042,Drift and stability contributions between calibrations,judgment,4,1 2 3 4,draft
CM-03,Measurement Uncertainty,core,CM-03-A04,Type B Evaluation,CM-03-043,Environmental effects as Type B contributions,judgment,4,1 2 3 4,draft
CM-03,Measurement Uncertainty,core,CM-03-A04,Type B Evaluation,CM-03-044,Operator and procedural effects,judgment,4,1 2 3 4,draft
CM-03,Measurement Uncertainty,core,CM-03-A04,Type B Evaluation,CM-03-045,Effective degrees of freedom for Type B estimates,judgment,5,1 2 3 4 5,draft
CM-03,Measurement Uncertainty,core,CM-03-A04,Type B Evaluation,CM-03-046,Avoiding double-counting between Type A and Type B,judgment,5,1 2 3 4 5,draft
CM-03,Measurement Uncertainty,core,CM-03-A04,Type B Evaluation,CM-03-047,Documenting Type B judgements so they survive an audit,skill,5,1 2 3 4 5,draft
CM-03,Measurement Uncertainty,core,CM-03-A05,Combining and Propagating Uncertainty,CM-03-048,The law of propagation of uncertainty,knowledge,5,1 2 3 4 5,draft
CM-03,Measurement Uncertainty,core,CM-03-A05,Combining and Propagating Uncertainty,CM-03-049,Sensitivity coefficients and their meaning,knowledge,5,1 2 3 4 5,draft
CM-03,Measurement Uncertainty,core,CM-03-A05,Combining and Propagating Uncertainty,CM-03-050,Deriving partial derivatives analytically,skill,4,1 2 3 4,draft
CM-03,Measurement Uncertainty,core,CM-03-A05,Combining and Propagating Uncertainty,CM-03-051,Numerical estimation of sensitivity coefficients,skill,4,1 2 3 4,draft
CM-03,Measurement Uncertainty,core,CM-03-A05,Combining and Propagating Uncertainty,CM-03-052,Combined standard uncertainty,skill,4,1 2 3 4,draft
CM-03,Measurement Uncertainty,core,CM-03-A05,Combining and Propagating Uncertainty,CM-03-053,Correlated input quantities and covariance terms,skill,5,1 2 3 4 5,draft
CM-03,Measurement Uncertainty,core,CM-03-A05,Combining and Propagating Uncertainty,CM-03-054,Estimating correlation coefficients,judgment,5,1 2 3 4 5,draft
CM-03,Measurement Uncertainty,core,CM-03-A05,Combining and Propagating Uncertainty,CM-03-055,Common-mode effects and shared reference standards,judgment,5,1 2 3 4 5,draft
CM-03,Measurement Uncertainty,core,CM-03-A05,Combining and Propagating Uncertainty,CM-03-056,Higher-order terms and significant nonlinearity,skill,5,1 2 3 4 5,draft
CM-03,Measurement Uncertainty,core,CM-03-A05,Combining and Propagating Uncertainty,CM-03-057,"Propagation through products, quotients and powers",skill,4,1 2 3 4,draft
CM-03,Measurement Uncertainty,core,CM-03-A05,Combining and Propagating Uncertainty,CM-03-058,Propagation through logarithmic and exponential relationships,skill,4,1 2 3 4,draft
CM-03,Measurement Uncertainty,core,CM-03-A05,Combining and Propagating Uncertainty,CM-03-059,Relative and absolute uncertainty and when each is appropriate,skill,4,1 2 3 4,draft
CM-03,Measurement Uncertainty,core,CM-03-A06,Expanded Uncertainty and Coverage Intervals,CM-03-060,Coverage factor and expanded uncertainty,knowledge,4,1 2 3 4,draft
CM-03,Measurement Uncertainty,core,CM-03-A06,Expanded Uncertainty and Coverage Intervals,CM-03-061,Welch-Satterthwaite effective degrees of freedom,skill,5,1 2 3 4 5,draft
CM-03,Measurement Uncertainty,core,CM-03-A06,Expanded Uncertainty and Coverage Intervals,CM-03-062,Choosing a coverage factor: convention versus computation,judgment,4,1 2 3 4,draft
CM-03,Measurement Uncertainty,core,CM-03-A06,Expanded Uncertainty and Coverage Intervals,CM-03-063,The k equals 2 convention and when it is wrong,judgment,4,1 2 3 4,draft
CM-03,Measurement Uncertainty,core,CM-03-A06,Expanded Uncertainty and Coverage Intervals,CM-03-064,Coverage intervals for asymmetric distributions,skill,5,1 2 3 4 5,draft
CM-03,Measurement Uncertainty,core,CM-03-A06,Expanded Uncertainty and Coverage Intervals,CM-03-065,Coverage regions for multivariate measurands,skill,5,1 2 3 4 5,draft
CM-03,Measurement Uncertainty,core,CM-03-A06,Expanded Uncertainty and Coverage Intervals,CM-03-066,Rounding and significant figures in a reported uncertainty,skill,3,1 2 3,draft
CM-03,Measurement Uncertainty,core,CM-03-A07,Monte Carlo and Distribution Propagation,CM-03-067,Propagation of distributions contrasted with propagation of uncertainty,knowledge,5,1 2 3 4 5,draft
CM-03,Measurement Uncertainty,core,CM-03-A07,Monte Carlo and Distribution Propagation,CM-03-068,The Monte Carlo method for uncertainty evaluation,skill,5,1 2 3 4 5,draft
CM-03,Measurement Uncertainty,core,CM-03-A07,Monte Carlo and Distribution Propagation,CM-03-069,Assigning probability density functions to input quantities,judgment,4,1 2 3 4,draft
CM-03,Measurement Uncertainty,core,CM-03-A07,Monte Carlo and Distribution Propagation,CM-03-070,"Sampling, convergence and adaptive procedures",skill,4,1 2 3 4,draft
CM-03,Measurement Uncertainty,core,CM-03-A07,Monte Carlo and Distribution Propagation,CM-03-071,Deriving coverage intervals from a Monte Carlo distribution,skill,5,1 2 3 4 5,draft
CM-03,Measurement Uncertainty,core,CM-03-A07,Monte Carlo and Distribution Propagation,CM-03-072,Shortest versus probabilistically symmetric coverage intervals,judgment,5,1 2 3 4 5,draft
CM-03,Measurement Uncertainty,core,CM-03-A07,Monte Carlo and Distribution Propagation,CM-03-073,Validating a GUM result against a Monte Carlo result,skill,5,1 2 3 4 5,draft
CM-03,Measurement Uncertainty,core,CM-03-A07,Monte Carlo and Distribution Propagation,CM-03-074,Multivariate Monte Carlo evaluation,skill,5,1 2 3 4 5,draft
CM-03,Measurement Uncertainty,core,CM-03-A07,Monte Carlo and Distribution Propagation,CM-03-075,Random number generation quality and reproducibility,skill,4,1 2 3 4,draft
CM-03,Measurement Uncertainty,core,CM-03-A07,Monte Carlo and Distribution Propagation,CM-03-076,Software tools for Monte Carlo uncertainty evaluation,skill,4,1 2 3 4,draft
CM-03,Measurement Uncertainty,core,CM-03-A08,Uncertainty Budgets in Practice,CM-03-077,Structure and layout of an uncertainty budget,skill,4,1 2 3 4,draft
CM-03,Measurement Uncertainty,core,CM-03-A08,Uncertainty Budgets in Practice,CM-03-078,Building a budget: dimensional measurement,skill,4,1 2 3 4,draft
CM-03,Measurement Uncertainty,core,CM-03-A08,Uncertainty Budgets in Practice,CM-03-079,Building a budget: electrical measurement,skill,4,1 2 3 4,draft
CM-03,Measurement Uncertainty,core,CM-03-A08,Uncertainty Budgets in Practice,CM-03-080,Building a budget: temperature measurement,skill,4,1 2 3 4,draft
CM-03,Measurement Uncertainty,core,CM-03-A08,Uncertainty Budgets in Practice,CM-03-081,Building a budget: mass measurement,skill,4,1 2 3 4,draft
CM-03,Measurement Uncertainty,core,CM-03-A08,Uncertainty Budgets in Practice,CM-03-082,Identifying dominant terms and simplifying defensibly,judgment,4,1 2 3 4,draft
CM-03,Measurement Uncertainty,core,CM-03-A08,Uncertainty Budgets in Practice,CM-03-083,Best measurement capability and derivation of a CMC,judgment,5,1 2 3 4 5,draft
CM-03,Measurement Uncertainty,core,CM-03-A08,Uncertainty Budgets in Practice,CM-03-084,Uncertainty across a scope of accreditation,judgment,5,1 2 3 4 5,draft
CM-03,Measurement Uncertainty,core,CM-03-A08,Uncertainty Budgets in Practice,CM-03-085,Uncertainty for a range rather than a single point,skill,4,1 2 3 4,draft
CM-03,Measurement Uncertainty,core,CM-03-A08,Uncertainty Budgets in Practice,CM-03-086,Reviewing another person's uncertainty budget,judgment,5,1 2 3 4 5,draft
CM-03,Measurement Uncertainty,core,CM-03-A08,Uncertainty Budgets in Practice,CM-03-087,Common budget defects and how assessors find them,judgment,5,1 2 3 4 5,draft
CM-03,Measurement Uncertainty,core,CM-03-A08,Uncertainty Budgets in Practice,CM-03-088,Maintaining budgets as equipment and methods change,skill,4,1 2 3 4,draft
CM-03,Measurement Uncertainty,core,CM-03-A09,Reporting and Communicating Uncertainty,CM-03-089,Reporting requirements for uncertainty in ISO/IEC 17025,knowledge,4,1 2 3 4,draft
CM-03,Measurement Uncertainty,core,CM-03-A09,Reporting and Communicating Uncertainty,CM-03-090,Uncertainty statements on calibration certificates,skill,4,1 2 3 4,draft
CM-03,Measurement Uncertainty,core,CM-03-A09,Reporting and Communicating Uncertainty,CM-03-091,ILAC P14 requirements for reported uncertainty,knowledge,4,1 2 3 4,draft
CM-03,Measurement Uncertainty,core,CM-03-A09,Reporting and Communicating Uncertainty,CM-03-092,Uncertainty in test reports contrasted with calibration certificates,skill,4,1 2 3 4,draft
CM-03,Measurement Uncertainty,core,CM-03-A09,Reporting and Communicating Uncertainty,CM-03-093,Reporting uncertainty alongside a conformity statement,judgment,4,1 2 3 4,draft
CM-03,Measurement Uncertainty,core,CM-03-A09,Reporting and Communicating Uncertainty,CM-03-094,Explaining uncertainty to a non-specialist audience,judgment,5,1 2 3 4 5,draft
CM-03,Measurement Uncertainty,core,CM-03-A09,Reporting and Communicating Uncertainty,CM-03-095,Uncertainty in published and peer-reviewed measurement results,skill,4,1 2 3 4,draft
CM-03,Measurement Uncertainty,core,CM-03-A10,Advanced and Contested Topics,CM-03-096,Bayesian interpretation of measurement uncertainty,judgment,5,1 2 3 4 5,draft
CM-03,Measurement Uncertainty,core,CM-03-A10,Advanced and Contested Topics,CM-03-097,Prior information and its legitimate role,judgment,5,1 2 3 4 5,draft
CM-03,Measurement Uncertainty,core,CM-03-A10,Advanced and Contested Topics,CM-03-098,Frequentist and Bayesian coverage claims contrasted,judgment,5,1 2 3 4 5,draft
CM-03,Measurement Uncertainty,core,CM-03-A10,Advanced and Contested Topics,CM-03-099,Uncertainty for bounded quantities and results near zero,judgment,5,1 2 3 4 5,draft
CM-03,Measurement Uncertainty,core,CM-03-A10,Advanced and Contested Topics,CM-03-100,Uncertainty in counting measurements and Poisson processes,skill,5,1 2 3 4 5,draft
CM-03,Measurement Uncertainty,core,CM-03-A10,Advanced and Contested Topics,CM-03-101,Least-squares estimation and curve-fit uncertainty,skill,5,1 2 3 4 5,draft
CM-03,Measurement Uncertainty,core,CM-03-A10,Advanced and Contested Topics,CM-03-102,Uncertainty in interpolation and calibration curves,skill,5,1 2 3 4 5,draft
CM-03,Measurement Uncertainty,core,CM-03-A10,Advanced and Contested Topics,CM-03-103,Uncertainty of a result derived from a machine-learning model,judgment,5,1 2 3 4 5,draft
CM-03,Measurement Uncertainty,core,CM-03-A10,Advanced and Contested Topics,CM-03-104,The GUM revision effort and the state of the debate,judgment,4,1 2 3 4,draft
CM-04,"Traceability, Reference Standards and the CIPM MRA",core,CM-04-A01,Metrological Traceability Concepts,CM-04-001,The VIM definition of metrological traceability and each of its conditions,knowledge,4,1 2 3 4,draft
CM-04,"Traceability, Reference Standards and the CIPM MRA",core,CM-04-A01,Metrological Traceability Concepts,CM-04-002,Why a calibration sticker is not evidence of traceability,knowledge,4,1 2 3 4,draft
CM-04,"Traceability, Reference Standards and the CIPM MRA",core,CM-04-A01,Metrological Traceability Concepts,CM-04-003,The stated reference and what may serve as one,knowledge,4,1 2 3 4,draft
CM-04,"Traceability, Reference Standards and the CIPM MRA",core,CM-04-A01,Metrological Traceability Concepts,CM-04-004,Unbroken chain of calibrations,knowledge,4,1 2 3 4,draft
CM-04,"Traceability, Reference Standards and the CIPM MRA",core,CM-04-A01,Metrological Traceability Concepts,CM-04-005,Documented uncertainty at each link,knowledge,4,1 2 3 4,draft
CM-04,"Traceability, Reference Standards and the CIPM MRA",core,CM-04-A01,Metrological Traceability Concepts,CM-04-006,"Traceability to a unit, to a reference procedure, and to a reference material",judgment,5,1 2 3 4 5,draft
CM-04,"Traceability, Reference Standards and the CIPM MRA",core,CM-04-A01,Metrological Traceability Concepts,CM-04-007,Metrological traceability chain versus supply chain provenance,knowledge,4,1 2 3 4,draft
CM-04,"Traceability, Reference Standards and the CIPM MRA",core,CM-04-A01,Metrological Traceability Concepts,CM-04-008,Traceability for quantities with no SI realisation,judgment,5,1 2 3 4 5,draft
CM-04,"Traceability, Reference Standards and the CIPM MRA",core,CM-04-A02,Calibration Hierarchies and Dissemination,CM-04-009,"Primary, reference, transfer and working standards",knowledge,3,1 2 3,draft
CM-04,"Traceability, Reference Standards and the CIPM MRA",core,CM-04-A02,Calibration Hierarchies and Dissemination,CM-04-010,Structure of a calibration hierarchy,knowledge,4,1 2 3 4,draft
CM-04,"Traceability, Reference Standards and the CIPM MRA",core,CM-04-A02,Calibration Hierarchies and Dissemination,CM-04-011,Uncertainty accumulation down a hierarchy,knowledge,5,1 2 3 4 5,draft
CM-04,"Traceability, Reference Standards and the CIPM MRA",core,CM-04-A02,Calibration Hierarchies and Dissemination,CM-04-012,Choosing the right level of the hierarchy for a given need,judgment,4,1 2 3 4,draft
CM-04,"Traceability, Reference Standards and the CIPM MRA",core,CM-04-A02,Calibration Hierarchies and Dissemination,CM-04-013,Echelon and its consequences for cost and capability,knowledge,4,1 2 3 4,draft
CM-04,"Traceability, Reference Standards and the CIPM MRA",core,CM-04-A02,Calibration Hierarchies and Dissemination,CM-04-014,Transfer standards and their special handling,knowledge,4,1 2 3 4,draft
CM-04,"Traceability, Reference Standards and the CIPM MRA",core,CM-04-A02,Calibration Hierarchies and Dissemination,CM-04-015,Check standards and continuous verification of a hierarchy,knowledge,4,1 2 3 4,draft
CM-04,"Traceability, Reference Standards and the CIPM MRA",core,CM-04-A02,Calibration Hierarchies and Dissemination,CM-04-016,Designing an internal traceability architecture for an organization,judgment,5,1 2 3 4 5,draft
CM-04,"Traceability, Reference Standards and the CIPM MRA",core,CM-04-A03,"The CIPM MRA, KCDB and CMCs",CM-04-017,Purpose and structure of the CIPM MRA,knowledge,4,1 2 3 4,draft
CM-04,"Traceability, Reference Standards and the CIPM MRA",core,CM-04-A03,"The CIPM MRA, KCDB and CMCs",CM-04-018,Key comparisons and supplementary comparisons,knowledge,3,1 2 3,draft
CM-04,"Traceability, Reference Standards and the CIPM MRA",core,CM-04-A03,"The CIPM MRA, KCDB and CMCs",CM-04-019,Key comparison reference values and degrees of equivalence,knowledge,5,1 2 3 4 5,draft
CM-04,"Traceability, Reference Standards and the CIPM MRA",core,CM-04-A03,"The CIPM MRA, KCDB and CMCs",CM-04-020,The BIPM Key Comparison Database and how to search it,skill,3,1 2 3,draft
CM-04,"Traceability, Reference Standards and the CIPM MRA",core,CM-04-A03,"The CIPM MRA, KCDB and CMCs",CM-04-021,Calibration and Measurement Capabilities: what a CMC asserts,knowledge,5,1 2 3 4 5,draft
CM-04,"Traceability, Reference Standards and the CIPM MRA",core,CM-04-A03,"The CIPM MRA, KCDB and CMCs",CM-04-022,CMC review and approval process,knowledge,4,1 2 3 4,draft
CM-04,"Traceability, Reference Standards and the CIPM MRA",core,CM-04-A03,"The CIPM MRA, KCDB and CMCs",CM-04-023,Reading a CMC entry and judging whether it meets your need,judgment,4,1 2 3 4,draft
CM-04,"Traceability, Reference Standards and the CIPM MRA",core,CM-04-A03,"The CIPM MRA, KCDB and CMCs",CM-04-024,Mutual recognition and the acceptance of foreign certificates,knowledge,4,1 2 3 4,draft
CM-04,"Traceability, Reference Standards and the CIPM MRA",core,CM-04-A03,"The CIPM MRA, KCDB and CMCs",CM-04-025,Limits of the MRA and what it does not guarantee,knowledge,4,1 2 3 4,draft
CM-04,"Traceability, Reference Standards and the CIPM MRA",core,CM-04-A04,Reference Materials,CM-04-026,Reference materials and certified reference materials distinguished,knowledge,3,1 2 3,draft
CM-04,"Traceability, Reference Standards and the CIPM MRA",core,CM-04-A04,Reference Materials,CM-04-027,"Certified values, property values and their uncertainties",knowledge,4,1 2 3 4,draft
CM-04,"Traceability, Reference Standards and the CIPM MRA",core,CM-04-A04,Reference Materials,CM-04-028,Commutability and matrix effects,knowledge,5,1 2 3 4 5,draft
CM-04,"Traceability, Reference Standards and the CIPM MRA",core,CM-04-A04,Reference Materials,CM-04-029,Homogeneity and stability assessment,knowledge,5,1 2 3 4 5,draft
CM-04,"Traceability, Reference Standards and the CIPM MRA",core,CM-04-A04,Reference Materials,CM-04-030,Reading a reference material certificate,skill,4,1 2 3 4,draft
CM-04,"Traceability, Reference Standards and the CIPM MRA",core,CM-04-A04,Reference Materials,CM-04-031,Traceability through a certified reference material,knowledge,4,1 2 3 4,draft
CM-04,"Traceability, Reference Standards and the CIPM MRA",core,CM-04-A04,Reference Materials,CM-04-032,"Selecting, storing and using reference materials correctly",skill,4,1 2 3 4,draft
CM-04,"Traceability, Reference Standards and the CIPM MRA",core,CM-04-A05,Intrinsic Standards and Primary Realisations,CM-04-033,What makes a standard intrinsic,knowledge,4,1 2 3 4,draft
CM-04,"Traceability, Reference Standards and the CIPM MRA",core,CM-04-A05,Intrinsic Standards and Primary Realisations,CM-04-034,Josephson voltage standards,knowledge,5,1 2 3 4 5,draft
CM-04,"Traceability, Reference Standards and the CIPM MRA",core,CM-04-A05,Intrinsic Standards and Primary Realisations,CM-04-035,Quantum Hall resistance standards,knowledge,5,1 2 3 4 5,draft
CM-04,"Traceability, Reference Standards and the CIPM MRA",core,CM-04-A05,Intrinsic Standards and Primary Realisations,CM-04-036,Atomic frequency standards as intrinsic references,knowledge,4,1 2 3 4,draft
CM-04,"Traceability, Reference Standards and the CIPM MRA",core,CM-04-A05,Intrinsic Standards and Primary Realisations,CM-04-037,Fixed points and thermometric intrinsic standards,knowledge,4,1 2 3 4,draft
CM-04,"Traceability, Reference Standards and the CIPM MRA",core,CM-04-A05,Intrinsic Standards and Primary Realisations,CM-04-038,Stabilised lasers and optical frequency references,knowledge,4,1 2 3 4,draft
CM-04,"Traceability, Reference Standards and the CIPM MRA",core,CM-04-A05,Intrinsic Standards and Primary Realisations,CM-04-039,Traceability claims for an intrinsic standard and their evidence,judgment,4,1 2 3 4,draft
CM-04,"Traceability, Reference Standards and the CIPM MRA",core,CM-04-A05,Intrinsic Standards and Primary Realisations,CM-04-040,Quantum-based dissemination and the changing role of NMIs,knowledge,5,1 2 3 4 5,draft
CM-04,"Traceability, Reference Standards and the CIPM MRA",core,CM-04-A06,Traceability in Practice and Its Failure Modes,CM-04-041,Evaluating whether an external calibration supplier delivers traceability,judgment,5,1 2 3 4 5,draft
CM-04,"Traceability, Reference Standards and the CIPM MRA",core,CM-04-A06,Traceability in Practice and Its Failure Modes,CM-04-042,Accredited versus non-accredited calibration and what each provides,judgment,4,1 2 3 4,draft
CM-04,"Traceability, Reference Standards and the CIPM MRA",core,CM-04-A06,Traceability in Practice and Its Failure Modes,CM-04-043,Scope of accreditation: reading it and confirming it covers your work,skill,4,1 2 3 4,draft
CM-04,"Traceability, Reference Standards and the CIPM MRA",core,CM-04-A06,Traceability in Practice and Its Failure Modes,CM-04-044,"Broken chains: expired, out-of-scope and out-of-tolerance links",judgment,4,1 2 3 4,draft
CM-04,"Traceability, Reference Standards and the CIPM MRA",core,CM-04-A06,Traceability in Practice and Its Failure Modes,CM-04-045,Impact analysis when a link is found to have been invalid,judgment,5,1 2 3 4 5,draft
CM-04,"Traceability, Reference Standards and the CIPM MRA",core,CM-04-A06,Traceability in Practice and Its Failure Modes,CM-04-046,Traceability records and retention requirements,skill,4,1 2 3 4,draft
CM-04,"Traceability, Reference Standards and the CIPM MRA",core,CM-04-A06,Traceability in Practice and Its Failure Modes,CM-04-047,"Traceability for software, algorithms and derived quantities",judgment,5,1 2 3 4 5,draft
CM-04,"Traceability, Reference Standards and the CIPM MRA",core,CM-04-A06,Traceability in Practice and Its Failure Modes,CM-04-048,"Traceability in field, mobile and in-situ measurement",judgment,4,1 2 3 4,draft
CM-04,"Traceability, Reference Standards and the CIPM MRA",core,CM-04-A06,Traceability in Practice and Its Failure Modes,CM-04-049,Common traceability findings raised by assessors,knowledge,4,1 2 3 4,draft
CM-05,Statistics and Data Analysis for Metrology,core,CM-05-A01,Descriptive Statistics and Data Summaries,CM-05-001,Measures of location and their behaviour under contamination,skill,3,1 2 3,draft
CM-05,Statistics and Data Analysis for Metrology,core,CM-05-A01,Descriptive Statistics and Data Summaries,CM-05-002,Measures of dispersion,skill,3,1 2 3,draft
CM-05,Statistics and Data Analysis for Metrology,core,CM-05-A01,Descriptive Statistics and Data Summaries,CM-05-003,Sample versus population statistics,skill,4,1 2 3 4,draft
CM-05,Statistics and Data Analysis for Metrology,core,CM-05-A01,Descriptive Statistics and Data Summaries,CM-05-004,"Skewness, kurtosis and shape",skill,3,1 2 3,draft
CM-05,Statistics and Data Analysis for Metrology,core,CM-05-A01,Descriptive Statistics and Data Summaries,CM-05-005,"Quantiles, order statistics and empirical distributions",skill,3,1 2 3,draft
CM-05,Statistics and Data Analysis for Metrology,core,CM-05-A01,Descriptive Statistics and Data Summaries,CM-05-006,Summarising data without misleading the reader,judgment,4,1 2 3 4,draft
CM-05,Statistics and Data Analysis for Metrology,core,CM-05-A02,Probability and Distributions,CM-05-007,Probability axioms and interpretation,knowledge,3,1 2 3,draft
CM-05,Statistics and Data Analysis for Metrology,core,CM-05-A02,Probability and Distributions,CM-05-008,"Random variables, PDFs and CDFs",knowledge,3,1 2 3,draft
CM-05,Statistics and Data Analysis for Metrology,core,CM-05-A02,Probability and Distributions,CM-05-009,The normal distribution and why it is assumed so often,knowledge,3,1 2 3,draft
CM-05,Statistics and Data Analysis for Metrology,core,CM-05-A02,Probability and Distributions,CM-05-010,"Rectangular, triangular and trapezoidal distributions",knowledge,4,1 2 3 4,draft
CM-05,Statistics and Data Analysis for Metrology,core,CM-05-A02,Probability and Distributions,CM-05-011,Student t distribution and its role in metrology,knowledge,4,1 2 3 4,draft
CM-05,Statistics and Data Analysis for Metrology,core,CM-05-A02,Probability and Distributions,CM-05-012,Chi-squared and F distributions,knowledge,4,1 2 3 4,draft
CM-05,Statistics and Data Analysis for Metrology,core,CM-05-A02,Probability and Distributions,CM-05-013,Poisson and binomial distributions for counting,knowledge,4,1 2 3 4,draft
CM-05,Statistics and Data Analysis for Metrology,core,CM-05-A02,Probability and Distributions,CM-05-014,"Lognormal, Weibull and extreme value distributions",knowledge,4,1 2 3 4,draft
CM-05,Statistics and Data Analysis for Metrology,core,CM-05-A02,Probability and Distributions,CM-05-015,The central limit theorem and its practical limits,knowledge,5,1 2 3 4 5,draft
CM-05,Statistics and Data Analysis for Metrology,core,CM-05-A02,Probability and Distributions,CM-05-016,"Joint, marginal and conditional distributions",knowledge,5,1 2 3 4 5,draft
CM-05,Statistics and Data Analysis for Metrology,core,CM-05-A02,Probability and Distributions,CM-05-017,"Covariance, correlation and independence",knowledge,5,1 2 3 4 5,draft
CM-05,Statistics and Data Analysis for Metrology,core,CM-05-A02,Probability and Distributions,CM-05-018,Transformations of random variables,skill,4,1 2 3 4,draft
CM-05,Statistics and Data Analysis for Metrology,core,CM-05-A03,Estimation and Interval Construction,CM-05-019,Point estimation and estimator properties,skill,4,1 2 3 4,draft
CM-05,Statistics and Data Analysis for Metrology,core,CM-05-A03,Estimation and Interval Construction,CM-05-020,Maximum likelihood estimation,skill,5,1 2 3 4 5,draft
CM-05,Statistics and Data Analysis for Metrology,core,CM-05-A03,Estimation and Interval Construction,CM-05-021,Method of moments and least squares as estimators,skill,4,1 2 3 4,draft
CM-05,Statistics and Data Analysis for Metrology,core,CM-05-A03,Estimation and Interval Construction,CM-05-022,Confidence intervals and what they actually claim,knowledge,5,1 2 3 4 5,draft
CM-05,Statistics and Data Analysis for Metrology,core,CM-05-A03,Estimation and Interval Construction,CM-05-023,Prediction intervals and tolerance intervals distinguished,knowledge,5,1 2 3 4 5,draft
CM-05,Statistics and Data Analysis for Metrology,core,CM-05-A03,Estimation and Interval Construction,CM-05-024,Degrees of freedom as a concept,skill,4,1 2 3 4,draft
CM-05,Statistics and Data Analysis for Metrology,core,CM-05-A03,Estimation and Interval Construction,CM-05-025,Sample size determination,skill,4,1 2 3 4,draft
CM-05,Statistics and Data Analysis for Metrology,core,CM-05-A03,Estimation and Interval Construction,CM-05-026,Interval estimation for proportions and rates,skill,4,1 2 3 4,draft
CM-05,Statistics and Data Analysis for Metrology,core,CM-05-A04,Hypothesis Testing and Inference,CM-05-027,Null and alternative hypotheses,skill,4,1 2 3 4,draft
CM-05,Statistics and Data Analysis for Metrology,core,CM-05-A04,Hypothesis Testing and Inference,CM-05-028,"Type I and Type II error, significance and power",skill,4,1 2 3 4,draft
CM-05,Statistics and Data Analysis for Metrology,core,CM-05-A04,Hypothesis Testing and Inference,CM-05-029,What a p-value is and what it is not,judgment,5,1 2 3 4 5,draft
CM-05,Statistics and Data Analysis for Metrology,core,CM-05-A04,Hypothesis Testing and Inference,CM-05-030,t-tests and their assumptions,skill,4,1 2 3 4,draft
CM-05,Statistics and Data Analysis for Metrology,core,CM-05-A04,Hypothesis Testing and Inference,CM-05-031,Analysis of variance,skill,5,1 2 3 4 5,draft
CM-05,Statistics and Data Analysis for Metrology,core,CM-05-A04,Hypothesis Testing and Inference,CM-05-032,Tests for variance and distributional form,skill,4,1 2 3 4,draft
CM-05,Statistics and Data Analysis for Metrology,core,CM-05-A04,Hypothesis Testing and Inference,CM-05-033,Nonparametric alternatives,skill,4,1 2 3 4,draft
CM-05,Statistics and Data Analysis for Metrology,core,CM-05-A04,Hypothesis Testing and Inference,CM-05-034,Multiple comparisons and the cost of looking repeatedly,judgment,5,1 2 3 4 5,draft
CM-05,Statistics and Data Analysis for Metrology,core,CM-05-A04,Hypothesis Testing and Inference,CM-05-035,Equivalence testing and why it often fits metrology better,skill,5,1 2 3 4 5,draft
CM-05,Statistics and Data Analysis for Metrology,core,CM-05-A04,Hypothesis Testing and Inference,CM-05-036,Statistical significance contrasted with metrological significance,judgment,5,1 2 3 4 5,draft
CM-05,Statistics and Data Analysis for Metrology,core,CM-05-A05,"Regression, Curve Fitting and Calibration Functions",CM-05-037,Simple linear regression and its assumptions,skill,4,1 2 3 4,draft
CM-05,Statistics and Data Analysis for Metrology,core,CM-05-A05,"Regression, Curve Fitting and Calibration Functions",CM-05-038,Residual analysis and diagnostics,skill,5,1 2 3 4 5,draft
CM-05,Statistics and Data Analysis for Metrology,core,CM-05-A05,"Regression, Curve Fitting and Calibration Functions",CM-05-039,Weighted least squares,skill,4,1 2 3 4,draft
CM-05,Statistics and Data Analysis for Metrology,core,CM-05-A05,"Regression, Curve Fitting and Calibration Functions",CM-05-040,Errors-in-variables and total least squares,skill,5,1 2 3 4 5,draft
CM-05,Statistics and Data Analysis for Metrology,core,CM-05-A05,"Regression, Curve Fitting and Calibration Functions",CM-05-041,Polynomial and nonlinear fitting,skill,4,1 2 3 4,draft
CM-05,Statistics and Data Analysis for Metrology,core,CM-05-A05,"Regression, Curve Fitting and Calibration Functions",CM-05-042,Multiple regression and collinearity,skill,4,1 2 3 4,draft
CM-05,Statistics and Data Analysis for Metrology,core,CM-05-A05,"Regression, Curve Fitting and Calibration Functions",CM-05-043,Uncertainty of fitted parameters and of predictions,skill,5,1 2 3 4 5,draft
CM-05,Statistics and Data Analysis for Metrology,core,CM-05-A05,"Regression, Curve Fitting and Calibration Functions",CM-05-044,Inverse prediction and the calibration problem,skill,5,1 2 3 4 5,draft
CM-05,Statistics and Data Analysis for Metrology,core,CM-05-A05,"Regression, Curve Fitting and Calibration Functions",CM-05-045,Interpolation methods and their uncertainty,skill,4,1 2 3 4,draft
CM-05,Statistics and Data Analysis for Metrology,core,CM-05-A05,"Regression, Curve Fitting and Calibration Functions",CM-05-046,Extrapolation and why it is usually indefensible,judgment,4,1 2 3 4,draft
CM-05,Statistics and Data Analysis for Metrology,core,CM-05-A05,"Regression, Curve Fitting and Calibration Functions",CM-05-047,Model selection and overfitting,judgment,5,1 2 3 4 5,draft
CM-05,Statistics and Data Analysis for Metrology,core,CM-05-A05,"Regression, Curve Fitting and Calibration Functions",CM-05-048,"Smoothing, splines and filtering",skill,4,1 2 3 4,draft
CM-05,Statistics and Data Analysis for Metrology,core,CM-05-A06,Design of Experiments,CM-05-049,"Principles of experimental design: randomisation, replication, blocking",knowledge,4,1 2 3 4,draft
CM-05,Statistics and Data Analysis for Metrology,core,CM-05-A06,Design of Experiments,CM-05-050,Factorial designs,skill,4,1 2 3 4,draft
CM-05,Statistics and Data Analysis for Metrology,core,CM-05-A06,Design of Experiments,CM-05-051,Fractional factorial and screening designs,skill,4,1 2 3 4,draft
CM-05,Statistics and Data Analysis for Metrology,core,CM-05-A06,Design of Experiments,CM-05-052,Response surface methodology,skill,5,1 2 3 4 5,draft
CM-05,Statistics and Data Analysis for Metrology,core,CM-05-A06,Design of Experiments,CM-05-053,Nested and hierarchical designs for variance components,skill,4,1 2 3 4,draft
CM-05,Statistics and Data Analysis for Metrology,core,CM-05-A06,Design of Experiments,CM-05-054,Designed experiments for uncertainty evaluation,skill,5,1 2 3 4 5,draft
CM-05,Statistics and Data Analysis for Metrology,core,CM-05-A06,Design of Experiments,CM-05-055,Sequential and adaptive experimentation,skill,4,1 2 3 4,draft
CM-05,Statistics and Data Analysis for Metrology,core,CM-05-A07,Statistical Process Control and Monitoring,CM-05-056,Control chart fundamentals and the logic of control limits,skill,4,1 2 3 4,draft
CM-05,Statistics and Data Analysis for Metrology,core,CM-05-A07,Statistical Process Control and Monitoring,CM-05-057,"Variables charts: X-bar, R, S and individuals",skill,4,1 2 3 4,draft
CM-05,Statistics and Data Analysis for Metrology,core,CM-05-A07,Statistical Process Control and Monitoring,CM-05-058,Attribute charts,skill,3,1 2 3,draft
CM-05,Statistics and Data Analysis for Metrology,core,CM-05-A07,Statistical Process Control and Monitoring,CM-05-059,CUSUM and EWMA charts,skill,5,1 2 3 4 5,draft
CM-05,Statistics and Data Analysis for Metrology,core,CM-05-A07,Statistical Process Control and Monitoring,CM-05-060,Run rules and out-of-control signals,skill,4,1 2 3 4,draft
CM-05,Statistics and Data Analysis for Metrology,core,CM-05-A07,Statistical Process Control and Monitoring,CM-05-061,Control charting a check standard,skill,5,1 2 3 4 5,draft
CM-05,Statistics and Data Analysis for Metrology,core,CM-05-A07,Statistical Process Control and Monitoring,CM-05-062,Distinguishing common-cause from special-cause variation,judgment,4,1 2 3 4,draft
CM-05,Statistics and Data Analysis for Metrology,core,CM-05-A07,Statistical Process Control and Monitoring,CM-05-063,Autocorrelated processes and why standard charts mislead,skill,5,1 2 3 4 5,draft
CM-05,Statistics and Data Analysis for Metrology,core,CM-05-A08,"Outliers, Robustness and Data Screening",CM-05-064,What an outlier is and the danger of the label,judgment,4,1 2 3 4,draft
CM-05,Statistics and Data Analysis for Metrology,core,CM-05-A08,"Outliers, Robustness and Data Screening",CM-05-065,Outlier tests and their assumptions,skill,4,1 2 3 4,draft
CM-05,Statistics and Data Analysis for Metrology,core,CM-05-A08,"Outliers, Robustness and Data Screening",CM-05-066,Robust estimators of location and scale,skill,5,1 2 3 4 5,draft
CM-05,Statistics and Data Analysis for Metrology,core,CM-05-A08,"Outliers, Robustness and Data Screening",CM-05-067,When discarding data is defensible and when it is misconduct,judgment,5,1 2 3 4 5,draft
CM-05,Statistics and Data Analysis for Metrology,core,CM-05-A08,"Outliers, Robustness and Data Screening",CM-05-068,Missing data and censored observations,judgment,4,1 2 3 4,draft
CM-05,Statistics and Data Analysis for Metrology,core,CM-05-A08,"Outliers, Robustness and Data Screening",CM-05-069,"Data screening, plausibility checks and audit trails",skill,4,1 2 3 4,draft
CM-05,Statistics and Data Analysis for Metrology,core,CM-05-A09,Bayesian Methods,CM-05-070,Bayes theorem and its metrological interpretation,knowledge,4,1 2 3 4,draft
CM-05,Statistics and Data Analysis for Metrology,core,CM-05-A09,Bayesian Methods,CM-05-071,"Priors: informative, non-informative and their defensibility",judgment,5,1 2 3 4 5,draft
CM-05,Statistics and Data Analysis for Metrology,core,CM-05-A09,Bayesian Methods,CM-05-072,Posterior distributions and credible intervals,judgment,5,1 2 3 4 5,draft
CM-05,Statistics and Data Analysis for Metrology,core,CM-05-A09,Bayesian Methods,CM-05-073,Bayesian updating with successive measurements,judgment,5,1 2 3 4 5,draft
CM-05,Statistics and Data Analysis for Metrology,core,CM-05-A09,Bayesian Methods,CM-05-074,Markov chain Monte Carlo in practice,skill,5,1 2 3 4 5,draft
CM-05,Statistics and Data Analysis for Metrology,core,CM-05-A09,Bayesian Methods,CM-05-075,Choosing between Bayesian and frequentist treatment,judgment,5,1 2 3 4 5,draft
CM-05,Statistics and Data Analysis for Metrology,core,CM-05-A10,Computational and Resampling Methods,CM-05-076,Bootstrap methods,skill,4,1 2 3 4,draft
CM-05,Statistics and Data Analysis for Metrology,core,CM-05-A10,Computational and Resampling Methods,CM-05-077,Jackknife and cross-validation,skill,4,1 2 3 4,draft
CM-05,Statistics and Data Analysis for Metrology,core,CM-05-A10,Computational and Resampling Methods,CM-05-078,Permutation tests,skill,4,1 2 3 4,draft
CM-05,Statistics and Data Analysis for Metrology,core,CM-05-A10,Computational and Resampling Methods,CM-05-079,Simulation study design,skill,4,1 2 3 4,draft
CM-05,Statistics and Data Analysis for Metrology,core,CM-05-A10,Computational and Resampling Methods,CM-05-080,"Numerical accuracy, conditioning and floating-point pitfalls",knowledge,5,1 2 3 4 5,draft
CM-05,Statistics and Data Analysis for Metrology,core,CM-05-A10,Computational and Resampling Methods,CM-05-081,Reproducibility of a statistical analysis,skill,4,1 2 3 4,draft
CM-05,Statistics and Data Analysis for Metrology,core,CM-05-A11,Interlaboratory Studies and Proficiency Testing,CM-05-082,Purposes of interlaboratory comparison,knowledge,4,1 2 3 4,draft
CM-05,Statistics and Data Analysis for Metrology,core,CM-05-A11,Interlaboratory Studies and Proficiency Testing,CM-05-083,Assigned values and their uncertainty,skill,5,1 2 3 4 5,draft
CM-05,Statistics and Data Analysis for Metrology,core,CM-05-A11,Interlaboratory Studies and Proficiency Testing,CM-05-084,"z-scores, zeta-scores and En numbers",skill,4,1 2 3 4,draft
CM-05,Statistics and Data Analysis for Metrology,core,CM-05-A11,Interlaboratory Studies and Proficiency Testing,CM-05-085,Robust statistics for consensus values,skill,5,1 2 3 4 5,draft
CM-05,Statistics and Data Analysis for Metrology,core,CM-05-A11,Interlaboratory Studies and Proficiency Testing,CM-05-086,Interpreting your own proficiency testing result,judgment,4,1 2 3 4,draft
CM-05,Statistics and Data Analysis for Metrology,core,CM-05-A11,Interlaboratory Studies and Proficiency Testing,CM-05-087,Investigating and responding to an unsatisfactory result,judgment,4,1 2 3 4,draft
CM-05,Statistics and Data Analysis for Metrology,core,CM-05-A11,Interlaboratory Studies and Proficiency Testing,CM-05-088,Designing an interlaboratory comparison,judgment,5,1 2 3 4 5,draft
CM-05,Statistics and Data Analysis for Metrology,core,CM-05-A11,Interlaboratory Studies and Proficiency Testing,CM-05-089,Method validation studies across laboratories,skill,4,1 2 3 4,draft
CM-06,Calibration Methodology and Practice,core,CM-06-A01,Calibration Fundamentals,CM-06-001,"What calibration is, and why it is not adjustment",knowledge,3,1 2 3,draft
CM-06,Calibration Methodology and Practice,core,CM-06-A01,Calibration Fundamentals,CM-06-002,"Calibration, verification and validation distinguished",knowledge,3,1 2 3,draft
CM-06,Calibration Methodology and Practice,core,CM-06-A01,Calibration Fundamentals,CM-06-003,The calibration relation and the calibration function,knowledge,4,1 2 3 4,draft
CM-06,Calibration Methodology and Practice,core,CM-06-A01,Calibration Fundamentals,CM-06-004,"Calibration points, ranges and coverage of use",knowledge,3,1 2 3,draft
CM-06,Calibration Methodology and Practice,core,CM-06-A01,Calibration Fundamentals,CM-06-005,Reference standard selection and adequacy,judgment,4,1 2 3 4,draft
CM-06,Calibration Methodology and Practice,core,CM-06-A01,Calibration Fundamentals,CM-06-006,Instrument specifications and how to read them critically,judgment,5,1 2 3 4 5,draft
CM-06,Calibration Methodology and Practice,core,CM-06-A01,Calibration Fundamentals,CM-06-007,"Tolerance, specification limit and maximum permissible error",knowledge,4,1 2 3 4,draft
CM-06,Calibration Methodology and Practice,core,CM-06-A01,Calibration Fundamentals,CM-06-008,Calibration in situ versus in a controlled laboratory,judgment,4,1 2 3 4,draft
CM-06,Calibration Methodology and Practice,core,CM-06-A02,Procedure Design and Method Development,CM-06-009,Anatomy of a calibration procedure,skill,4,1 2 3 4,draft
CM-06,Calibration Methodology and Practice,core,CM-06-A02,Procedure Design and Method Development,CM-06-010,Writing a procedure that a competent stranger can execute,skill,5,1 2 3 4 5,draft
CM-06,Calibration Methodology and Practice,core,CM-06-A02,Procedure Design and Method Development,CM-06-011,Selecting a measurement method for the required capability,judgment,5,1 2 3 4 5,draft
CM-06,Calibration Methodology and Practice,core,CM-06-A02,Procedure Design and Method Development,CM-06-012,Number and placement of calibration points,skill,4,1 2 3 4,draft
CM-06,Calibration Methodology and Practice,core,CM-06-A02,Procedure Design and Method Development,CM-06-013,"Repetition, ordering and randomisation within a procedure",skill,4,1 2 3 4,draft
CM-06,Calibration Methodology and Practice,core,CM-06-A02,Procedure Design and Method Development,CM-06-014,"Hysteresis, loading sequence and directional effects",skill,4,1 2 3 4,draft
CM-06,Calibration Methodology and Practice,core,CM-06-A02,Procedure Design and Method Development,CM-06-015,"Stabilisation, soak time and thermal equilibrium",skill,4,1 2 3 4,draft
CM-06,Calibration Methodology and Practice,core,CM-06-A02,Procedure Design and Method Development,CM-06-016,Environmental control and monitoring within a procedure,skill,4,1 2 3 4,draft
CM-06,Calibration Methodology and Practice,core,CM-06-A02,Procedure Design and Method Development,CM-06-017,Adapting a published method to local conditions,judgment,4,1 2 3 4,draft
CM-06,Calibration Methodology and Practice,core,CM-06-A02,Procedure Design and Method Development,CM-06-018,"Procedure review, approval and version control",skill,4,1 2 3 4,draft
CM-06,Calibration Methodology and Practice,core,CM-06-A03,Method Validation and Verification,CM-06-019,Why a method must be validated before use,knowledge,4,1 2 3 4,draft
CM-06,Calibration Methodology and Practice,core,CM-06-A03,Method Validation and Verification,CM-06-020,Validation parameters and acceptance criteria,skill,4,1 2 3 4,draft
CM-06,Calibration Methodology and Practice,core,CM-06-A03,Method Validation and Verification,CM-06-021,Verifying a standard method in your own hands,skill,4,1 2 3 4,draft
CM-06,Calibration Methodology and Practice,core,CM-06-A03,Method Validation and Verification,CM-06-022,Validating a non-standard or in-house method,judgment,5,1 2 3 4 5,draft
CM-06,Calibration Methodology and Practice,core,CM-06-A03,Method Validation and Verification,CM-06-023,Demonstrating that a method achieves its claimed capability,skill,4,1 2 3 4,draft
CM-06,Calibration Methodology and Practice,core,CM-06-A03,Method Validation and Verification,CM-06-024,Revalidation triggers,skill,4,1 2 3 4,draft
CM-06,Calibration Methodology and Practice,core,CM-06-A03,Method Validation and Verification,CM-06-025,Validation records and their evidentiary value,skill,4,1 2 3 4,draft
CM-06,Calibration Methodology and Practice,core,CM-06-A04,"Execution, Adjustment and As-Found Data",CM-06-026,As-found and as-left data and why both are recorded,knowledge,4,1 2 3 4,draft
CM-06,Calibration Methodology and Practice,core,CM-06-A04,"Execution, Adjustment and As-Found Data",CM-06-027,Deciding whether to adjust,judgment,5,1 2 3 4 5,draft
CM-06,Calibration Methodology and Practice,core,CM-06-A04,"Execution, Adjustment and As-Found Data",CM-06-028,Adjustment technique and its own uncertainty,skill,4,1 2 3 4,draft
CM-06,Calibration Methodology and Practice,core,CM-06-A04,"Execution, Adjustment and As-Found Data",CM-06-029,Limited calibration and restricted-range calibration,judgment,4,1 2 3 4,draft
CM-06,Calibration Methodology and Practice,core,CM-06-A04,"Execution, Adjustment and As-Found Data",CM-06-030,Handling an out-of-tolerance finding,judgment,4,1 2 3 4,draft
CM-06,Calibration Methodology and Practice,core,CM-06-A04,"Execution, Adjustment and As-Found Data",CM-06-031,Reverse traceability and impact assessment after an OOT,judgment,4,1 2 3 4,draft
CM-06,Calibration Methodology and Practice,core,CM-06-A04,"Execution, Adjustment and As-Found Data",CM-06-032,Customer notification obligations,knowledge,4,1 2 3 4,draft
CM-06,Calibration Methodology and Practice,core,CM-06-A04,"Execution, Adjustment and As-Found Data",CM-06-033,"Repair, refurbishment and their effect on calibration history",judgment,4,1 2 3 4,draft
CM-06,Calibration Methodology and Practice,core,CM-06-A04,"Execution, Adjustment and As-Found Data",CM-06-034,Recognising a failing instrument from its calibration history,judgment,5,1 2 3 4 5,draft
CM-06,Calibration Methodology and Practice,core,CM-06-A05,Comparison and Transfer Techniques,CM-06-035,Direct comparison methods,skill,4,1 2 3 4,draft
CM-06,Calibration Methodology and Practice,core,CM-06-A05,Comparison and Transfer Techniques,CM-06-036,Substitution and transposition methods,skill,4,1 2 3 4,draft
CM-06,Calibration Methodology and Practice,core,CM-06-A05,Comparison and Transfer Techniques,CM-06-037,Null and balance methods,skill,4,1 2 3 4,draft
CM-06,Calibration Methodology and Practice,core,CM-06-A05,Comparison and Transfer Techniques,CM-06-038,Ratio and bridge techniques,skill,4,1 2 3 4,draft
CM-06,Calibration Methodology and Practice,core,CM-06-A05,Comparison and Transfer Techniques,CM-06-039,Designed comparison schemes for artefact intercomparison,skill,4,1 2 3 4,draft
CM-06,Calibration Methodology and Practice,core,CM-06-A05,Comparison and Transfer Techniques,CM-06-040,Round-robin and circulating artefact studies,skill,4,1 2 3 4,draft
CM-06,Calibration Methodology and Practice,core,CM-06-A05,Comparison and Transfer Techniques,CM-06-041,Self-calibration and closure techniques,skill,4,1 2 3 4,draft
CM-06,Calibration Methodology and Practice,core,CM-06-A05,Comparison and Transfer Techniques,CM-06-042,Cancelling systematic effects by experimental design,judgment,5,1 2 3 4 5,draft
CM-06,Calibration Methodology and Practice,core,CM-06-A06,"Certificates, Records and Reporting",CM-06-043,Required content of a calibration certificate,knowledge,4,1 2 3 4,draft
CM-06,Calibration Methodology and Practice,core,CM-06-A06,"Certificates, Records and Reporting",CM-06-044,"Reporting results, corrections and uncertainties clearly",skill,4,1 2 3 4,draft
CM-06,Calibration Methodology and Practice,core,CM-06-A06,"Certificates, Records and Reporting",CM-06-045,Statements of conformity on a certificate,skill,4,1 2 3 4,draft
CM-06,Calibration Methodology and Practice,core,CM-06-A06,"Certificates, Records and Reporting",CM-06-046,Opinions and interpretations and when they may be given,judgment,5,1 2 3 4 5,draft
CM-06,Calibration Methodology and Practice,core,CM-06-A06,"Certificates, Records and Reporting",CM-06-047,Amending or withdrawing an issued certificate,skill,4,1 2 3 4,draft
CM-06,Calibration Methodology and Practice,core,CM-06-A06,"Certificates, Records and Reporting",CM-06-048,Raw data retention and reconstructability of a result,skill,4,1 2 3 4,draft
CM-06,Calibration Methodology and Practice,core,CM-06-A06,"Certificates, Records and Reporting",CM-06-049,Reviewing a certificate you have received from a supplier,judgment,4,1 2 3 4,draft
CM-06,Calibration Methodology and Practice,core,CM-06-A06,"Certificates, Records and Reporting",CM-06-050,Accreditation body marks and their correct use,knowledge,3,1 2 3,draft
CM-06,Calibration Methodology and Practice,core,CM-06-A07,"Handling, Storage and Transport of Standards",CM-06-051,Handling practices that preserve a standard's value,skill,3,1 2 3,draft
CM-06,Calibration Methodology and Practice,core,CM-06-A07,"Handling, Storage and Transport of Standards",CM-06-052,Storage environment and its monitoring,skill,3,1 2 3,draft
CM-06,Calibration Methodology and Practice,core,CM-06-A07,"Handling, Storage and Transport of Standards",CM-06-053,"Transport, shock and the case for re-verification on arrival",skill,4,1 2 3 4,draft
CM-06,Calibration Methodology and Practice,core,CM-06-A07,"Handling, Storage and Transport of Standards",CM-06-054,"Cleaning, surface condition and contamination",skill,4,1 2 3 4,draft
CM-06,Calibration Methodology and Practice,core,CM-06-A07,"Handling, Storage and Transport of Standards",CM-06-055,"Identification, labelling and status marking",skill,3,1 2 3,draft
CM-06,Calibration Methodology and Practice,core,CM-06-A07,"Handling, Storage and Transport of Standards",CM-06-056,Managing standards that leave the laboratory,judgment,4,1 2 3 4,draft
CM-06,Calibration Methodology and Practice,core,CM-06-A08,"Sourcing, Insourcing and Programme Management",CM-06-057,Deciding what to calibrate in house and what to send out,judgment,5,1 2 3 4 5,draft
CM-06,Calibration Methodology and Practice,core,CM-06-A08,"Sourcing, Insourcing and Programme Management",CM-06-058,Qualifying and monitoring an external calibration supplier,judgment,4,1 2 3 4,draft
CM-06,Calibration Methodology and Practice,core,CM-06-A08,"Sourcing, Insourcing and Programme Management",CM-06-059,Building a calibration programme from a measurement requirement,judgment,5,1 2 3 4 5,draft
CM-06,Calibration Methodology and Practice,core,CM-06-A08,"Sourcing, Insourcing and Programme Management",CM-06-060,"Equipment identification, inventory and status control",skill,4,1 2 3 4,draft
CM-06,Calibration Methodology and Practice,core,CM-06-A08,"Sourcing, Insourcing and Programme Management",CM-06-061,Recall systems and preventing use of overdue equipment,skill,4,1 2 3 4,draft
CM-06,Calibration Methodology and Practice,core,CM-06-A08,"Sourcing, Insourcing and Programme Management",CM-06-062,Equipment criticality classification,judgment,4,1 2 3 4,draft
CM-06,Calibration Methodology and Practice,core,CM-06-A09,Metrological Confirmation and Fitness for Intended Use,CM-06-063,"Calibration, verification and metrological confirmation distinguished",knowledge,4,1 2 3 4,draft
CM-06,Calibration Methodology and Practice,core,CM-06-A09,Metrological Confirmation and Fitness for Intended Use,CM-06-064,Deriving metrological requirements from a measurement process,judgment,5,1 2 3 4 5,draft
CM-06,Calibration Methodology and Practice,core,CM-06-A09,Metrological Confirmation and Fitness for Intended Use,CM-06-065,Comparing instrument capability against metrological requirements,judgment,5,1 2 3 4 5,draft
CM-06,Calibration Methodology and Practice,core,CM-06-A09,Metrological Confirmation and Fitness for Intended Use,CM-06-066,Confirmation criteria and how they are set,judgment,4,1 2 3 4,draft
CM-06,Calibration Methodology and Practice,core,CM-06-A09,Metrological Confirmation and Fitness for Intended Use,CM-06-067,"Confirmation status, labelling and its meaning to a user",skill,4,1 2 3 4,draft
CM-06,Calibration Methodology and Practice,core,CM-06-A09,Metrological Confirmation and Fitness for Intended Use,CM-06-068,Confirmation intervals and their relationship to calibration intervals,judgment,4,1 2 3 4,draft
CM-06,Calibration Methodology and Practice,core,CM-06-A09,Metrological Confirmation and Fitness for Intended Use,CM-06-069,Handling a confirmation failure,judgment,5,1 2 3 4 5,draft
CM-06,Calibration Methodology and Practice,core,CM-06-A09,Metrological Confirmation and Fitness for Intended Use,CM-06-070,"Reconfirmation after repair, adjustment or relocation",judgment,4,1 2 3 4,draft
CM-06,Calibration Methodology and Practice,core,CM-06-A09,Metrological Confirmation and Fitness for Intended Use,CM-06-071,The same instrument confirmed for one process and not another,judgment,5,1 2 3 4 5,draft
CM-06,Calibration Methodology and Practice,core,CM-06-A09,Metrological Confirmation and Fitness for Intended Use,CM-06-072,Confirmation records and their evidentiary role,skill,4,1 2 3 4,draft
CM-06,Calibration Methodology and Practice,core,CM-06-A09,Metrological Confirmation and Fitness for Intended Use,CM-06-073,Designing a metrological confirmation system,judgment,5,1 2 3 4 5,draft
CM-07,Measurement Systems Analysis and Process Capability,core,CM-07-A01,MSA Fundamentals,CM-07-001,What measurement systems analysis is for,knowledge,3,1 2 3,draft
CM-07,Measurement Systems Analysis and Process Capability,core,CM-07-A01,MSA Fundamentals,CM-07-002,Measurement system variation as a component of observed variation,knowledge,4,1 2 3 4,draft
CM-07,Measurement Systems Analysis and Process Capability,core,CM-07-A01,MSA Fundamentals,CM-07-003,"Discrimination, resolution and the number of distinct categories",knowledge,3,1 2 3,draft
CM-07,Measurement Systems Analysis and Process Capability,core,CM-07-A01,MSA Fundamentals,CM-07-004,MSA vocabulary mapped onto VIM and GUM vocabulary,knowledge,5,1 2 3 4 5,draft
CM-07,Measurement Systems Analysis and Process Capability,core,CM-07-A01,MSA Fundamentals,CM-07-005,Relationship between an MSA result and an uncertainty budget,knowledge,5,1 2 3 4 5,draft
CM-07,Measurement Systems Analysis and Process Capability,core,CM-07-A01,MSA Fundamentals,CM-07-006,Choosing which MSA study a situation calls for,judgment,4,1 2 3 4,draft
CM-07,Measurement Systems Analysis and Process Capability,core,CM-07-A01,MSA Fundamentals,CM-07-007,"Planning a study: parts, appraisers, trials and randomisation",skill,4,1 2 3 4,draft
CM-07,Measurement Systems Analysis and Process Capability,core,CM-07-A02,Gauge Repeatability and Reproducibility,CM-07-008,Repeatability and reproducibility in the MSA sense,skill,4,1 2 3 4,draft
CM-07,Measurement Systems Analysis and Process Capability,core,CM-07-A02,Gauge Repeatability and Reproducibility,CM-07-009,Range-and-average method,skill,4,1 2 3 4,draft
CM-07,Measurement Systems Analysis and Process Capability,core,CM-07-A02,Gauge Repeatability and Reproducibility,CM-07-010,ANOVA method for gauge R and R,skill,4,1 2 3 4,draft
CM-07,Measurement Systems Analysis and Process Capability,core,CM-07-A02,Gauge Repeatability and Reproducibility,CM-07-011,Appraiser-by-part interaction,skill,4,1 2 3 4,draft
CM-07,Measurement Systems Analysis and Process Capability,core,CM-07-A02,Gauge Repeatability and Reproducibility,CM-07-012,"Percentage study variation, percentage tolerance and which to use",judgment,5,1 2 3 4 5,draft
CM-07,Measurement Systems Analysis and Process Capability,core,CM-07-A02,Gauge Repeatability and Reproducibility,CM-07-013,Acceptance criteria and their origins,skill,4,1 2 3 4,draft
CM-07,Measurement Systems Analysis and Process Capability,core,CM-07-A02,Gauge Repeatability and Reproducibility,CM-07-014,Part selection and the danger of an unrepresentative sample,judgment,5,1 2 3 4 5,draft
CM-07,Measurement Systems Analysis and Process Capability,core,CM-07-A02,Gauge Repeatability and Reproducibility,CM-07-015,Destructive and non-repeatable measurement studies,skill,4,1 2 3 4,draft
CM-07,Measurement Systems Analysis and Process Capability,core,CM-07-A02,Gauge Repeatability and Reproducibility,CM-07-016,Nested designs for gauge studies,skill,4,1 2 3 4,draft
CM-07,Measurement Systems Analysis and Process Capability,core,CM-07-A02,Gauge Repeatability and Reproducibility,CM-07-017,Interpreting and acting on a failing study,judgment,5,1 2 3 4 5,draft
CM-07,Measurement Systems Analysis and Process Capability,core,CM-07-A03,"Bias, Linearity and Stability Studies",CM-07-018,Bias studies and reference value selection,skill,4,1 2 3 4,draft
CM-07,Measurement Systems Analysis and Process Capability,core,CM-07-A03,"Bias, Linearity and Stability Studies",CM-07-019,Linearity across the operating range,skill,4,1 2 3 4,draft
CM-07,Measurement Systems Analysis and Process Capability,core,CM-07-A03,"Bias, Linearity and Stability Studies",CM-07-020,Stability studies over time,skill,4,1 2 3 4,draft
CM-07,Measurement Systems Analysis and Process Capability,core,CM-07-A03,"Bias, Linearity and Stability Studies",CM-07-021,Distinguishing gauge drift from process drift,judgment,4,1 2 3 4,draft
CM-07,Measurement Systems Analysis and Process Capability,core,CM-07-A03,"Bias, Linearity and Stability Studies",CM-07-022,Statistical significance of a measured bias,skill,4,1 2 3 4,draft
CM-07,Measurement Systems Analysis and Process Capability,core,CM-07-A03,"Bias, Linearity and Stability Studies",CM-07-023,Correcting for bias versus tolerating it,judgment,4,1 2 3 4,draft
CM-07,Measurement Systems Analysis and Process Capability,core,CM-07-A04,Attribute and Categorical Measurement Systems,CM-07-024,Attribute measurement systems and where they arise,knowledge,3,1 2 3,draft
CM-07,Measurement Systems Analysis and Process Capability,core,CM-07-A04,Attribute and Categorical Measurement Systems,CM-07-025,Attribute agreement analysis,skill,4,1 2 3 4,draft
CM-07,Measurement Systems Analysis and Process Capability,core,CM-07-A04,Attribute and Categorical Measurement Systems,CM-07-026,Kappa statistics and agreement measures,skill,4,1 2 3 4,draft
CM-07,Measurement Systems Analysis and Process Capability,core,CM-07-A04,Attribute and Categorical Measurement Systems,CM-07-027,Signal detection and the gray zone near a limit,skill,4,1 2 3 4,draft
CM-07,Measurement Systems Analysis and Process Capability,core,CM-07-A04,Attribute and Categorical Measurement Systems,CM-07-028,Visual inspection as a measurement system,skill,4,1 2 3 4,draft
CM-07,Measurement Systems Analysis and Process Capability,core,CM-07-A05,Process Capability,CM-07-029,Capability indices and their assumptions,skill,4,1 2 3 4,draft
CM-07,Measurement Systems Analysis and Process Capability,core,CM-07-A05,Process Capability,CM-07-030,"Cp, Cpk, Pp and Ppk distinguished",skill,4,1 2 3 4,draft
CM-07,Measurement Systems Analysis and Process Capability,core,CM-07-A05,Process Capability,CM-07-031,Capability for non-normal processes,skill,4,1 2 3 4,draft
CM-07,Measurement Systems Analysis and Process Capability,core,CM-07-A05,Process Capability,CM-07-032,The effect of measurement variation on an apparent capability,judgment,5,1 2 3 4 5,draft
CM-07,Measurement Systems Analysis and Process Capability,core,CM-07-A05,Process Capability,CM-07-033,"Capability, tolerance and specification setting",judgment,4,1 2 3 4,draft
CM-07,Measurement Systems Analysis and Process Capability,core,CM-07-A05,Process Capability,CM-07-034,Short-run and small-sample capability estimation,skill,4,1 2 3 4,draft
CM-07,Measurement Systems Analysis and Process Capability,core,CM-07-A06,MSA in Regulated and Sector Contexts,CM-07-035,Automotive sector expectations for MSA,knowledge,4,1 2 3 4,draft
CM-07,Measurement Systems Analysis and Process Capability,core,CM-07-A06,MSA in Regulated and Sector Contexts,CM-07-036,Aerospace and defence expectations,knowledge,4,1 2 3 4,draft
CM-07,Measurement Systems Analysis and Process Capability,core,CM-07-A06,MSA in Regulated and Sector Contexts,CM-07-037,Medical device and pharmaceutical expectations,knowledge,4,1 2 3 4,draft
CM-07,Measurement Systems Analysis and Process Capability,core,CM-07-A06,MSA in Regulated and Sector Contexts,CM-07-038,Reconciling a customer-mandated MSA method with sound practice,judgment,4,1 2 3 4,draft
CM-07,Measurement Systems Analysis and Process Capability,core,CM-07-A06,MSA in Regulated and Sector Contexts,CM-07-039,Automated and in-line measurement system evaluation,knowledge,4,1 2 3 4,draft
CM-07,Measurement Systems Analysis and Process Capability,core,CM-07-A06,MSA in Regulated and Sector Contexts,CM-07-040,Presenting MSA results to a production audience,skill,4,1 2 3 4,draft
CM-07,Measurement Systems Analysis and Process Capability,core,CM-07-A07,Measurement Assurance and Measurement Process Control,CM-07-041,Purpose and principles of measurement assurance,knowledge,4,1 2 3 4,draft
CM-07,Measurement Systems Analysis and Process Capability,core,CM-07-A07,Measurement Assurance and Measurement Process Control,CM-07-042,Measurement assurance contrasted with calibration,knowledge,4,1 2 3 4,draft
CM-07,Measurement Systems Analysis and Process Capability,core,CM-07-A07,Measurement Assurance and Measurement Process Control,CM-07-043,Measurement assurance contrasted with measurement systems analysis,knowledge,4,1 2 3 4,draft
CM-07,Measurement Systems Analysis and Process Capability,core,CM-07-A07,Measurement Assurance and Measurement Process Control,CM-07-044,Check standards and reference artefacts as assurance instruments,judgment,4,1 2 3 4,draft
CM-07,Measurement Systems Analysis and Process Capability,core,CM-07-A07,Measurement Assurance and Measurement Process Control,CM-07-045,Selecting a check standard sensitive to the failure modes that matter,judgment,5,1 2 3 4 5,draft
CM-07,Measurement Systems Analysis and Process Capability,core,CM-07-A07,Measurement Assurance and Measurement Process Control,CM-07-046,Control charting a measurement process,skill,4,1 2 3 4,draft
CM-07,Measurement Systems Analysis and Process Capability,core,CM-07-A07,Measurement Assurance and Measurement Process Control,CM-07-047,Establishing control limits for measurement assurance,judgment,5,1 2 3 4 5,draft
CM-07,Measurement Systems Analysis and Process Capability,core,CM-07-A07,Measurement Assurance and Measurement Process Control,CM-07-048,Measurement assurance frequency and interval,judgment,4,1 2 3 4,draft
CM-07,Measurement Systems Analysis and Process Capability,core,CM-07-A07,Measurement Assurance and Measurement Process Control,CM-07-049,Trend and drift detection from assurance data,skill,4,1 2 3 4,draft
CM-07,Measurement Systems Analysis and Process Capability,core,CM-07-A07,Measurement Assurance and Measurement Process Control,CM-07-050,Environmental and operator contributions to assurance data,judgment,4,1 2 3 4,draft
CM-07,Measurement Systems Analysis and Process Capability,core,CM-07-A07,Measurement Assurance and Measurement Process Control,CM-07-051,Responding to an out-of-control measurement process,judgment,5,1 2 3 4 5,draft
CM-07,Measurement Systems Analysis and Process Capability,core,CM-07-A07,Measurement Assurance and Measurement Process Control,CM-07-052,Impact assessment on results produced while out of control,judgment,5,1 2 3 4 5,draft
CM-07,Measurement Systems Analysis and Process Capability,core,CM-07-A07,Measurement Assurance and Measurement Process Control,CM-07-053,Designing a measurement assurance programme,judgment,5,1 2 3 4 5,draft
CM-07,Measurement Systems Analysis and Process Capability,core,CM-07-A07,Measurement Assurance and Measurement Process Control,CM-07-054,Measurement assurance for automated and continuous systems,judgment,4,1 2 3 4,draft
CM-07,Measurement Systems Analysis and Process Capability,core,CM-07-A07,Measurement Assurance and Measurement Process Control,CM-07-055,Assurance evidence for an accreditation assessment,skill,4,1 2 3 4,draft
CM-07,Measurement Systems Analysis and Process Capability,core,CM-07-A07,Measurement Assurance and Measurement Process Control,CM-07-056,Interlaboratory comparison as an assurance mechanism,skill,4,1 2 3 4,draft
CM-08,"Measurement Decision Risk, Guardbanding and Conformity Assessment",core,CM-08-A01,Conformity Assessment Fundamentals,CM-08-001,Conformity assessment and the role of measurement within it,knowledge,3,1 2 3,draft
CM-08,"Measurement Decision Risk, Guardbanding and Conformity Assessment",core,CM-08-A01,Conformity Assessment Fundamentals,CM-08-002,"Specification limits, tolerance and the acceptance interval",knowledge,4,1 2 3 4,draft
CM-08,"Measurement Decision Risk, Guardbanding and Conformity Assessment",core,CM-08-A01,Conformity Assessment Fundamentals,CM-08-003,Why a result on the limit is not a decision,knowledge,4,1 2 3 4,draft
CM-08,"Measurement Decision Risk, Guardbanding and Conformity Assessment",core,CM-08-A01,Conformity Assessment Fundamentals,CM-08-004,Conformance and non-conformance as probabilistic statements,knowledge,5,1 2 3 4 5,draft
CM-08,"Measurement Decision Risk, Guardbanding and Conformity Assessment",core,CM-08-A01,Conformity Assessment Fundamentals,CM-08-005,"Who owns the decision: laboratory, customer or regulator",judgment,4,1 2 3 4,draft
CM-08,"Measurement Decision Risk, Guardbanding and Conformity Assessment",core,CM-08-A01,Conformity Assessment Fundamentals,CM-08-006,Consequences of a wrong decision and their asymmetry,judgment,5,1 2 3 4 5,draft
CM-08,"Measurement Decision Risk, Guardbanding and Conformity Assessment",core,CM-08-A02,Decision Rules,CM-08-007,What a decision rule must specify,knowledge,4,1 2 3 4,draft
CM-08,"Measurement Decision Risk, Guardbanding and Conformity Assessment",core,CM-08-A02,Decision Rules,CM-08-008,Simple acceptance and shared risk,judgment,4,1 2 3 4,draft
CM-08,"Measurement Decision Risk, Guardbanding and Conformity Assessment",core,CM-08-A02,Decision Rules,CM-08-009,Binary and non-binary decision rules,judgment,4,1 2 3 4,draft
CM-08,"Measurement Decision Risk, Guardbanding and Conformity Assessment",core,CM-08-A02,Decision Rules,CM-08-010,Decision rules under ISO/IEC 17025 clause 7.8.6,knowledge,4,1 2 3 4,draft
CM-08,"Measurement Decision Risk, Guardbanding and Conformity Assessment",core,CM-08-A02,Decision Rules,CM-08-011,ILAC-G8 guidance on statements of conformity,knowledge,4,1 2 3 4,draft
CM-08,"Measurement Decision Risk, Guardbanding and Conformity Assessment",core,CM-08-A02,Decision Rules,CM-08-012,ISO 14253-1 decision rules in dimensional inspection,knowledge,4,1 2 3 4,draft
CM-08,"Measurement Decision Risk, Guardbanding and Conformity Assessment",core,CM-08-A02,Decision Rules,CM-08-013,Agreeing a decision rule with a customer in advance,judgment,5,1 2 3 4 5,draft
CM-08,"Measurement Decision Risk, Guardbanding and Conformity Assessment",core,CM-08-A02,Decision Rules,CM-08-014,Documenting a decision rule so it is auditable,judgment,4,1 2 3 4,draft
CM-08,"Measurement Decision Risk, Guardbanding and Conformity Assessment",core,CM-08-A02,Decision Rules,CM-08-015,Reporting a conformity statement with its decision rule,skill,4,1 2 3 4,draft
CM-08,"Measurement Decision Risk, Guardbanding and Conformity Assessment",core,CM-08-A03,Measurement Decision Risk Theory,CM-08-016,False accept and false reject risk defined,knowledge,4,1 2 3 4,draft
CM-08,"Measurement Decision Risk, Guardbanding and Conformity Assessment",core,CM-08-A03,Measurement Decision Risk Theory,CM-08-017,Consumer risk and producer risk,knowledge,4,1 2 3 4,draft
CM-08,"Measurement Decision Risk, Guardbanding and Conformity Assessment",core,CM-08-A03,Measurement Decision Risk Theory,CM-08-018,Specific risk contrasted with global risk,knowledge,5,1 2 3 4 5,draft
CM-08,"Measurement Decision Risk, Guardbanding and Conformity Assessment",core,CM-08-A03,Measurement Decision Risk Theory,CM-08-019,The prior distribution of the measurand and where it comes from,judgment,5,1 2 3 4 5,draft
CM-08,"Measurement Decision Risk, Guardbanding and Conformity Assessment",core,CM-08-A03,Measurement Decision Risk Theory,CM-08-020,In-tolerance probability and end-of-period reliability as priors,skill,5,1 2 3 4 5,draft
CM-08,"Measurement Decision Risk, Guardbanding and Conformity Assessment",core,CM-08-A03,Measurement Decision Risk Theory,CM-08-021,Computing false accept risk,skill,5,1 2 3 4 5,draft
CM-08,"Measurement Decision Risk, Guardbanding and Conformity Assessment",core,CM-08-A03,Measurement Decision Risk Theory,CM-08-022,Computing false reject risk,skill,4,1 2 3 4,draft
CM-08,"Measurement Decision Risk, Guardbanding and Conformity Assessment",core,CM-08-A03,Measurement Decision Risk Theory,CM-08-023,Sensitivity of computed risk to prior assumptions,judgment,5,1 2 3 4 5,draft
CM-08,"Measurement Decision Risk, Guardbanding and Conformity Assessment",core,CM-08-A03,Measurement Decision Risk Theory,CM-08-024,Risk analysis under JCGM 106,skill,4,1 2 3 4,draft
CM-08,"Measurement Decision Risk, Guardbanding and Conformity Assessment",core,CM-08-A03,Measurement Decision Risk Theory,CM-08-025,Bayesian formulation of measurement decision risk,skill,5,1 2 3 4 5,draft
CM-08,"Measurement Decision Risk, Guardbanding and Conformity Assessment",core,CM-08-A04,Guardbanding,CM-08-026,What a guardband is and what it buys,knowledge,4,1 2 3 4,draft
CM-08,"Measurement Decision Risk, Guardbanding and Conformity Assessment",core,CM-08-A04,Guardbanding,CM-08-027,Guardbanding to a target false accept risk,skill,5,1 2 3 4 5,draft
CM-08,"Measurement Decision Risk, Guardbanding and Conformity Assessment",core,CM-08-A04,Guardbanding,CM-08-028,The RDS and other common guardband multipliers,skill,4,1 2 3 4,draft
CM-08,"Measurement Decision Risk, Guardbanding and Conformity Assessment",core,CM-08-A04,Guardbanding,CM-08-029,Guardbanding by a fixed fraction of expanded uncertainty,skill,4,1 2 3 4,draft
CM-08,"Measurement Decision Risk, Guardbanding and Conformity Assessment",core,CM-08-A04,Guardbanding,CM-08-030,Asymmetric guardbands,skill,4,1 2 3 4,draft
CM-08,"Measurement Decision Risk, Guardbanding and Conformity Assessment",core,CM-08-A04,Guardbanding,CM-08-031,The cost of guardbanding: false rejects and rework,judgment,5,1 2 3 4 5,draft
CM-08,"Measurement Decision Risk, Guardbanding and Conformity Assessment",core,CM-08-A04,Guardbanding,CM-08-032,Guardbanding in a multi-parameter calibration,skill,4,1 2 3 4,draft
CM-08,"Measurement Decision Risk, Guardbanding and Conformity Assessment",core,CM-08-A04,Guardbanding,CM-08-033,Explaining a guardband to a customer who sees only failed units,judgment,4,1 2 3 4,draft
CM-08,"Measurement Decision Risk, Guardbanding and Conformity Assessment",core,CM-08-A05,Accuracy Ratios and Legacy Approaches,CM-08-034,Test uncertainty ratio and test accuracy ratio,knowledge,4,1 2 3 4,draft
CM-08,"Measurement Decision Risk, Guardbanding and Conformity Assessment",core,CM-08-A05,Accuracy Ratios and Legacy Approaches,CM-08-035,The 4:1 ratio requirement and its origins,knowledge,4,1 2 3 4,draft
CM-08,"Measurement Decision Risk, Guardbanding and Conformity Assessment",core,CM-08-A05,Accuracy Ratios and Legacy Approaches,CM-08-036,What a ratio rule assumes and when those assumptions fail,judgment,4,1 2 3 4,draft
CM-08,"Measurement Decision Risk, Guardbanding and Conformity Assessment",core,CM-08-A05,Accuracy Ratios and Legacy Approaches,CM-08-037,ANSI/NCSL Z540-1: withdrawn status and continuing contractual use,knowledge,4,1 2 3 4,draft
CM-08,"Measurement Decision Risk, Guardbanding and Conformity Assessment",core,CM-08-A05,Accuracy Ratios and Legacy Approaches,CM-08-038,"ANSI/NCSLI Z540.3 false accept risk: the requirement, its withdrawal, and where it still binds",knowledge,5,1 2 3 4 5,draft
CM-08,"Measurement Decision Risk, Guardbanding and Conformity Assessment",core,CM-08-A05,Accuracy Ratios and Legacy Approaches,CM-08-039,Migrating a programme from a ratio rule to a risk-based rule,judgment,4,1 2 3 4,draft
CM-08,"Measurement Decision Risk, Guardbanding and Conformity Assessment",core,CM-08-A05,Accuracy Ratios and Legacy Approaches,CM-08-040,Demonstrating compliance when the ratio cannot be met,judgment,4,1 2 3 4,draft
CM-08,"Measurement Decision Risk, Guardbanding and Conformity Assessment",core,CM-08-A06,"Risk in Regulation, Sampling and Systems",CM-08-041,Sampling inspection and its interaction with measurement risk,judgment,4,1 2 3 4,draft
CM-08,"Measurement Decision Risk, Guardbanding and Conformity Assessment",core,CM-08-A06,"Risk in Regulation, Sampling and Systems",CM-08-042,Risk-based thinking in ISO 9001 and ISO/IEC 17025,knowledge,4,1 2 3 4,draft
CM-08,"Measurement Decision Risk, Guardbanding and Conformity Assessment",core,CM-08-A06,"Risk in Regulation, Sampling and Systems",CM-08-043,Measurement risk in safety-critical and regulated products,judgment,4,1 2 3 4,draft
CM-08,"Measurement Decision Risk, Guardbanding and Conformity Assessment",core,CM-08-A06,"Risk in Regulation, Sampling and Systems",CM-08-044,Legal metrology and conformity in trade,knowledge,4,1 2 3 4,draft
CM-08,"Measurement Decision Risk, Guardbanding and Conformity Assessment",core,CM-08-A06,"Risk in Regulation, Sampling and Systems",CM-08-045,Aggregating measurement risk across a process chain,judgment,5,1 2 3 4 5,draft
CM-08,"Measurement Decision Risk, Guardbanding and Conformity Assessment",core,CM-08-A06,"Risk in Regulation, Sampling and Systems",CM-08-046,Building the economic case for a measurement capability improvement,judgment,5,1 2 3 4 5,draft
CM-09,Calibration Intervals and Measurement Reliability,core,CM-09-A01,Interval Fundamentals,CM-09-001,What a calibration interval is meant to control,knowledge,3,1 2 3,draft
CM-09,Calibration Intervals and Measurement Reliability,core,CM-09-A01,Interval Fundamentals,CM-09-002,Measurement reliability and the reliability target,knowledge,5,1 2 3 4 5,draft
CM-09,Calibration Intervals and Measurement Reliability,core,CM-09-A01,Interval Fundamentals,CM-09-003,End-of-period reliability and average-over-period reliability,knowledge,4,1 2 3 4,draft
CM-09,Calibration Intervals and Measurement Reliability,core,CM-09-A01,Interval Fundamentals,CM-09-004,Choosing a reliability target from the consequences of failure,judgment,5,1 2 3 4 5,draft
CM-09,Calibration Intervals and Measurement Reliability,core,CM-09-A01,Interval Fundamentals,CM-09-005,"Interval by time, by usage, by event, and hybrid schemes",knowledge,4,1 2 3 4,draft
CM-09,Calibration Intervals and Measurement Reliability,core,CM-09-A01,Interval Fundamentals,CM-09-006,Why inherited default intervals are indefensible,judgment,4,1 2 3 4,draft
CM-09,Calibration Intervals and Measurement Reliability,core,CM-09-A01,Interval Fundamentals,CM-09-007,Initial interval assignment for a new instrument type,judgment,4,1 2 3 4,draft
CM-09,Calibration Intervals and Measurement Reliability,core,CM-09-A02,Data Foundations,CM-09-008,As-found data as the raw material of interval analysis,skill,4,1 2 3 4,draft
CM-09,Calibration Intervals and Measurement Reliability,core,CM-09-A02,Data Foundations,CM-09-009,In-tolerance and out-of-tolerance classification and its ambiguities,judgment,4,1 2 3 4,draft
CM-09,Calibration Intervals and Measurement Reliability,core,CM-09-A02,Data Foundations,CM-09-010,Homogeneous groupings of instruments,skill,5,1 2 3 4 5,draft
CM-09,Calibration Intervals and Measurement Reliability,core,CM-09-A02,Data Foundations,CM-09-011,Data sufficiency and how much history is enough,judgment,5,1 2 3 4 5,draft
CM-09,Calibration Intervals and Measurement Reliability,core,CM-09-A02,Data Foundations,CM-09-012,"Censoring, truncation and missing observations in interval data",skill,4,1 2 3 4,draft
CM-09,Calibration Intervals and Measurement Reliability,core,CM-09-A02,Data Foundations,CM-09-013,Data quality problems that invalidate an analysis,judgment,4,1 2 3 4,draft
CM-09,Calibration Intervals and Measurement Reliability,core,CM-09-A02,Data Foundations,CM-09-014,"Recording renewal, repair and adjustment events correctly",skill,4,1 2 3 4,draft
CM-09,Calibration Intervals and Measurement Reliability,core,CM-09-A03,Interval Analysis Methods,CM-09-015,Reactive methods: simple response to observed failures,skill,4,1 2 3 4,draft
CM-09,Calibration Intervals and Measurement Reliability,core,CM-09-A03,Interval Analysis Methods,CM-09-016,Method A1 and A2 style incremental adjustment,skill,4,1 2 3 4,draft
CM-09,Calibration Intervals and Measurement Reliability,core,CM-09-A03,Interval Analysis Methods,CM-09-017,Binomial and attribute-based interval methods,skill,4,1 2 3 4,draft
CM-09,Calibration Intervals and Measurement Reliability,core,CM-09-A03,Interval Analysis Methods,CM-09-018,Reliability modelling and the choice of a reliability function,skill,5,1 2 3 4 5,draft
CM-09,Calibration Intervals and Measurement Reliability,core,CM-09-A03,Interval Analysis Methods,CM-09-019,"Exponential, Weibull and other reliability models",skill,4,1 2 3 4,draft
CM-09,Calibration Intervals and Measurement Reliability,core,CM-09-A03,Interval Analysis Methods,CM-09-020,Maximum likelihood fitting of a reliability model,skill,5,1 2 3 4 5,draft
CM-09,Calibration Intervals and Measurement Reliability,core,CM-09-A03,Interval Analysis Methods,CM-09-021,Variables-data methods using observed drift,skill,4,1 2 3 4,draft
CM-09,Calibration Intervals and Measurement Reliability,core,CM-09-A03,Interval Analysis Methods,CM-09-022,Drift modelling and projection to a tolerance limit,skill,5,1 2 3 4 5,draft
CM-09,Calibration Intervals and Measurement Reliability,core,CM-09-A03,Interval Analysis Methods,CM-09-023,Bayesian interval estimation with sparse data,skill,4,1 2 3 4,draft
CM-09,Calibration Intervals and Measurement Reliability,core,CM-09-A03,Interval Analysis Methods,CM-09-024,Selecting a method appropriate to the data available,judgment,5,1 2 3 4 5,draft
CM-09,Calibration Intervals and Measurement Reliability,core,CM-09-A04,Programme Operation and Governance,CM-09-025,Establishing an interval analysis programme,judgment,4,1 2 3 4,draft
CM-09,Calibration Intervals and Measurement Reliability,core,CM-09-A04,Programme Operation and Governance,CM-09-026,Review cadence and adjustment governance,skill,4,1 2 3 4,draft
CM-09,Calibration Intervals and Measurement Reliability,core,CM-09-A04,Programme Operation and Governance,CM-09-027,Extending an interval and the evidence required,judgment,5,1 2 3 4 5,draft
CM-09,Calibration Intervals and Measurement Reliability,core,CM-09-A04,Programme Operation and Governance,CM-09-028,Shortening an interval and responding to a failure cluster,judgment,4,1 2 3 4,draft
CM-09,Calibration Intervals and Measurement Reliability,core,CM-09-A04,Programme Operation and Governance,CM-09-029,Instrument-specific intervals versus group intervals,judgment,4,1 2 3 4,draft
CM-09,Calibration Intervals and Measurement Reliability,core,CM-09-A04,Programme Operation and Governance,CM-09-030,Interval requirements imposed by customers and regulators,knowledge,4,1 2 3 4,draft
CM-09,Calibration Intervals and Measurement Reliability,core,CM-09-A04,Programme Operation and Governance,CM-09-031,Defending an interval decision to an assessor,judgment,5,1 2 3 4 5,draft
CM-09,Calibration Intervals and Measurement Reliability,core,CM-09-A04,Programme Operation and Governance,CM-09-032,Cost and availability consequences of interval policy,judgment,4,1 2 3 4,draft
CM-09,Calibration Intervals and Measurement Reliability,core,CM-09-A05,Adjacent Reliability Concepts,CM-09-033,"Failure rate, hazard function and the bathtub curve",knowledge,4,1 2 3 4,draft
CM-09,Calibration Intervals and Measurement Reliability,core,CM-09-A05,Adjacent Reliability Concepts,CM-09-034,Mean time between failures and its misuse,knowledge,4,1 2 3 4,draft
CM-09,Calibration Intervals and Measurement Reliability,core,CM-09-A05,Adjacent Reliability Concepts,CM-09-035,"Stress, usage and environment as accelerating factors",knowledge,4,1 2 3 4,draft
CM-09,Calibration Intervals and Measurement Reliability,core,CM-09-A05,Adjacent Reliability Concepts,CM-09-036,Condition monitoring and predictive maintenance applied to standards,skill,4,1 2 3 4,draft
CM-09,Calibration Intervals and Measurement Reliability,core,CM-09-A05,Adjacent Reliability Concepts,CM-09-037,Intermediate checks between calibrations,skill,4,1 2 3 4,draft
CM-09,Calibration Intervals and Measurement Reliability,core,CM-09-A05,Adjacent Reliability Concepts,CM-09-038,Designing an intermediate check that would actually detect drift,judgment,5,1 2 3 4 5,draft
CM-10,Quality Management Systems and Accreditation,core,CM-10-A01,Management System Fundamentals,CM-10-001,What a management system is and what it is for,knowledge,3,1 2 3,draft
CM-10,Quality Management Systems and Accreditation,core,CM-10-A01,Management System Fundamentals,CM-10-002,Process approach and the plan-do-check-act cycle,knowledge,3,1 2 3,draft
CM-10,Quality Management Systems and Accreditation,core,CM-10-A01,Management System Fundamentals,CM-10-003,Documented information: what must be controlled and why,knowledge,4,1 2 3 4,draft
CM-10,Quality Management Systems and Accreditation,core,CM-10-A01,Management System Fundamentals,CM-10-004,Document control and version integrity,knowledge,4,1 2 3 4,draft
CM-10,Quality Management Systems and Accreditation,core,CM-10-A01,Management System Fundamentals,CM-10-005,"Records, retention and retrievability",knowledge,4,1 2 3 4,draft
CM-10,Quality Management Systems and Accreditation,core,CM-10-A01,Management System Fundamentals,CM-10-006,Risk-based thinking in a laboratory context,knowledge,4,1 2 3 4,draft
CM-10,Quality Management Systems and Accreditation,core,CM-10-A01,Management System Fundamentals,CM-10-007,Writing a procedure people will actually follow,skill,4,1 2 3 4,draft
CM-10,Quality Management Systems and Accreditation,core,CM-10-A01,Management System Fundamentals,CM-10-008,Management system architecture and the cost of over-documentation,judgment,5,1 2 3 4 5,draft
CM-10,Quality Management Systems and Accreditation,core,CM-10-A02,ISO/IEC 17025 Structural and Resource Requirements,CM-10-009,"Scope, structure and intent of ISO/IEC 17025:2017",knowledge,3,1 2 3,draft
CM-10,Quality Management Systems and Accreditation,core,CM-10-A02,ISO/IEC 17025 Structural and Resource Requirements,CM-10-010,Impartiality and its identification and mitigation,judgment,5,1 2 3 4 5,draft
CM-10,Quality Management Systems and Accreditation,core,CM-10-A02,ISO/IEC 17025 Structural and Resource Requirements,CM-10-011,Confidentiality obligations,knowledge,4,1 2 3 4,draft
CM-10,Quality Management Systems and Accreditation,core,CM-10-A02,ISO/IEC 17025 Structural and Resource Requirements,CM-10-012,Structural requirements and defining the laboratory,knowledge,4,1 2 3 4,draft
CM-10,Quality Management Systems and Accreditation,core,CM-10-A02,ISO/IEC 17025 Structural and Resource Requirements,CM-10-013,Personnel competence requirements,knowledge,5,1 2 3 4 5,draft
CM-10,Quality Management Systems and Accreditation,core,CM-10-A02,ISO/IEC 17025 Structural and Resource Requirements,CM-10-014,Competence records and demonstrating competence,skill,4,1 2 3 4,draft
CM-10,Quality Management Systems and Accreditation,core,CM-10-A02,ISO/IEC 17025 Structural and Resource Requirements,CM-10-015,Authorisation of personnel for specific activities,judgment,4,1 2 3 4,draft
CM-10,Quality Management Systems and Accreditation,core,CM-10-A02,ISO/IEC 17025 Structural and Resource Requirements,CM-10-016,Facilities and environmental condition requirements,knowledge,4,1 2 3 4,draft
CM-10,Quality Management Systems and Accreditation,core,CM-10-A02,ISO/IEC 17025 Structural and Resource Requirements,CM-10-017,Equipment requirements and metrological traceability obligations,knowledge,4,1 2 3 4,draft
CM-10,Quality Management Systems and Accreditation,core,CM-10-A02,ISO/IEC 17025 Structural and Resource Requirements,CM-10-018,Externally provided products and services,knowledge,4,1 2 3 4,draft
CM-10,Quality Management Systems and Accreditation,core,CM-10-A03,ISO/IEC 17025 Process Requirements,CM-10-019,"Review of requests, tenders and contracts",knowledge,4,1 2 3 4,draft
CM-10,Quality Management Systems and Accreditation,core,CM-10-A03,ISO/IEC 17025 Process Requirements,CM-10-020,"Selection, verification and validation of methods",knowledge,4,1 2 3 4,draft
CM-10,Quality Management Systems and Accreditation,core,CM-10-A03,ISO/IEC 17025 Process Requirements,CM-10-021,Sampling requirements,knowledge,3,1 2 3,draft
CM-10,Quality Management Systems and Accreditation,core,CM-10-A03,ISO/IEC 17025 Process Requirements,CM-10-022,Handling of test and calibration items,knowledge,4,1 2 3 4,draft
CM-10,Quality Management Systems and Accreditation,core,CM-10-A03,ISO/IEC 17025 Process Requirements,CM-10-023,Technical records and their reconstructability,skill,4,1 2 3 4,draft
CM-10,Quality Management Systems and Accreditation,core,CM-10-A03,ISO/IEC 17025 Process Requirements,CM-10-024,Evaluation of measurement uncertainty as a clause requirement,knowledge,4,1 2 3 4,draft
CM-10,Quality Management Systems and Accreditation,core,CM-10-A03,ISO/IEC 17025 Process Requirements,CM-10-025,Ensuring the validity of results and quality control practice,skill,5,1 2 3 4 5,draft
CM-10,Quality Management Systems and Accreditation,core,CM-10-A03,ISO/IEC 17025 Process Requirements,CM-10-026,Reporting of results,knowledge,4,1 2 3 4,draft
CM-10,Quality Management Systems and Accreditation,core,CM-10-A03,ISO/IEC 17025 Process Requirements,CM-10-027,Statements of conformity and decision rules as a clause requirement,knowledge,4,1 2 3 4,draft
CM-10,Quality Management Systems and Accreditation,core,CM-10-A03,ISO/IEC 17025 Process Requirements,CM-10-028,Complaints handling,knowledge,3,1 2 3,draft
CM-10,Quality Management Systems and Accreditation,core,CM-10-A03,ISO/IEC 17025 Process Requirements,CM-10-029,Nonconforming work and its control,judgment,4,1 2 3 4,draft
CM-10,Quality Management Systems and Accreditation,core,CM-10-A03,ISO/IEC 17025 Process Requirements,CM-10-030,Control of data and information management,knowledge,4,1 2 3 4,draft
CM-10,Quality Management Systems and Accreditation,core,CM-10-A04,Management System Requirements and Continual Improvement,CM-10-031,Options A and B for management system implementation,knowledge,4,1 2 3 4,draft
CM-10,Quality Management Systems and Accreditation,core,CM-10-A04,Management System Requirements and Continual Improvement,CM-10-032,Internal audit programme,skill,4,1 2 3 4,draft
CM-10,Quality Management Systems and Accreditation,core,CM-10-A04,Management System Requirements and Continual Improvement,CM-10-033,Management review inputs and outputs,skill,4,1 2 3 4,draft
CM-10,Quality Management Systems and Accreditation,core,CM-10-A04,Management System Requirements and Continual Improvement,CM-10-034,Corrective action and root cause analysis,judgment,5,1 2 3 4 5,draft
CM-10,Quality Management Systems and Accreditation,core,CM-10-A04,Management System Requirements and Continual Improvement,CM-10-035,Distinguishing correction from corrective action,knowledge,4,1 2 3 4,draft
CM-10,Quality Management Systems and Accreditation,core,CM-10-A04,Management System Requirements and Continual Improvement,CM-10-036,Improvement and customer feedback,skill,4,1 2 3 4,draft
CM-10,Quality Management Systems and Accreditation,core,CM-10-A04,Management System Requirements and Continual Improvement,CM-10-037,Effectiveness measurement and meaningful quality objectives,judgment,4,1 2 3 4,draft
CM-10,Quality Management Systems and Accreditation,core,CM-10-A05,Accreditation in Practice,CM-10-038,What accreditation is and what it is not,knowledge,3,1 2 3,draft
CM-10,Quality Management Systems and Accreditation,core,CM-10-A05,Accreditation in Practice,CM-10-039,Scope of accreditation: construction and meaning,knowledge,5,1 2 3 4 5,draft
CM-10,Quality Management Systems and Accreditation,core,CM-10-A05,Accreditation in Practice,CM-10-040,Flexible scope and its obligations,judgment,4,1 2 3 4,draft
CM-10,Quality Management Systems and Accreditation,core,CM-10-A05,Accreditation in Practice,CM-10-041,The accreditation lifecycle: application to surveillance to renewal,knowledge,3,1 2 3,draft
CM-10,Quality Management Systems and Accreditation,core,CM-10-A05,Accreditation in Practice,CM-10-042,Preparing a laboratory for assessment,judgment,4,1 2 3 4,draft
CM-10,Quality Management Systems and Accreditation,core,CM-10-A05,Accreditation in Practice,CM-10-043,Responding to findings and nonconformities,judgment,4,1 2 3 4,draft
CM-10,Quality Management Systems and Accreditation,core,CM-10-A05,Accreditation in Practice,CM-10-044,Proficiency testing participation requirements,knowledge,4,1 2 3 4,draft
CM-10,Quality Management Systems and Accreditation,core,CM-10-A05,Accreditation in Practice,CM-10-045,ILAC and IAF arrangements and cross-border recognition,knowledge,4,1 2 3 4,draft
CM-10,Quality Management Systems and Accreditation,core,CM-10-A05,Accreditation in Practice,CM-10-046,"Suspension, withdrawal and reduction of scope",knowledge,4,1 2 3 4,draft
CM-10,Quality Management Systems and Accreditation,core,CM-10-A05,Accreditation in Practice,CM-10-047,"Costs, benefits and the decision to seek accreditation",judgment,4,1 2 3 4,draft
CM-10,Quality Management Systems and Accreditation,core,CM-10-A06,Adjacent and Sector Management Standards,CM-10-048,ISO 9001 and its relationship to ISO/IEC 17025,knowledge,4,1 2 3 4,draft
CM-10,Quality Management Systems and Accreditation,core,CM-10-A06,Adjacent and Sector Management Standards,CM-10-049,ISO 10012 measurement management systems,knowledge,3,1 2 3,draft
CM-10,Quality Management Systems and Accreditation,core,CM-10-A06,Adjacent and Sector Management Standards,CM-10-050,ISO/IEC 17020 inspection and ISO/IEC 17065 product certification,knowledge,3,1 2 3,draft
CM-10,Quality Management Systems and Accreditation,core,CM-10-A06,Adjacent and Sector Management Standards,CM-10-051,ISO 15189 for medical laboratories,knowledge,3,1 2 3,draft
CM-10,Quality Management Systems and Accreditation,core,CM-10-A06,Adjacent and Sector Management Standards,CM-10-052,ISO/IEC 17043 proficiency testing providers,knowledge,3,1 2 3,draft
CM-10,Quality Management Systems and Accreditation,core,CM-10-A06,Adjacent and Sector Management Standards,CM-10-053,ISO 17034 reference material producers,knowledge,3,1 2 3,draft
CM-10,Quality Management Systems and Accreditation,core,CM-10-A06,Adjacent and Sector Management Standards,CM-10-054,"Sector schemes: automotive, aerospace, nuclear, pharmaceutical",knowledge,4,1 2 3 4,draft
CM-10,Quality Management Systems and Accreditation,core,CM-10-A06,Adjacent and Sector Management Standards,CM-10-055,Integrating multiple management system requirements without duplication,judgment,5,1 2 3 4 5,draft
CM-11,"Assessment, Auditing and Approved Signatory Competence",core,CM-11-A01,Audit and Assessment Fundamentals,CM-11-001,Purpose of audit and the difference from inspection,knowledge,3,1 2 3,draft
CM-11,"Assessment, Auditing and Approved Signatory Competence",core,CM-11-A01,Audit and Assessment Fundamentals,CM-11-002,"First, second and third party audit",knowledge,3,1 2 3,draft
CM-11,"Assessment, Auditing and Approved Signatory Competence",core,CM-11-A01,Audit and Assessment Fundamentals,CM-11-003,"Audit principles: evidence, independence, fair presentation",knowledge,4,1 2 3 4,draft
CM-11,"Assessment, Auditing and Approved Signatory Competence",core,CM-11-A01,Audit and Assessment Fundamentals,CM-11-004,"Audit programme, plan and scope",knowledge,4,1 2 3 4,draft
CM-11,"Assessment, Auditing and Approved Signatory Competence",core,CM-11-A01,Audit and Assessment Fundamentals,CM-11-005,Audit criteria and what may be audited against,knowledge,4,1 2 3 4,draft
CM-11,"Assessment, Auditing and Approved Signatory Competence",core,CM-11-A01,Audit and Assessment Fundamentals,CM-11-006,Risk-based audit planning,judgment,5,1 2 3 4 5,draft
CM-11,"Assessment, Auditing and Approved Signatory Competence",core,CM-11-A01,Audit and Assessment Fundamentals,CM-11-007,Auditing a process rather than a document,judgment,5,1 2 3 4 5,draft
CM-11,"Assessment, Auditing and Approved Signatory Competence",core,CM-11-A02,Conducting an Assessment,CM-11-008,Opening meetings and setting expectations,skill,4,1 2 3 4,draft
CM-11,"Assessment, Auditing and Approved Signatory Competence",core,CM-11-A02,Conducting an Assessment,CM-11-009,Interviewing technique and open questioning,skill,4,1 2 3 4,draft
CM-11,"Assessment, Auditing and Approved Signatory Competence",core,CM-11-A02,Conducting an Assessment,CM-11-010,Objective evidence: what counts and what does not,judgment,5,1 2 3 4 5,draft
CM-11,"Assessment, Auditing and Approved Signatory Competence",core,CM-11-A02,Conducting an Assessment,CM-11-011,Sampling strategy during an assessment,judgment,4,1 2 3 4,draft
CM-11,"Assessment, Auditing and Approved Signatory Competence",core,CM-11-A02,Conducting an Assessment,CM-11-012,Witnessing a measurement and what to look for,skill,4,1 2 3 4,draft
CM-11,"Assessment, Auditing and Approved Signatory Competence",core,CM-11-A02,Conducting an Assessment,CM-11-013,Vertical audit and traceability of a single result end to end,skill,5,1 2 3 4 5,draft
CM-11,"Assessment, Auditing and Approved Signatory Competence",core,CM-11-A02,Conducting an Assessment,CM-11-014,Technical assessment of uncertainty budgets and CMCs,skill,5,1 2 3 4 5,draft
CM-11,"Assessment, Auditing and Approved Signatory Competence",core,CM-11-A02,Conducting an Assessment,CM-11-015,Recognising a management system that exists only on paper,judgment,5,1 2 3 4 5,draft
CM-11,"Assessment, Auditing and Approved Signatory Competence",core,CM-11-A02,Conducting an Assessment,CM-11-016,"Note-taking, traceable findings and the audit trail",skill,4,1 2 3 4,draft
CM-11,"Assessment, Auditing and Approved Signatory Competence",core,CM-11-A02,Conducting an Assessment,CM-11-017,Closing meetings and delivering difficult findings,skill,4,1 2 3 4,draft
CM-11,"Assessment, Auditing and Approved Signatory Competence",core,CM-11-A03,"Findings, Reporting and Follow-Up",CM-11-018,"Grading findings: nonconformity, observation, opportunity",knowledge,4,1 2 3 4,draft
CM-11,"Assessment, Auditing and Approved Signatory Competence",core,CM-11-A03,"Findings, Reporting and Follow-Up",CM-11-019,"Writing a finding that is specific, evidenced and actionable",skill,5,1 2 3 4 5,draft
CM-11,"Assessment, Auditing and Approved Signatory Competence",core,CM-11-A03,"Findings, Reporting and Follow-Up",CM-11-020,Avoiding findings that are opinion rather than nonconformance,judgment,4,1 2 3 4,draft
CM-11,"Assessment, Auditing and Approved Signatory Competence",core,CM-11-A03,"Findings, Reporting and Follow-Up",CM-11-021,Assessing a proposed root cause and corrective action,judgment,5,1 2 3 4 5,draft
CM-11,"Assessment, Auditing and Approved Signatory Competence",core,CM-11-A03,"Findings, Reporting and Follow-Up",CM-11-022,Verifying effectiveness of a corrective action,skill,4,1 2 3 4,draft
CM-11,"Assessment, Auditing and Approved Signatory Competence",core,CM-11-A03,"Findings, Reporting and Follow-Up",CM-11-023,Audit report structure and audience,skill,4,1 2 3 4,draft
CM-11,"Assessment, Auditing and Approved Signatory Competence",core,CM-11-A03,"Findings, Reporting and Follow-Up",CM-11-024,Escalation and unresolved disagreement,judgment,4,1 2 3 4,draft
CM-11,"Assessment, Auditing and Approved Signatory Competence",core,CM-11-A04,Assessor Competence and Conduct,CM-11-025,Competence requirements for assessors,knowledge,4,1 2 3 4,draft
CM-11,"Assessment, Auditing and Approved Signatory Competence",core,CM-11-A04,Assessor Competence and Conduct,CM-11-026,Technical competence for a specific scope of assessment,judgment,5,1 2 3 4 5,draft
CM-11,"Assessment, Auditing and Approved Signatory Competence",core,CM-11-A04,Assessor Competence and Conduct,CM-11-027,Demonstrating and maintaining assessor competence,judgment,5,1 2 3 4 5,draft
CM-11,"Assessment, Auditing and Approved Signatory Competence",core,CM-11-A04,Assessor Competence and Conduct,CM-11-028,"Impartiality, conflict of interest and recusal",judgment,4,1 2 3 4,draft
CM-11,"Assessment, Auditing and Approved Signatory Competence",core,CM-11-A04,Assessor Competence and Conduct,CM-11-029,Confidentiality obligations of an assessor,knowledge,4,1 2 3 4,draft
CM-11,"Assessment, Auditing and Approved Signatory Competence",core,CM-11-A04,Assessor Competence and Conduct,CM-11-030,Assessor calibration and consistency between assessors,judgment,5,1 2 3 4 5,draft
CM-11,"Assessment, Auditing and Approved Signatory Competence",core,CM-11-A04,Assessor Competence and Conduct,CM-11-031,"Behaviour, authority and the assessor who oversteps",judgment,4,1 2 3 4,draft
CM-11,"Assessment, Auditing and Approved Signatory Competence",core,CM-11-A04,Assessor Competence and Conduct,CM-11-032,Lead assessor responsibilities and team management,judgment,4,1 2 3 4,draft
CM-11,"Assessment, Auditing and Approved Signatory Competence",core,CM-11-A04,Assessor Competence and Conduct,CM-11-033,Technical expert role distinguished from assessor role,knowledge,4,1 2 3 4,draft
CM-11,"Assessment, Auditing and Approved Signatory Competence",core,CM-11-A05,Approved Signatory Competence,CM-11-034,What an approved signatory is undertaking,judgment,5,1 2 3 4 5,draft
CM-11,"Assessment, Auditing and Approved Signatory Competence",core,CM-11-A05,Approved Signatory Competence,CM-11-035,Scope of signatory authority and its limits,knowledge,4,1 2 3 4,draft
CM-11,"Assessment, Auditing and Approved Signatory Competence",core,CM-11-A05,Approved Signatory Competence,CM-11-036,Technical review before signature,skill,4,1 2 3 4,draft
CM-11,"Assessment, Auditing and Approved Signatory Competence",core,CM-11-A05,Approved Signatory Competence,CM-11-037,Recognising a result that should not be released,judgment,5,1 2 3 4 5,draft
CM-11,"Assessment, Auditing and Approved Signatory Competence",core,CM-11-A05,Approved Signatory Competence,CM-11-038,Refusing to sign and the pressure to sign anyway,judgment,5,1 2 3 4 5,draft
CM-11,"Assessment, Auditing and Approved Signatory Competence",core,CM-11-A05,Approved Signatory Competence,CM-11-039,"Delegation, deputising and continuity of signatory coverage",judgment,4,1 2 3 4,draft
CM-11,"Assessment, Auditing and Approved Signatory Competence",core,CM-11-A05,Approved Signatory Competence,CM-11-040,Becoming an approved signatory: evidence and appointment,knowledge,4,1 2 3 4,draft
CM-11,"Assessment, Auditing and Approved Signatory Competence",core,CM-11-A05,Approved Signatory Competence,CM-11-041,Maintaining signatory competence and periodic reauthorisation,knowledge,4,1 2 3 4,draft
CM-11,"Assessment, Auditing and Approved Signatory Competence",core,CM-11-A05,Approved Signatory Competence,CM-11-042,"Liability, professional responsibility and personal exposure",judgment,5,1 2 3 4 5,draft
CM-11,"Assessment, Auditing and Approved Signatory Competence",core,CM-11-A06,Building and Running an Internal Audit Function,CM-11-043,Establishing an internal audit programme,judgment,4,1 2 3 4,draft
CM-11,"Assessment, Auditing and Approved Signatory Competence",core,CM-11-A06,Building and Running an Internal Audit Function,CM-11-044,Selecting and developing internal auditors,judgment,4,1 2 3 4,draft
CM-11,"Assessment, Auditing and Approved Signatory Competence",core,CM-11-A06,Building and Running an Internal Audit Function,CM-11-045,Independence within a small laboratory,judgment,4,1 2 3 4,draft
CM-11,"Assessment, Auditing and Approved Signatory Competence",core,CM-11-A06,Building and Running an Internal Audit Function,CM-11-046,Audit checklists: their value and their failure mode,skill,4,1 2 3 4,draft
CM-11,"Assessment, Auditing and Approved Signatory Competence",core,CM-11-A06,Building and Running an Internal Audit Function,CM-11-047,Making internal audit useful rather than ceremonial,judgment,5,1 2 3 4 5,draft
CM-11,"Assessment, Auditing and Approved Signatory Competence",core,CM-11-A06,Building and Running an Internal Audit Function,CM-11-048,Supplier and subcontractor audit,judgment,4,1 2 3 4,draft
CM-12,"Laboratory Operations, Environment and Facilities",core,CM-12-A01,Environmental Control,CM-12-001,Deriving environmental requirements from a measurement capability,judgment,5,1 2 3 4 5,draft
CM-12,"Laboratory Operations, Environment and Facilities",core,CM-12-A01,Environmental Control,CM-12-002,"Temperature control, gradients and stability",skill,4,1 2 3 4,draft
CM-12,"Laboratory Operations, Environment and Facilities",core,CM-12-A01,Environmental Control,CM-12-003,The 20 degree Celsius reference condition and thermal expansion,knowledge,3,1 2 3,draft
CM-12,"Laboratory Operations, Environment and Facilities",core,CM-12-A01,Environmental Control,CM-12-004,Humidity control and its measurement effects,skill,3,1 2 3,draft
CM-12,"Laboratory Operations, Environment and Facilities",core,CM-12-A01,Environmental Control,CM-12-005,Barometric pressure and air density effects,skill,3,1 2 3,draft
CM-12,"Laboratory Operations, Environment and Facilities",core,CM-12-A01,Environmental Control,CM-12-006,"Cleanliness, particulates and contamination control",skill,3,1 2 3,draft
CM-12,"Laboratory Operations, Environment and Facilities",core,CM-12-A01,Environmental Control,CM-12-007,Vibration isolation and seismic considerations,skill,4,1 2 3 4,draft
CM-12,"Laboratory Operations, Environment and Facilities",core,CM-12-A01,Environmental Control,CM-12-008,Electromagnetic environment and interference control,skill,4,1 2 3 4,draft
CM-12,"Laboratory Operations, Environment and Facilities",core,CM-12-A01,Environmental Control,CM-12-009,"Lighting, acoustics and human working conditions",skill,3,1 2 3,draft
CM-12,"Laboratory Operations, Environment and Facilities",core,CM-12-A01,Environmental Control,CM-12-010,"Environmental monitoring, alarming and record keeping",skill,4,1 2 3 4,draft
CM-12,"Laboratory Operations, Environment and Facilities",core,CM-12-A01,Environmental Control,CM-12-011,Demonstrating that conditions were adequate at time of measurement,judgment,4,1 2 3 4,draft
CM-12,"Laboratory Operations, Environment and Facilities",core,CM-12-A02,Facility Design and Infrastructure,CM-12-012,Laboratory layout and workflow design,judgment,4,1 2 3 4,draft
CM-12,"Laboratory Operations, Environment and Facilities",core,CM-12-A02,Facility Design and Infrastructure,CM-12-013,"Foundations, mass blocks and mechanical isolation",judgment,4,1 2 3 4,draft
CM-12,"Laboratory Operations, Environment and Facilities",core,CM-12-A02,Facility Design and Infrastructure,CM-12-014,"Power quality, grounding and earthing",knowledge,4,1 2 3 4,draft
CM-12,"Laboratory Operations, Environment and Facilities",core,CM-12-A02,Facility Design and Infrastructure,CM-12-015,"Shielded rooms, screened enclosures and Faraday cages",knowledge,4,1 2 3 4,draft
CM-12,"Laboratory Operations, Environment and Facilities",core,CM-12-A02,Facility Design and Infrastructure,CM-12-016,"Gas, vacuum, water and utility services",knowledge,3,1 2 3,draft
CM-12,"Laboratory Operations, Environment and Facilities",core,CM-12-A02,Facility Design and Infrastructure,CM-12-017,Access control and segregation of activities,skill,3,1 2 3,draft
CM-12,"Laboratory Operations, Environment and Facilities",core,CM-12-A02,Facility Design and Infrastructure,CM-12-018,Specifying and commissioning a new laboratory,judgment,5,1 2 3 4 5,draft
CM-12,"Laboratory Operations, Environment and Facilities",core,CM-12-A02,Facility Design and Infrastructure,CM-12-019,Working within an inadequate facility and documenting the limits,judgment,4,1 2 3 4,draft
CM-12,"Laboratory Operations, Environment and Facilities",core,CM-12-A03,Operational Workflow,CM-12-020,"Job intake, scheduling and prioritisation",skill,4,1 2 3 4,draft
CM-12,"Laboratory Operations, Environment and Facilities",core,CM-12-A03,Operational Workflow,CM-12-021,"Item receipt, identification and condition recording",skill,3,1 2 3,draft
CM-12,"Laboratory Operations, Environment and Facilities",core,CM-12-A03,Operational Workflow,CM-12-022,Work in progress tracking and turnaround,skill,4,1 2 3 4,draft
CM-12,"Laboratory Operations, Environment and Facilities",core,CM-12-A03,Operational Workflow,CM-12-023,Capacity planning and bottleneck management,judgment,5,1 2 3 4 5,draft
CM-12,"Laboratory Operations, Environment and Facilities",core,CM-12-A03,Operational Workflow,CM-12-024,"Return, packing and delivery of items",skill,3,1 2 3,draft
CM-12,"Laboratory Operations, Environment and Facilities",core,CM-12-A03,Operational Workflow,CM-12-025,Laboratory information management systems,skill,4,1 2 3 4,draft
CM-12,"Laboratory Operations, Environment and Facilities",core,CM-12-A03,Operational Workflow,CM-12-026,Business continuity and disaster recovery for a laboratory,judgment,4,1 2 3 4,draft
CM-12,"Laboratory Operations, Environment and Facilities",core,CM-12-A03,Operational Workflow,CM-12-027,"Mobile, field and on-site measurement operations",skill,4,1 2 3 4,draft
CM-12,"Laboratory Operations, Environment and Facilities",core,CM-12-A04,Asset and Consumable Management,CM-12-028,Asset lifecycle from specification to disposal,skill,4,1 2 3 4,draft
CM-12,"Laboratory Operations, Environment and Facilities",core,CM-12-A04,Asset and Consumable Management,CM-12-029,Justifying and specifying a capital purchase,judgment,4,1 2 3 4,draft
CM-12,"Laboratory Operations, Environment and Facilities",core,CM-12-A04,Asset and Consumable Management,CM-12-030,Acceptance testing of new equipment,skill,4,1 2 3 4,draft
CM-12,"Laboratory Operations, Environment and Facilities",core,CM-12-A04,Asset and Consumable Management,CM-12-031,Preventive maintenance programmes,skill,4,1 2 3 4,draft
CM-12,"Laboratory Operations, Environment and Facilities",core,CM-12-A04,Asset and Consumable Management,CM-12-032,"Spares, obsolescence and end-of-support equipment",skill,4,1 2 3 4,draft
CM-12,"Laboratory Operations, Environment and Facilities",core,CM-12-A04,Asset and Consumable Management,CM-12-033,"Consumables, reference materials and shelf life",skill,3,1 2 3,draft
CM-12,"Laboratory Operations, Environment and Facilities",core,CM-12-A04,Asset and Consumable Management,CM-12-034,Decommissioning and disposal with data and traceability implications,judgment,4,1 2 3 4,draft
CM-12,"Laboratory Operations, Environment and Facilities",core,CM-12-A05,Laboratory Practice and Technique,CM-12-035,"Cleanliness, gloving and avoiding contamination of standards",skill,3,1 2 3,draft
CM-12,"Laboratory Operations, Environment and Facilities",core,CM-12-A05,Laboratory Practice and Technique,CM-12-036,Thermal effects of the operator on the measurement,skill,4,1 2 3 4,draft
CM-12,"Laboratory Operations, Environment and Facilities",core,CM-12-A05,Laboratory Practice and Technique,CM-12-037,"Setup, alignment and seating of artefacts",skill,4,1 2 3 4,draft
CM-12,"Laboratory Operations, Environment and Facilities",core,CM-12-A05,Laboratory Practice and Technique,CM-12-038,Repeatable technique and eliminating operator-dependent variation,skill,5,1 2 3 4 5,draft
CM-12,"Laboratory Operations, Environment and Facilities",core,CM-12-A05,Laboratory Practice and Technique,CM-12-039,Recognising when something is wrong before the numbers say so,judgment,3,1 2 3,draft
CM-12,"Laboratory Operations, Environment and Facilities",core,CM-12-A05,Laboratory Practice and Technique,CM-12-040,Contemporaneous recording and notebook discipline,skill,4,1 2 3 4,draft
CM-12,"Laboratory Operations, Environment and Facilities",core,CM-12-A05,Laboratory Practice and Technique,CM-12-041,Housekeeping as a metrological control,skill,3,1 2 3,draft
CM-13,Instrumentation and Physical Principles,core,CM-13-A01,Sensing and Transduction,CM-13-001,Transducer principles and energy conversion,knowledge,3,1 2 3,draft
CM-13,Instrumentation and Physical Principles,core,CM-13-A01,Sensing and Transduction,CM-13-002,"Resistive, capacitive and inductive sensing",knowledge,3,1 2 3,draft
CM-13,Instrumentation and Physical Principles,core,CM-13-A01,Sensing and Transduction,CM-13-003,Piezoelectric and piezoresistive sensing,knowledge,4,1 2 3 4,draft
CM-13,Instrumentation and Physical Principles,core,CM-13-A01,Sensing and Transduction,CM-13-004,Optical and interferometric sensing,knowledge,4,1 2 3 4,draft
CM-13,Instrumentation and Physical Principles,core,CM-13-A01,Sensing and Transduction,CM-13-005,Thermal and thermoelectric sensing,knowledge,4,1 2 3 4,draft
CM-13,Instrumentation and Physical Principles,core,CM-13-A01,Sensing and Transduction,CM-13-006,Electrochemical and ion-selective sensing,knowledge,4,1 2 3 4,draft
CM-13,Instrumentation and Physical Principles,core,CM-13-A01,Sensing and Transduction,CM-13-007,Resonant and frequency-output sensors,knowledge,4,1 2 3 4,draft
CM-13,Instrumentation and Physical Principles,core,CM-13-A01,Sensing and Transduction,CM-13-008,"Sensor characteristics: sensitivity, range, linearity, hysteresis",knowledge,4,1 2 3 4,draft
CM-13,Instrumentation and Physical Principles,core,CM-13-A01,Sensing and Transduction,CM-13-009,Cross-sensitivity and unwanted responses,judgment,5,1 2 3 4 5,draft
CM-13,Instrumentation and Physical Principles,core,CM-13-A01,Sensing and Transduction,CM-13-010,Sensor loading and disturbance of the measurand,judgment,4,1 2 3 4,draft
CM-13,Instrumentation and Physical Principles,core,CM-13-A02,Signal Conditioning and Conversion,CM-13-011,"Amplification, gain error and offset",knowledge,4,1 2 3 4,draft
CM-13,Instrumentation and Physical Principles,core,CM-13-A02,Signal Conditioning and Conversion,CM-13-012,Bridge circuits and their excitation,knowledge,4,1 2 3 4,draft
CM-13,Instrumentation and Physical Principles,core,CM-13-A02,Signal Conditioning and Conversion,CM-13-013,Filtering and its effect on a measurement result,judgment,4,1 2 3 4,draft
CM-13,Instrumentation and Physical Principles,core,CM-13-A02,Signal Conditioning and Conversion,CM-13-014,Analogue-to-digital conversion architectures,knowledge,3,1 2 3,draft
CM-13,Instrumentation and Physical Principles,core,CM-13-A02,Signal Conditioning and Conversion,CM-13-015,"Quantisation, resolution and effective number of bits",knowledge,3,1 2 3,draft
CM-13,Instrumentation and Physical Principles,core,CM-13-A02,Signal Conditioning and Conversion,CM-13-016,"Sampling, aliasing and the Nyquist criterion",knowledge,5,1 2 3 4 5,draft
CM-13,Instrumentation and Physical Principles,core,CM-13-A02,Signal Conditioning and Conversion,CM-13-017,Integrating converters and normal-mode rejection,knowledge,4,1 2 3 4,draft
CM-13,Instrumentation and Physical Principles,core,CM-13-A02,Signal Conditioning and Conversion,CM-13-018,"Multiplexing, settling and channel crosstalk",knowledge,4,1 2 3 4,draft
CM-13,Instrumentation and Physical Principles,core,CM-13-A02,Signal Conditioning and Conversion,CM-13-019,Digital signal processing effects on measured values,judgment,4,1 2 3 4,draft
CM-13,Instrumentation and Physical Principles,core,CM-13-A03,"Noise, Interference and Signal Integrity",CM-13-020,"Noise sources: thermal, shot, flicker",knowledge,4,1 2 3 4,draft
CM-13,Instrumentation and Physical Principles,core,CM-13-A03,"Noise, Interference and Signal Integrity",CM-13-021,Signal-to-noise ratio and detection limits,skill,3,1 2 3,draft
CM-13,Instrumentation and Physical Principles,core,CM-13-A03,"Noise, Interference and Signal Integrity",CM-13-022,"Grounding, shielding and ground loops",skill,4,1 2 3 4,draft
CM-13,Instrumentation and Physical Principles,core,CM-13-A03,"Noise, Interference and Signal Integrity",CM-13-023,Common-mode and differential-mode interference,skill,4,1 2 3 4,draft
CM-13,Instrumentation and Physical Principles,core,CM-13-A03,"Noise, Interference and Signal Integrity",CM-13-024,Thermal EMFs in low-level measurement,skill,4,1 2 3 4,draft
CM-13,Instrumentation and Physical Principles,core,CM-13-A03,"Noise, Interference and Signal Integrity",CM-13-025,Guarding and driven shields,skill,4,1 2 3 4,draft
CM-13,Instrumentation and Physical Principles,core,CM-13-A03,"Noise, Interference and Signal Integrity",CM-13-026,"Cable, connector and contact effects",skill,3,1 2 3,draft
CM-13,Instrumentation and Physical Principles,core,CM-13-A03,"Noise, Interference and Signal Integrity",CM-13-027,"Averaging, integration and noise reduction techniques",skill,3,1 2 3,draft
CM-13,Instrumentation and Physical Principles,core,CM-13-A03,"Noise, Interference and Signal Integrity",CM-13-028,Lock-in detection and correlation techniques,skill,4,1 2 3 4,draft
CM-13,Instrumentation and Physical Principles,core,CM-13-A03,"Noise, Interference and Signal Integrity",CM-13-029,Diagnosing an intermittent or noisy measurement,judgment,5,1 2 3 4 5,draft
CM-13,Instrumentation and Physical Principles,core,CM-13-A04,Instrument Behaviour and Characterisation,CM-13-030,Static and dynamic instrument characteristics,knowledge,4,1 2 3 4,draft
CM-13,Instrumentation and Physical Principles,core,CM-13-A04,Instrument Behaviour and Characterisation,CM-13-031,"Time constant, bandwidth and dynamic response",skill,4,1 2 3 4,draft
CM-13,Instrumentation and Physical Principles,core,CM-13-A04,Instrument Behaviour and Characterisation,CM-13-032,"Warm-up, settling and short-term stability",skill,3,1 2 3,draft
CM-13,Instrumentation and Physical Principles,core,CM-13-A04,Instrument Behaviour and Characterisation,CM-13-033,Long-term drift and ageing mechanisms,skill,4,1 2 3 4,draft
CM-13,Instrumentation and Physical Principles,core,CM-13-A04,Instrument Behaviour and Characterisation,CM-13-034,Temperature coefficients and environmental sensitivity,skill,3,1 2 3,draft
CM-13,Instrumentation and Physical Principles,core,CM-13-A04,Instrument Behaviour and Characterisation,CM-13-035,"Loading, impedance matching and source effects",skill,4,1 2 3 4,draft
CM-13,Instrumentation and Physical Principles,core,CM-13-A04,Instrument Behaviour and Characterisation,CM-13-036,Nonlinearity and its characterisation,skill,4,1 2 3 4,draft
CM-13,Instrumentation and Physical Principles,core,CM-13-A04,Instrument Behaviour and Characterisation,CM-13-037,Interpreting a manufacturer specification sheet,judgment,4,1 2 3 4,draft
CM-13,Instrumentation and Physical Principles,core,CM-13-A04,Instrument Behaviour and Characterisation,CM-13-038,Characterising an instrument beyond its specification,judgment,5,1 2 3 4 5,draft
CM-13,Instrumentation and Physical Principles,core,CM-13-A05,Underlying Physics for Metrologists,CM-13-039,Thermal expansion and dimensional stability of materials,knowledge,3,1 2 3,draft
CM-13,Instrumentation and Physical Principles,core,CM-13-A05,Underlying Physics for Metrologists,CM-13-040,"Heat transfer: conduction, convection, radiation",knowledge,3,1 2 3,draft
CM-13,Instrumentation and Physical Principles,core,CM-13-A05,Underlying Physics for Metrologists,CM-13-041,"Elasticity, deflection and Hertzian contact",knowledge,4,1 2 3 4,draft
CM-13,Instrumentation and Physical Principles,core,CM-13-A05,Underlying Physics for Metrologists,CM-13-042,"Fluid statics, buoyancy and air density",knowledge,4,1 2 3 4,draft
CM-13,Instrumentation and Physical Principles,core,CM-13-A05,Underlying Physics for Metrologists,CM-13-043,"Wave optics, interference and diffraction",knowledge,4,1 2 3 4,draft
CM-13,Instrumentation and Physical Principles,core,CM-13-A05,Underlying Physics for Metrologists,CM-13-044,Refractive index of air and its correction,knowledge,4,1 2 3 4,draft
CM-13,Instrumentation and Physical Principles,core,CM-13-A05,Underlying Physics for Metrologists,CM-13-045,"Electromagnetics for measurement: fields, coupling, propagation",knowledge,4,1 2 3 4,draft
CM-13,Instrumentation and Physical Principles,core,CM-13-A05,Underlying Physics for Metrologists,CM-13-046,Quantum effects underpinning modern standards,knowledge,5,1 2 3 4 5,draft
CM-13,Instrumentation and Physical Principles,core,CM-13-A05,Underlying Physics for Metrologists,CM-13-047,"Material properties, stability and creep in artefacts",knowledge,4,1 2 3 4,draft
CM-13,Instrumentation and Physical Principles,core,CM-13-A05,Underlying Physics for Metrologists,CM-13-048,"Surface effects, adsorption and cleanliness at the physical level",knowledge,4,1 2 3 4,draft
CM-13,Instrumentation and Physical Principles,core,CM-13-A06,Automation and Instrument Control,CM-13-049,Instrument interfaces and communication standards,knowledge,3,1 2 3,draft
CM-13,Instrumentation and Physical Principles,core,CM-13-A06,Automation and Instrument Control,CM-13-050,Automated measurement sequences and their validation,skill,4,1 2 3 4,draft
CM-13,Instrumentation and Physical Principles,core,CM-13-A06,Automation and Instrument Control,CM-13-051,"Timing, synchronisation and latency in automated systems",judgment,4,1 2 3 4,draft
CM-13,Instrumentation and Physical Principles,core,CM-13-A06,Automation and Instrument Control,CM-13-052,What automation removes and what it hides,judgment,5,1 2 3 4 5,draft
CM-13,Instrumentation and Physical Principles,core,CM-13-A06,Automation and Instrument Control,CM-13-053,Automated systems and the loss of operator intuition,judgment,4,1 2 3 4,draft
CM-13,Instrumentation and Physical Principles,core,CM-13-A06,Automation and Instrument Control,CM-13-054,Verification of an automated measurement against a manual one,skill,4,1 2 3 4,draft
CM-14,"Software, Data and Digital Metrology",core,CM-14-A01,Software as Part of the Measurement Chain,CM-14-001,Where software enters a measurement result,knowledge,3,1 2 3,draft
CM-14,"Software, Data and Digital Metrology",core,CM-14-A01,Software as Part of the Measurement Chain,CM-14-002,Software as an uncertainty source,judgment,4,1 2 3 4,draft
CM-14,"Software, Data and Digital Metrology",core,CM-14-A01,Software as Part of the Measurement Chain,CM-14-003,Floating-point arithmetic and numerical error,knowledge,4,1 2 3 4,draft
CM-14,"Software, Data and Digital Metrology",core,CM-14-A01,Software as Part of the Measurement Chain,CM-14-004,"Numerical conditioning, cancellation and algorithm choice",knowledge,5,1 2 3 4 5,draft
CM-14,"Software, Data and Digital Metrology",core,CM-14-A01,Software as Part of the Measurement Chain,CM-14-005,"Rounding, truncation and display precision",knowledge,3,1 2 3,draft
CM-14,"Software, Data and Digital Metrology",core,CM-14-A01,Software as Part of the Measurement Chain,CM-14-006,Unit handling and unit errors in software,knowledge,4,1 2 3 4,draft
CM-14,"Software, Data and Digital Metrology",core,CM-14-A01,Software as Part of the Measurement Chain,CM-14-007,"Firmware, embedded processing and the hidden calculation",knowledge,4,1 2 3 4,draft
CM-14,"Software, Data and Digital Metrology",core,CM-14-A01,Software as Part of the Measurement Chain,CM-14-008,Spreadsheets as measurement software and why they fail,judgment,4,1 2 3 4,draft
CM-14,"Software, Data and Digital Metrology",core,CM-14-A02,Software Validation and Control,CM-14-009,Software validation requirements under ISO/IEC 17025,knowledge,3,1 2 3,draft
CM-14,"Software, Data and Digital Metrology",core,CM-14-A02,Software Validation and Control,CM-14-010,Risk-based scoping of software validation,judgment,5,1 2 3 4 5,draft
CM-14,"Software, Data and Digital Metrology",core,CM-14-A02,Software Validation and Control,CM-14-011,Validating commercial off-the-shelf software,skill,4,1 2 3 4,draft
CM-14,"Software, Data and Digital Metrology",core,CM-14-A02,Software Validation and Control,CM-14-012,Validating in-house developed software,skill,4,1 2 3 4,draft
CM-14,"Software, Data and Digital Metrology",core,CM-14-A02,Software Validation and Control,CM-14-013,Reference data sets and numerical benchmarks,skill,4,1 2 3 4,draft
CM-14,"Software, Data and Digital Metrology",core,CM-14-A02,Software Validation and Control,CM-14-014,Regression testing after a software change,skill,4,1 2 3 4,draft
CM-14,"Software, Data and Digital Metrology",core,CM-14-A02,Software Validation and Control,CM-14-015,Configuration control and software version records,skill,3,1 2 3,draft
CM-14,"Software, Data and Digital Metrology",core,CM-14-A02,Software Validation and Control,CM-14-016,Revalidation triggers including operating system changes,judgment,3,1 2 3,draft
CM-14,"Software, Data and Digital Metrology",core,CM-14-A02,Software Validation and Control,CM-14-017,Documenting validation so an assessor can follow it,skill,4,1 2 3 4,draft
CM-14,"Software, Data and Digital Metrology",core,CM-14-A03,Software Development Practice,CM-14-018,Programming fundamentals for measurement work,skill,3,1 2 3,draft
CM-14,"Software, Data and Digital Metrology",core,CM-14-A03,Software Development Practice,CM-14-019,Version control and why every analysis needs it,skill,3,1 2 3,draft
CM-14,"Software, Data and Digital Metrology",core,CM-14-A03,Software Development Practice,CM-14-020,Automated testing and test design for numerical code,skill,5,1 2 3 4 5,draft
CM-14,"Software, Data and Digital Metrology",core,CM-14-A03,Software Development Practice,CM-14-021,Code review as a technical control,judgment,4,1 2 3 4,draft
CM-14,"Software, Data and Digital Metrology",core,CM-14-A03,Software Development Practice,CM-14-022,"Requirements, specification and traceable software design",skill,4,1 2 3 4,draft
CM-14,"Software, Data and Digital Metrology",core,CM-14-A03,Software Development Practice,CM-14-023,Error handling and failing loudly rather than silently,skill,4,1 2 3 4,draft
CM-14,"Software, Data and Digital Metrology",core,CM-14-A03,Software Development Practice,CM-14-024,Reproducible computational environments,skill,4,1 2 3 4,draft
CM-14,"Software, Data and Digital Metrology",core,CM-14-A03,Software Development Practice,CM-14-025,Documentation and maintainability of analysis code,skill,3,1 2 3,draft
CM-14,"Software, Data and Digital Metrology",core,CM-14-A03,Software Development Practice,CM-14-026,Dependency management and supply chain considerations,skill,3,1 2 3,draft
CM-14,"Software, Data and Digital Metrology",core,CM-14-A03,Software Development Practice,CM-14-027,Working effectively with professional software teams,judgment,4,1 2 3 4,draft
CM-14,"Software, Data and Digital Metrology",core,CM-14-A03,Software Development Practice,CM-14-028,"Open source in a laboratory: licensing, support and risk",judgment,3,1 2 3,draft
CM-14,"Software, Data and Digital Metrology",core,CM-14-A04,Data Management and Integrity,CM-14-029,Data integrity principles and their regulatory framing,knowledge,5,1 2 3 4 5,draft
CM-14,"Software, Data and Digital Metrology",core,CM-14-A04,Data Management and Integrity,CM-14-030,"Raw data, derived data and reconstructability of a result",judgment,4,1 2 3 4,draft
CM-14,"Software, Data and Digital Metrology",core,CM-14-A04,Data Management and Integrity,CM-14-031,Audit trails and tamper evidence,skill,4,1 2 3 4,draft
CM-14,"Software, Data and Digital Metrology",core,CM-14-A04,Data Management and Integrity,CM-14-032,Electronic records and electronic signatures,skill,3,1 2 3,draft
CM-14,"Software, Data and Digital Metrology",core,CM-14-A04,Data Management and Integrity,CM-14-033,Database fundamentals for measurement data,skill,3,1 2 3,draft
CM-14,"Software, Data and Digital Metrology",core,CM-14-A04,Data Management and Integrity,CM-14-034,Data modelling for calibration and measurement records,skill,4,1 2 3 4,draft
CM-14,"Software, Data and Digital Metrology",core,CM-14-A04,Data Management and Integrity,CM-14-035,"Backup, retention and long-term readability",skill,3,1 2 3,draft
CM-14,"Software, Data and Digital Metrology",core,CM-14-A04,Data Management and Integrity,CM-14-036,Data migration without loss of meaning,judgment,4,1 2 3 4,draft
CM-14,"Software, Data and Digital Metrology",core,CM-14-A04,Data Management and Integrity,CM-14-037,Metadata and why a number without context is worthless,judgment,4,1 2 3 4,draft
CM-14,"Software, Data and Digital Metrology",core,CM-14-A04,Data Management and Integrity,CM-14-038,FAIR data principles in a metrology setting,skill,3,1 2 3,draft
CM-14,"Software, Data and Digital Metrology",core,CM-14-A04,Data Management and Integrity,CM-14-039,Data cleaning and its documentation,skill,3,1 2 3,draft
CM-14,"Software, Data and Digital Metrology",core,CM-14-A05,Digital Metrology Infrastructure,CM-14-040,Digital calibration certificates and machine-readable results,knowledge,3,1 2 3,draft
CM-14,"Software, Data and Digital Metrology",core,CM-14-A05,Digital Metrology Infrastructure,CM-14-041,Digital SI and machine-readable units and quantities,knowledge,3,1 2 3,draft
CM-14,"Software, Data and Digital Metrology",core,CM-14-A05,Digital Metrology Infrastructure,CM-14-042,"Interoperability, schemas and data exchange formats",knowledge,3,1 2 3,draft
CM-14,"Software, Data and Digital Metrology",core,CM-14-A05,Digital Metrology Infrastructure,CM-14-043,"Digital signatures, integrity and provenance of results",knowledge,5,1 2 3 4 5,draft
CM-14,"Software, Data and Digital Metrology",core,CM-14-A05,Digital Metrology Infrastructure,CM-14-044,Sensor networks and distributed measurement systems,knowledge,4,1 2 3 4,draft
CM-14,"Software, Data and Digital Metrology",core,CM-14-A05,Digital Metrology Infrastructure,CM-14-045,Digital twins and simulation-based measurement,knowledge,4,1 2 3 4,draft
CM-14,"Software, Data and Digital Metrology",core,CM-14-A05,Digital Metrology Infrastructure,CM-14-046,"Cloud, on-premises and air-gapped deployment considerations",judgment,3,1 2 3,draft
CM-14,"Software, Data and Digital Metrology",core,CM-14-A06,Cybersecurity for Measurement Systems,CM-14-047,Threat model for a measurement system,judgment,5,1 2 3 4 5,draft
CM-14,"Software, Data and Digital Metrology",core,CM-14-A06,Cybersecurity for Measurement Systems,CM-14-048,Access control and least privilege in laboratory systems,skill,3,1 2 3,draft
CM-14,"Software, Data and Digital Metrology",core,CM-14-A06,Cybersecurity for Measurement Systems,CM-14-049,Protecting instrument firmware and configuration,skill,4,1 2 3 4,draft
CM-14,"Software, Data and Digital Metrology",core,CM-14-A06,Cybersecurity for Measurement Systems,CM-14-050,Network segmentation and legacy instrument exposure,skill,4,1 2 3 4,draft
CM-14,"Software, Data and Digital Metrology",core,CM-14-A06,Cybersecurity for Measurement Systems,CM-14-051,Integrity protection of stored and transmitted results,skill,4,1 2 3 4,draft
CM-14,"Software, Data and Digital Metrology",core,CM-14-A06,Cybersecurity for Measurement Systems,CM-14-052,Incident response when data integrity is in question,judgment,4,1 2 3 4,draft
CM-14,"Software, Data and Digital Metrology",core,CM-14-A06,Cybersecurity for Measurement Systems,CM-14-053,Operating in regulated and classified environments,judgment,4,1 2 3 4,draft
CM-15,Technical Communication and Documentation,core,CM-15-A01,Foundations of Technical Writing,CM-15-001,"Purpose, audience and scope before writing",judgment,3,1 2 3,draft
CM-15,Technical Communication and Documentation,core,CM-15-A01,Foundations of Technical Writing,CM-15-002,Structure: leading with the conclusion,skill,4,1 2 3 4,draft
CM-15,Technical Communication and Documentation,core,CM-15-A01,Foundations of Technical Writing,CM-15-003,Precision of language and avoidable ambiguity,skill,4,1 2 3 4,draft
CM-15,Technical Communication and Documentation,core,CM-15-A01,Foundations of Technical Writing,CM-15-004,Concision and removing what does not carry information,skill,3,1 2 3,draft
CM-15,Technical Communication and Documentation,core,CM-15-A01,Foundations of Technical Writing,CM-15-005,"Objectivity, hedging and overclaiming",judgment,4,1 2 3 4,draft
CM-15,Technical Communication and Documentation,core,CM-15-A01,Foundations of Technical Writing,CM-15-006,"Numbers in prose: significant figures, units and consistency",skill,3,1 2 3,draft
CM-15,Technical Communication and Documentation,core,CM-15-A01,Foundations of Technical Writing,CM-15-007,Editing your own work and the value of distance,skill,3,1 2 3,draft
CM-15,Technical Communication and Documentation,core,CM-15-A01,Foundations of Technical Writing,CM-15-008,Giving and receiving written review,skill,3,1 2 3,draft
CM-15,Technical Communication and Documentation,core,CM-15-A02,Measurement Reports and Certificates,CM-15-009,Anatomy of a technical measurement report,skill,3,1 2 3,draft
CM-15,Technical Communication and Documentation,core,CM-15-A02,Measurement Reports and Certificates,CM-15-010,"Stating what was measured, how, and under what conditions",skill,4,1 2 3 4,draft
CM-15,Technical Communication and Documentation,core,CM-15-A02,Measurement Reports and Certificates,CM-15-011,Presenting results with uncertainty without burying the answer,skill,5,1 2 3 4 5,draft
CM-15,Technical Communication and Documentation,core,CM-15-A02,Measurement Reports and Certificates,CM-15-012,Writing conclusions that follow from the evidence presented,judgment,4,1 2 3 4,draft
CM-15,Technical Communication and Documentation,core,CM-15-A02,Measurement Reports and Certificates,CM-15-013,"Limitations, caveats and stating what the result does not show",judgment,4,1 2 3 4,draft
CM-15,Technical Communication and Documentation,core,CM-15-A02,Measurement Reports and Certificates,CM-15-014,Traceability statements and their wording,skill,4,1 2 3 4,draft
CM-15,Technical Communication and Documentation,core,CM-15-A02,Measurement Reports and Certificates,CM-15-015,Writing for a reader who will act without reading it all,judgment,4,1 2 3 4,draft
CM-15,Technical Communication and Documentation,core,CM-15-A03,"Procedures, Instructions and Standards",CM-15-016,Writing a procedure that survives contact with a real operator,skill,5,1 2 3 4 5,draft
CM-15,Technical Communication and Documentation,core,CM-15-A03,"Procedures, Instructions and Standards",CM-15-017,Step granularity and assumed knowledge,judgment,4,1 2 3 4,draft
CM-15,Technical Communication and Documentation,core,CM-15-A03,"Procedures, Instructions and Standards",CM-15-018,"Warnings, cautions and safety-critical instruction",skill,3,1 2 3,draft
CM-15,Technical Communication and Documentation,core,CM-15-A03,"Procedures, Instructions and Standards",CM-15-019,Writing to be translated,skill,3,1 2 3,draft
CM-15,Technical Communication and Documentation,core,CM-15-A03,"Procedures, Instructions and Standards",CM-15-020,Quality manual and policy writing,skill,4,1 2 3 4,draft
CM-15,Technical Communication and Documentation,core,CM-15-A03,"Procedures, Instructions and Standards",CM-15-021,Drafting and reviewing standards and specifications,skill,4,1 2 3 4,draft
CM-15,Technical Communication and Documentation,core,CM-15-A03,"Procedures, Instructions and Standards",CM-15-022,"Requirements language: shall, should, may and must",knowledge,3,1 2 3,draft
CM-15,Technical Communication and Documentation,core,CM-15-A03,"Procedures, Instructions and Standards",CM-15-023,Maintaining documents over time without incoherence,skill,4,1 2 3 4,draft
CM-15,Technical Communication and Documentation,core,CM-15-A04,Adapting Technical Content to an Audience,CM-15-024,Diagnosing what an audience already knows and needs,judgment,4,1 2 3 4,draft
CM-15,Technical Communication and Documentation,core,CM-15-A04,Adapting Technical Content to an Audience,CM-15-025,Writing for executives and non-technical decision makers,judgment,4,1 2 3 4,draft
CM-15,Technical Communication and Documentation,core,CM-15-A04,Adapting Technical Content to an Audience,CM-15-026,Writing for production and operations audiences,judgment,4,1 2 3 4,draft
CM-15,Technical Communication and Documentation,core,CM-15-A04,Adapting Technical Content to an Audience,CM-15-027,"Writing for auditors, assessors and regulators",judgment,4,1 2 3 4,draft
CM-15,Technical Communication and Documentation,core,CM-15-A04,Adapting Technical Content to an Audience,CM-15-028,Writing for other metrologists and technical peers,judgment,4,1 2 3 4,draft
CM-15,Technical Communication and Documentation,core,CM-15-A04,Adapting Technical Content to an Audience,CM-15-029,Explaining uncertainty and risk to people who want a yes or no,judgment,5,1 2 3 4 5,draft
CM-15,Technical Communication and Documentation,core,CM-15-A04,Adapting Technical Content to an Audience,CM-15-030,Analogy and simplification without distortion,skill,4,1 2 3 4,draft
CM-15,Technical Communication and Documentation,core,CM-15-A04,Adapting Technical Content to an Audience,CM-15-031,Knowing when simplification has become misrepresentation,judgment,5,1 2 3 4 5,draft
CM-15,Technical Communication and Documentation,core,CM-15-A04,Adapting Technical Content to an Audience,CM-15-032,Delivering unwelcome technical findings,judgment,5,1 2 3 4 5,draft
CM-15,Technical Communication and Documentation,core,CM-15-A05,Presentation and Spoken Communication,CM-15-033,Structuring a technical talk,skill,4,1 2 3 4,draft
CM-15,Technical Communication and Documentation,core,CM-15-A05,Presentation and Spoken Communication,CM-15-034,Slide design that supports rather than replaces the speaker,skill,4,1 2 3 4,draft
CM-15,Technical Communication and Documentation,core,CM-15-A05,Presentation and Spoken Communication,CM-15-035,Presenting to a hostile or sceptical audience,judgment,4,1 2 3 4,draft
CM-15,Technical Communication and Documentation,core,CM-15-A05,Presentation and Spoken Communication,CM-15-036,"Handling questions, including ones you cannot answer",judgment,4,1 2 3 4,draft
CM-15,Technical Communication and Documentation,core,CM-15-A05,Presentation and Spoken Communication,CM-15-037,"Explaining a measurement at the bench, informally",skill,3,1 2 3,draft
CM-15,Technical Communication and Documentation,core,CM-15-A05,Presentation and Spoken Communication,CM-15-038,Meeting facilitation and technical decision making,judgment,4,1 2 3 4,draft
CM-15,Technical Communication and Documentation,core,CM-15-A06,Scholarly and Professional Publication,CM-15-039,Structure and conventions of a technical paper,skill,4,1 2 3 4,draft
CM-15,Technical Communication and Documentation,core,CM-15-A06,Scholarly and Professional Publication,CM-15-040,Literature search and staying current,skill,3,1 2 3,draft
CM-15,Technical Communication and Documentation,core,CM-15-A06,Scholarly and Professional Publication,CM-15-041,"Citation, attribution and avoiding plagiarism",skill,3,1 2 3,draft
CM-15,Technical Communication and Documentation,core,CM-15-A06,Scholarly and Professional Publication,CM-15-042,Peer review: submitting to it and performing it,judgment,4,1 2 3 4,draft
CM-15,Technical Communication and Documentation,core,CM-15-A06,Scholarly and Professional Publication,CM-15-043,"Conference papers, posters and technical presentations",skill,3,1 2 3,draft
CM-15,Technical Communication and Documentation,core,CM-15-A06,Scholarly and Professional Publication,CM-15-044,Writing for a professional society audience,skill,3,1 2 3,draft
CM-15,Technical Communication and Documentation,core,CM-15-A06,Scholarly and Professional Publication,CM-15-045,Publishing negative and null results,judgment,4,1 2 3 4,draft
CM-16,Data Presentation and Visualization,core,CM-16-A01,Principles of Visual Encoding,CM-16-001,What a chart is for and when a table is better,judgment,3,1 2 3,draft
CM-16,Data Presentation and Visualization,core,CM-16-A01,Principles of Visual Encoding,CM-16-002,Visual encoding channels and their relative accuracy,knowledge,4,1 2 3 4,draft
CM-16,Data Presentation and Visualization,core,CM-16-A01,Principles of Visual Encoding,CM-16-003,"Data-ink, decoration and the cost of visual noise",knowledge,3,1 2 3,draft
CM-16,Data Presentation and Visualization,core,CM-16-A01,Principles of Visual Encoding,CM-16-004,"Scale, axis choice and the zero-baseline question",judgment,4,1 2 3 4,draft
CM-16,Data Presentation and Visualization,core,CM-16-A01,Principles of Visual Encoding,CM-16-005,Logarithmic and nonlinear scales,knowledge,3,1 2 3,draft
CM-16,Data Presentation and Visualization,core,CM-16-A01,Principles of Visual Encoding,CM-16-006,Aspect ratio and perceived slope,knowledge,3,1 2 3,draft
CM-16,Data Presentation and Visualization,core,CM-16-A01,Principles of Visual Encoding,CM-16-007,"Colour use, ordering and semantic meaning",knowledge,3,1 2 3,draft
CM-16,Data Presentation and Visualization,core,CM-16-A01,Principles of Visual Encoding,CM-16-008,"Accessibility: colour vision deficiency, contrast and redundant encoding",knowledge,3,1 2 3,draft
CM-16,Data Presentation and Visualization,core,CM-16-A01,Principles of Visual Encoding,CM-16-009,Small multiples and comparison design,knowledge,4,1 2 3 4,draft
CM-16,Data Presentation and Visualization,core,CM-16-A02,Displaying Measurement Data,CM-16-010,Showing uncertainty on a chart,judgment,5,1 2 3 4 5,draft
CM-16,Data Presentation and Visualization,core,CM-16-A02,Displaying Measurement Data,CM-16-011,Error bars and the ambiguity of what they represent,judgment,5,1 2 3 4 5,draft
CM-16,Data Presentation and Visualization,core,CM-16-A02,Displaying Measurement Data,CM-16-012,Displaying distributions rather than summaries,skill,4,1 2 3 4,draft
CM-16,Data Presentation and Visualization,core,CM-16-A02,Displaying Measurement Data,CM-16-013,Residual plots and diagnostic graphics,skill,4,1 2 3 4,draft
CM-16,Data Presentation and Visualization,core,CM-16-A02,Displaying Measurement Data,CM-16-014,Calibration curves and fitted relationships,skill,3,1 2 3,draft
CM-16,Data Presentation and Visualization,core,CM-16-A02,Displaying Measurement Data,CM-16-015,Control charts as a communication tool,skill,4,1 2 3 4,draft
CM-16,Data Presentation and Visualization,core,CM-16-A02,Displaying Measurement Data,CM-16-016,"Time series, drift and trend presentation",skill,3,1 2 3,draft
CM-16,Data Presentation and Visualization,core,CM-16-A02,Displaying Measurement Data,CM-16-017,Comparing results against a specification limit visually,judgment,4,1 2 3 4,draft
CM-16,Data Presentation and Visualization,core,CM-16-A02,Displaying Measurement Data,CM-16-018,Interlaboratory comparison and performance score graphics,skill,3,1 2 3,draft
CM-16,Data Presentation and Visualization,core,CM-16-A02,Displaying Measurement Data,CM-16-019,Uncertainty budget presentation and contribution charts,skill,4,1 2 3 4,draft
CM-16,Data Presentation and Visualization,core,CM-16-A03,Honesty and Misleading Graphics,CM-16-020,Common ways a chart misleads without containing a false number,knowledge,5,1 2 3 4 5,draft
CM-16,Data Presentation and Visualization,core,CM-16-A03,Honesty and Misleading Graphics,CM-16-021,"Truncated axes, dual axes and manufactured correlation",knowledge,4,1 2 3 4,draft
CM-16,Data Presentation and Visualization,core,CM-16-A03,Honesty and Misleading Graphics,CM-16-022,"Selective ranges, cherry-picked windows and survivorship",judgment,4,1 2 3 4,draft
CM-16,Data Presentation and Visualization,core,CM-16-A03,Honesty and Misleading Graphics,CM-16-023,Implying precision the data does not support,judgment,4,1 2 3 4,draft
CM-16,Data Presentation and Visualization,core,CM-16-A03,Honesty and Misleading Graphics,CM-16-024,Critiquing a graphic someone else produced,judgment,5,1 2 3 4 5,draft
CM-16,Data Presentation and Visualization,core,CM-16-A03,Honesty and Misleading Graphics,CM-16-025,Ethical obligations in visual presentation of results,judgment,4,1 2 3 4,draft
CM-16,Data Presentation and Visualization,core,CM-16-A04,"Tables, Dashboards and Reporting Interfaces",CM-16-026,Table design for readability and comparison,skill,3,1 2 3,draft
CM-16,Data Presentation and Visualization,core,CM-16-A04,"Tables, Dashboards and Reporting Interfaces",CM-16-027,"Numeric formatting, alignment and significant figures in tables",skill,3,1 2 3,draft
CM-16,Data Presentation and Visualization,core,CM-16-A04,"Tables, Dashboards and Reporting Interfaces",CM-16-028,Dashboard design and the metric that gets gamed,judgment,4,1 2 3 4,draft
CM-16,Data Presentation and Visualization,core,CM-16-A04,"Tables, Dashboards and Reporting Interfaces",CM-16-029,Choosing indicators that reflect measurement quality,judgment,4,1 2 3 4,draft
CM-16,Data Presentation and Visualization,core,CM-16-A04,"Tables, Dashboards and Reporting Interfaces",CM-16-030,Progressive disclosure: summary to detail,skill,3,1 2 3,draft
CM-16,Data Presentation and Visualization,core,CM-16-A04,"Tables, Dashboards and Reporting Interfaces",CM-16-031,Interactive graphics and their appropriate use,skill,4,1 2 3 4,draft
CM-16,Data Presentation and Visualization,core,CM-16-A04,"Tables, Dashboards and Reporting Interfaces",CM-16-032,"Print, screen and projection constraints",skill,3,1 2 3,draft
CM-16,Data Presentation and Visualization,core,CM-16-A05,Tooling and Reproducible Graphics,CM-16-033,Producing charts reproducibly from source data,skill,3,1 2 3,draft
CM-16,Data Presentation and Visualization,core,CM-16-A05,Tooling and Reproducible Graphics,CM-16-034,Plotting libraries and tool selection,knowledge,3,1 2 3,draft
CM-16,Data Presentation and Visualization,core,CM-16-A05,Tooling and Reproducible Graphics,CM-16-035,"Templates, house style and visual consistency",skill,3,1 2 3,draft
CM-16,Data Presentation and Visualization,core,CM-16-A05,Tooling and Reproducible Graphics,CM-16-036,Vector versus raster output and publication requirements,skill,3,1 2 3,draft
CM-16,Data Presentation and Visualization,core,CM-16-A05,Tooling and Reproducible Graphics,CM-16-037,"Technical diagrams: setups, schematics and traceability chains",skill,4,1 2 3 4,draft
CM-17,"Teaching, Training and Knowledge Transfer",core,CM-17-A01,How Adults Learn Technical Skill,CM-17-001,Adult learning principles relevant to technical training,knowledge,3,1 2 3,draft
CM-17,"Teaching, Training and Knowledge Transfer",core,CM-17-A01,How Adults Learn Technical Skill,CM-17-002,Novice and expert cognition and why experts teach badly,judgment,5,1 2 3 4 5,draft
CM-17,"Teaching, Training and Knowledge Transfer",core,CM-17-A01,How Adults Learn Technical Skill,CM-17-003,The expert blind spot and recovering forgotten difficulty,judgment,4,1 2 3 4,draft
CM-17,"Teaching, Training and Knowledge Transfer",core,CM-17-A01,How Adults Learn Technical Skill,CM-17-004,Cognitive load and sequencing of instruction,knowledge,4,1 2 3 4,draft
CM-17,"Teaching, Training and Knowledge Transfer",core,CM-17-A01,How Adults Learn Technical Skill,CM-17-005,Deliberate practice and skill acquisition,knowledge,3,1 2 3,draft
CM-17,"Teaching, Training and Knowledge Transfer",core,CM-17-A01,How Adults Learn Technical Skill,CM-17-006,"Retrieval, spacing and durable retention",knowledge,3,1 2 3,draft
CM-17,"Teaching, Training and Knowledge Transfer",core,CM-17-A01,How Adults Learn Technical Skill,CM-17-007,"Motivation, confidence and fear of getting it wrong",knowledge,3,1 2 3,draft
CM-17,"Teaching, Training and Knowledge Transfer",core,CM-17-A01,How Adults Learn Technical Skill,CM-17-008,Psychomotor skill development at the bench,knowledge,3,1 2 3,draft
CM-17,"Teaching, Training and Knowledge Transfer",core,CM-17-A02,Designing Training,CM-17-009,Training needs analysis,skill,3,1 2 3,draft
CM-17,"Teaching, Training and Knowledge Transfer",core,CM-17-A02,Designing Training,CM-17-010,Writing learning objectives that can be observed,skill,5,1 2 3 4 5,draft
CM-17,"Teaching, Training and Knowledge Transfer",core,CM-17-A02,Designing Training,CM-17-011,Sequencing a curriculum from prerequisites,judgment,4,1 2 3 4,draft
CM-17,"Teaching, Training and Knowledge Transfer",core,CM-17-A02,Designing Training,CM-17-012,Selecting a delivery mode for the competence being built,skill,3,1 2 3,draft
CM-17,"Teaching, Training and Knowledge Transfer",core,CM-17-A02,Designing Training,CM-17-013,Designing practical exercises that build judgement,judgment,4,1 2 3 4,draft
CM-17,"Teaching, Training and Knowledge Transfer",core,CM-17-A02,Designing Training,CM-17-014,"Worked examples, scaffolding and fading support",skill,4,1 2 3 4,draft
CM-17,"Teaching, Training and Knowledge Transfer",core,CM-17-A02,Designing Training,CM-17-015,Designing training materials that outlive their author,skill,4,1 2 3 4,draft
CM-17,"Teaching, Training and Knowledge Transfer",core,CM-17-A02,Designing Training,CM-17-016,Evaluating whether training actually worked,judgment,4,1 2 3 4,draft
CM-17,"Teaching, Training and Knowledge Transfer",core,CM-17-A03,Assessment for Learning,CM-17-017,Formative and summative assessment distinguished,knowledge,3,1 2 3,draft
CM-17,"Teaching, Training and Knowledge Transfer",core,CM-17-A03,Assessment for Learning,CM-17-018,Writing questions that test understanding rather than recall,skill,4,1 2 3 4,draft
CM-17,"Teaching, Training and Knowledge Transfer",core,CM-17-A03,Assessment for Learning,CM-17-019,Assessment when the learner has references and AI available,skill,5,1 2 3 4 5,draft
CM-17,"Teaching, Training and Knowledge Transfer",core,CM-17-A03,Assessment for Learning,CM-17-020,Rubric design and consistent judgement,skill,4,1 2 3 4,draft
CM-17,"Teaching, Training and Knowledge Transfer",core,CM-17-A03,Assessment for Learning,CM-17-021,Practical and observational assessment,skill,4,1 2 3 4,draft
CM-17,"Teaching, Training and Knowledge Transfer",core,CM-17-A03,Assessment for Learning,CM-17-022,Giving feedback that changes behaviour,judgment,4,1 2 3 4,draft
CM-17,"Teaching, Training and Knowledge Transfer",core,CM-17-A03,Assessment for Learning,CM-17-023,Diagnosing the misconception behind a wrong answer,judgment,4,1 2 3 4,draft
CM-17,"Teaching, Training and Knowledge Transfer",core,CM-17-A04,Mentoring and On-the-Job Development,CM-17-024,Mentoring relationships and their structure,knowledge,4,1 2 3 4,draft
CM-17,"Teaching, Training and Knowledge Transfer",core,CM-17-A04,Mentoring and On-the-Job Development,CM-17-025,Coaching at the bench without taking over,judgment,4,1 2 3 4,draft
CM-17,"Teaching, Training and Knowledge Transfer",core,CM-17-A04,Mentoring and On-the-Job Development,CM-17-026,Graduated release of responsibility,judgment,5,1 2 3 4 5,draft
CM-17,"Teaching, Training and Knowledge Transfer",core,CM-17-A04,Mentoring and On-the-Job Development,CM-17-027,Supervising work you remain accountable for,judgment,4,1 2 3 4,draft
CM-17,"Teaching, Training and Knowledge Transfer",core,CM-17-A04,Mentoring and On-the-Job Development,CM-17-028,Developing someone whose specialism exceeds your own,judgment,5,1 2 3 4 5,draft
CM-17,"Teaching, Training and Knowledge Transfer",core,CM-17-A04,Mentoring and On-the-Job Development,CM-17-029,Recognising and developing potential,judgment,4,1 2 3 4,draft
CM-17,"Teaching, Training and Knowledge Transfer",core,CM-17-A04,Mentoring and On-the-Job Development,CM-17-030,"Sponsorship, visibility and career advocacy",judgment,4,1 2 3 4,draft
CM-17,"Teaching, Training and Knowledge Transfer",core,CM-17-A05,Organisational Knowledge and Succession,CM-17-031,Tacit knowledge and why it resists documentation,knowledge,4,1 2 3 4,draft
CM-17,"Teaching, Training and Knowledge Transfer",core,CM-17-A05,Organisational Knowledge and Succession,CM-17-032,Capturing expertise before it walks out of the building,judgment,5,1 2 3 4 5,draft
CM-17,"Teaching, Training and Knowledge Transfer",core,CM-17-A05,Organisational Knowledge and Succession,CM-17-033,Competence matrices and skills gap analysis,skill,4,1 2 3 4,draft
CM-17,"Teaching, Training and Knowledge Transfer",core,CM-17-A05,Organisational Knowledge and Succession,CM-17-034,Succession planning for critical measurement capability,judgment,4,1 2 3 4,draft
CM-17,"Teaching, Training and Knowledge Transfer",core,CM-17-A05,Organisational Knowledge and Succession,CM-17-035,Cross-training and single points of failure in people,judgment,4,1 2 3 4,draft
CM-17,"Teaching, Training and Knowledge Transfer",core,CM-17-A05,Organisational Knowledge and Succession,CM-17-036,Communities of practice and peer learning,knowledge,3,1 2 3,draft
CM-17,"Teaching, Training and Knowledge Transfer",core,CM-17-A05,Organisational Knowledge and Succession,CM-17-037,Onboarding a new metrologist,judgment,3,1 2 3,draft
CM-17,"Teaching, Training and Knowledge Transfer",core,CM-17-A05,Organisational Knowledge and Succession,CM-17-038,Attracting people into metrology,judgment,3,1 2 3,draft
CM-17,"Teaching, Training and Knowledge Transfer",core,CM-17-A05,Organisational Knowledge and Succession,CM-17-039,Apprenticeship and formal qualification pathways,knowledge,3,1 2 3,draft
CM-18,"Project, Programme and Business Management",core,CM-18-A01,Project Management Fundamentals,CM-18-001,"Defining scope, deliverables and acceptance criteria",skill,4,1 2 3 4,draft
CM-18,"Project, Programme and Business Management",core,CM-18-A01,Project Management Fundamentals,CM-18-002,Work breakdown and estimation,skill,4,1 2 3 4,draft
CM-18,"Project, Programme and Business Management",core,CM-18-A01,Project Management Fundamentals,CM-18-003,"Scheduling, dependencies and critical path",skill,4,1 2 3 4,draft
CM-18,"Project, Programme and Business Management",core,CM-18-A01,Project Management Fundamentals,CM-18-004,Resource planning and allocation,skill,3,1 2 3,draft
CM-18,"Project, Programme and Business Management",core,CM-18-A01,Project Management Fundamentals,CM-18-005,"Risk identification, assessment and mitigation",judgment,4,1 2 3 4,draft
CM-18,"Project, Programme and Business Management",core,CM-18-A01,Project Management Fundamentals,CM-18-006,Progress tracking and honest status reporting,judgment,3,1 2 3,draft
CM-18,"Project, Programme and Business Management",core,CM-18-A01,Project Management Fundamentals,CM-18-007,Change control and scope management,skill,3,1 2 3,draft
CM-18,"Project, Programme and Business Management",core,CM-18-A01,Project Management Fundamentals,CM-18-008,Project closure and lessons learned,skill,3,1 2 3,draft
CM-18,"Project, Programme and Business Management",core,CM-18-A01,Project Management Fundamentals,CM-18-009,Iterative and adaptive delivery approaches,knowledge,3,1 2 3,draft
CM-18,"Project, Programme and Business Management",core,CM-18-A02,The Business Case for Measurement,CM-18-010,Cost of poor measurement quantified,judgment,5,1 2 3 4 5,draft
CM-18,"Project, Programme and Business Management",core,CM-18-A02,The Business Case for Measurement,CM-18-011,Cost of quality and the economics of prevention,judgment,4,1 2 3 4,draft
CM-18,"Project, Programme and Business Management",core,CM-18-A02,The Business Case for Measurement,CM-18-012,Building a capital business case for measurement capability,judgment,4,1 2 3 4,draft
CM-18,"Project, Programme and Business Management",core,CM-18-A02,The Business Case for Measurement,CM-18-013,"Return on investment, payback and total cost of ownership",skill,3,1 2 3,draft
CM-18,"Project, Programme and Business Management",core,CM-18-A02,The Business Case for Measurement,CM-18-014,Make or buy analysis for calibration capability,judgment,4,1 2 3 4,draft
CM-18,"Project, Programme and Business Management",core,CM-18-A02,The Business Case for Measurement,CM-18-015,Quantifying the value of reduced measurement uncertainty,judgment,4,1 2 3 4,draft
CM-18,"Project, Programme and Business Management",core,CM-18-A02,The Business Case for Measurement,CM-18-016,Presenting a technical case in financial terms,skill,4,1 2 3 4,draft
CM-18,"Project, Programme and Business Management",core,CM-18-A02,The Business Case for Measurement,CM-18-017,Defending a metrology budget under pressure,judgment,5,1 2 3 4 5,draft
CM-18,"Project, Programme and Business Management",core,CM-18-A03,Operations and Performance Management,CM-18-018,Defining meaningful performance indicators for a laboratory,judgment,4,1 2 3 4,draft
CM-18,"Project, Programme and Business Management",core,CM-18-A03,Operations and Performance Management,CM-18-019,"Turnaround, throughput and utilisation",skill,3,1 2 3,draft
CM-18,"Project, Programme and Business Management",core,CM-18-A03,Operations and Performance Management,CM-18-020,Capacity planning and demand forecasting,judgment,4,1 2 3 4,draft
CM-18,"Project, Programme and Business Management",core,CM-18-A03,Operations and Performance Management,CM-18-021,Costing and pricing calibration services,skill,4,1 2 3 4,draft
CM-18,"Project, Programme and Business Management",core,CM-18-A03,Operations and Performance Management,CM-18-022,Continuous improvement methods applied to laboratory work,knowledge,4,1 2 3 4,draft
CM-18,"Project, Programme and Business Management",core,CM-18-A03,Operations and Performance Management,CM-18-023,Lean thinking and waste in measurement processes,knowledge,4,1 2 3 4,draft
CM-18,"Project, Programme and Business Management",core,CM-18-A03,Operations and Performance Management,CM-18-024,Metrics that distort behaviour when targeted,judgment,5,1 2 3 4 5,draft
CM-18,"Project, Programme and Business Management",core,CM-18-A04,"Stakeholders, Influence and Organisational Position",CM-18-025,Identifying stakeholders and their actual interests,skill,3,1 2 3,draft
CM-18,"Project, Programme and Business Management",core,CM-18-A04,"Stakeholders, Influence and Organisational Position",CM-18-026,Influence without authority,judgment,5,1 2 3 4 5,draft
CM-18,"Project, Programme and Business Management",core,CM-18-A04,"Stakeholders, Influence and Organisational Position",CM-18-027,Negotiating requirements and specifications,judgment,4,1 2 3 4,draft
CM-18,"Project, Programme and Business Management",core,CM-18-A04,"Stakeholders, Influence and Organisational Position",CM-18-028,Managing conflict between quality and delivery pressure,judgment,4,1 2 3 4,draft
CM-18,"Project, Programme and Business Management",core,CM-18-A04,"Stakeholders, Influence and Organisational Position",CM-18-029,Where metrology sits in an organisation and why it matters,knowledge,4,1 2 3 4,draft
CM-18,"Project, Programme and Business Management",core,CM-18-A04,"Stakeholders, Influence and Organisational Position",CM-18-030,Building a corporate metrology function,judgment,4,1 2 3 4,draft
CM-18,"Project, Programme and Business Management",core,CM-18-A04,"Stakeholders, Influence and Organisational Position",CM-18-031,Standardising measurement practice across multiple sites,judgment,4,1 2 3 4,draft
CM-18,"Project, Programme and Business Management",core,CM-18-A04,"Stakeholders, Influence and Organisational Position",CM-18-032,"Working with procurement, engineering and production",judgment,3,1 2 3,draft
CM-18,"Project, Programme and Business Management",core,CM-18-A05,"Contracts, Suppliers and Customers",CM-18-033,Contract review and identifying undeliverable requirements,judgment,3,1 2 3,draft
CM-18,"Project, Programme and Business Management",core,CM-18-A05,"Contracts, Suppliers and Customers",CM-18-034,Specifying measurement requirements in a purchase contract,judgment,4,1 2 3 4,draft
CM-18,"Project, Programme and Business Management",core,CM-18-A05,"Contracts, Suppliers and Customers",CM-18-035,"Supplier qualification, monitoring and de-listing",judgment,4,1 2 3 4,draft
CM-18,"Project, Programme and Business Management",core,CM-18-A05,"Contracts, Suppliers and Customers",CM-18-036,Service level agreements for calibration,skill,3,1 2 3,draft
CM-18,"Project, Programme and Business Management",core,CM-18-A05,"Contracts, Suppliers and Customers",CM-18-037,Customer relationship and expectation management,judgment,3,1 2 3,draft
CM-18,"Project, Programme and Business Management",core,CM-18-A05,"Contracts, Suppliers and Customers",CM-18-038,Handling complaints and disputed results,judgment,4,1 2 3 4,draft
CM-18,"Project, Programme and Business Management",core,CM-18-A05,"Contracts, Suppliers and Customers",CM-18-039,Commercial confidentiality and competing customers,knowledge,3,1 2 3,draft
CM-18,"Project, Programme and Business Management",core,CM-18-A06,Leading a Technical Function,CM-18-040,Technical leadership contrasted with people management,judgment,4,1 2 3 4,draft
CM-18,"Project, Programme and Business Management",core,CM-18-A06,Leading a Technical Function,CM-18-041,Setting technical direction and strategy,judgment,5,1 2 3 4 5,draft
CM-18,"Project, Programme and Business Management",core,CM-18-A06,Leading a Technical Function,CM-18-042,Recruiting for metrology roles,skill,3,1 2 3,draft
CM-18,"Project, Programme and Business Management",core,CM-18-A06,Leading a Technical Function,CM-18-043,"Retention, progression and the technical career ladder",judgment,3,1 2 3,draft
CM-18,"Project, Programme and Business Management",core,CM-18-A06,Leading a Technical Function,CM-18-044,Delegation and holding technical accountability,judgment,4,1 2 3 4,draft
CM-18,"Project, Programme and Business Management",core,CM-18-A06,Leading a Technical Function,CM-18-045,Managing a distributed or multi-site team,judgment,4,1 2 3 4,draft
CM-18,"Project, Programme and Business Management",core,CM-18-A06,Leading a Technical Function,CM-18-046,"Leading through a merger, closure or relocation",judgment,4,1 2 3 4,draft
CM-19,"Ethics, Legal and Regulatory Metrology",core,CM-19-A01,Professional Ethics,CM-19-001,Professional obligations of a metrologist,knowledge,3,1 2 3,draft
CM-19,"Ethics, Legal and Regulatory Metrology",core,CM-19-A01,Professional Ethics,CM-19-002,Honesty in reporting and the duty not to mislead,judgment,5,1 2 3 4 5,draft
CM-19,"Ethics, Legal and Regulatory Metrology",core,CM-19-A01,Professional Ethics,CM-19-003,"Data selection, exclusion and the boundary with fabrication",judgment,5,1 2 3 4 5,draft
CM-19,"Ethics, Legal and Regulatory Metrology",core,CM-19-A01,Professional Ethics,CM-19-004,Pressure to report a favourable result,judgment,4,1 2 3 4,draft
CM-19,"Ethics, Legal and Regulatory Metrology",core,CM-19-A01,Professional Ethics,CM-19-005,Conflicts of interest and impartiality in practice,judgment,4,1 2 3 4,draft
CM-19,"Ethics, Legal and Regulatory Metrology",core,CM-19-A01,Professional Ethics,CM-19-006,Competence limits and declining work you cannot do,judgment,4,1 2 3 4,draft
CM-19,"Ethics, Legal and Regulatory Metrology",core,CM-19-A01,Professional Ethics,CM-19-007,Confidentiality and its limits,knowledge,3,1 2 3,draft
CM-19,"Ethics, Legal and Regulatory Metrology",core,CM-19-A01,Professional Ethics,CM-19-008,Raising concerns and whistleblowing,judgment,4,1 2 3 4,draft
CM-19,"Ethics, Legal and Regulatory Metrology",core,CM-19-A01,Professional Ethics,CM-19-009,Research integrity and authorship,judgment,3,1 2 3,draft
CM-19,"Ethics, Legal and Regulatory Metrology",core,CM-19-A01,Professional Ethics,CM-19-010,Case studies in measurement-related failure and misconduct,knowledge,4,1 2 3 4,draft
CM-19,"Ethics, Legal and Regulatory Metrology",core,CM-19-A02,Legal Metrology Frameworks,CM-19-011,What legal metrology is and where it applies,knowledge,3,1 2 3,draft
CM-19,"Ethics, Legal and Regulatory Metrology",core,CM-19-A02,Legal Metrology Frameworks,CM-19-012,"OIML structure, recommendations and documents",knowledge,3,1 2 3,draft
CM-19,"Ethics, Legal and Regulatory Metrology",core,CM-19-A02,Legal Metrology Frameworks,CM-19-013,The OIML certification system,knowledge,3,1 2 3,draft
CM-19,"Ethics, Legal and Regulatory Metrology",core,CM-19-A02,Legal Metrology Frameworks,CM-19-014,National legal metrology authorities and their powers,knowledge,3,1 2 3,draft
CM-19,"Ethics, Legal and Regulatory Metrology",core,CM-19-A02,Legal Metrology Frameworks,CM-19-015,Regional frameworks and the European measuring instruments directives,knowledge,3,1 2 3,draft
CM-19,"Ethics, Legal and Regulatory Metrology",core,CM-19-A02,Legal Metrology Frameworks,CM-19-016,Type approval and pattern evaluation,knowledge,4,1 2 3 4,draft
CM-19,"Ethics, Legal and Regulatory Metrology",core,CM-19-A02,Legal Metrology Frameworks,CM-19-017,Initial and subsequent verification of regulated instruments,knowledge,4,1 2 3 4,draft
CM-19,"Ethics, Legal and Regulatory Metrology",core,CM-19-A02,Legal Metrology Frameworks,CM-19-018,"Sealing, security and prevention of unauthorised adjustment",knowledge,4,1 2 3 4,draft
CM-19,"Ethics, Legal and Regulatory Metrology",core,CM-19-A02,Legal Metrology Frameworks,CM-19-019,Market surveillance and enforcement,knowledge,3,1 2 3,draft
CM-19,"Ethics, Legal and Regulatory Metrology",core,CM-19-A03,Regulated Measurement Sectors,CM-19-020,Trade measurement and weights and measures enforcement,knowledge,3,1 2 3,draft
CM-19,"Ethics, Legal and Regulatory Metrology",core,CM-19-A03,Regulated Measurement Sectors,CM-19-021,Prepackaged goods and average quantity systems,knowledge,4,1 2 3 4,draft
CM-19,"Ethics, Legal and Regulatory Metrology",core,CM-19-A03,Regulated Measurement Sectors,CM-19-022,"Utility metering: electricity, gas, water and heat",knowledge,4,1 2 3 4,draft
CM-19,"Ethics, Legal and Regulatory Metrology",core,CM-19-A03,Regulated Measurement Sectors,CM-19-023,Fuel dispensing and custody transfer,knowledge,3,1 2 3,draft
CM-19,"Ethics, Legal and Regulatory Metrology",core,CM-19-A03,Regulated Measurement Sectors,CM-19-024,Medical and clinical measurement regulation,knowledge,4,1 2 3 4,draft
CM-19,"Ethics, Legal and Regulatory Metrology",core,CM-19-A03,Regulated Measurement Sectors,CM-19-025,Pharmaceutical GMP and measurement obligations,knowledge,4,1 2 3 4,draft
CM-19,"Ethics, Legal and Regulatory Metrology",core,CM-19-A03,Regulated Measurement Sectors,CM-19-026,Environmental and emissions monitoring requirements,knowledge,4,1 2 3 4,draft
CM-19,"Ethics, Legal and Regulatory Metrology",core,CM-19-A03,Regulated Measurement Sectors,CM-19-027,"Road safety, speed and breath alcohol measurement",knowledge,3,1 2 3,draft
CM-19,"Ethics, Legal and Regulatory Metrology",core,CM-19-A03,Regulated Measurement Sectors,CM-19-028,"Nuclear, radiation and safety-critical measurement regimes",knowledge,4,1 2 3 4,draft
CM-19,"Ethics, Legal and Regulatory Metrology",core,CM-19-A03,Regulated Measurement Sectors,CM-19-029,"Aviation, defence and space measurement requirements",knowledge,4,1 2 3 4,draft
CM-19,"Ethics, Legal and Regulatory Metrology",core,CM-19-A04,Measurement in Law and Dispute,CM-19-030,Measurement evidence in legal proceedings,knowledge,4,1 2 3 4,draft
CM-19,"Ethics, Legal and Regulatory Metrology",core,CM-19-A04,Measurement in Law and Dispute,CM-19-031,Chain of custody for measured items and data,skill,4,1 2 3 4,draft
CM-19,"Ethics, Legal and Regulatory Metrology",core,CM-19-A04,Measurement in Law and Dispute,CM-19-032,Acting as a technical or expert witness,judgment,5,1 2 3 4 5,draft
CM-19,"Ethics, Legal and Regulatory Metrology",core,CM-19-A04,Measurement in Law and Dispute,CM-19-033,Uncertainty and the burden of proof,judgment,4,1 2 3 4,draft
CM-19,"Ethics, Legal and Regulatory Metrology",core,CM-19-A04,Measurement in Law and Dispute,CM-19-034,Contractual disputes over measurement results,judgment,4,1 2 3 4,draft
CM-19,"Ethics, Legal and Regulatory Metrology",core,CM-19-A04,Measurement in Law and Dispute,CM-19-035,"Liability, negligence and professional exposure",judgment,4,1 2 3 4,draft
CM-19,"Ethics, Legal and Regulatory Metrology",core,CM-19-A04,Measurement in Law and Dispute,CM-19-036,Record retention for legal and regulatory purposes,knowledge,4,1 2 3 4,draft
CM-19,"Ethics, Legal and Regulatory Metrology",core,CM-19-A05,"Compliance, Export Control and Data Protection",CM-19-037,Export control and controlled technology in metrology,knowledge,3,1 2 3,draft
CM-19,"Ethics, Legal and Regulatory Metrology",core,CM-19-A05,"Compliance, Export Control and Data Protection",CM-19-038,Classified and restricted measurement environments,knowledge,3,1 2 3,draft
CM-19,"Ethics, Legal and Regulatory Metrology",core,CM-19-A05,"Compliance, Export Control and Data Protection",CM-19-039,Personal data protection in competence and personnel records,knowledge,3,1 2 3,draft
CM-19,"Ethics, Legal and Regulatory Metrology",core,CM-19-A05,"Compliance, Export Control and Data Protection",CM-19-040,Cross-border transfer of data and instruments,knowledge,3,1 2 3,draft
CM-19,"Ethics, Legal and Regulatory Metrology",core,CM-19-A05,"Compliance, Export Control and Data Protection",CM-19-041,"Intellectual property in methods, data and procedures",knowledge,4,1 2 3 4,draft
CM-19,"Ethics, Legal and Regulatory Metrology",core,CM-19-A05,"Compliance, Export Control and Data Protection",CM-19-042,Standards copyright and lawful use of normative documents,knowledge,4,1 2 3 4,draft
CM-19,"Ethics, Legal and Regulatory Metrology",core,CM-19-A05,"Compliance, Export Control and Data Protection",CM-19-043,Anti-bribery and integrity in accreditation and certification,knowledge,3,1 2 3,draft
CM-19,"Ethics, Legal and Regulatory Metrology",core,CM-19-A06,"Measurement, Society and Sustainability",CM-19-044,Measurement in public trust and consumer protection,knowledge,3,1 2 3,draft
CM-19,"Ethics, Legal and Regulatory Metrology",core,CM-19-A06,"Measurement, Society and Sustainability",CM-19-045,Metrology for climate and environmental accountability,knowledge,4,1 2 3 4,draft
CM-19,"Ethics, Legal and Regulatory Metrology",core,CM-19-A06,"Measurement, Society and Sustainability",CM-19-046,Measurement equity and access in developing metrology systems,knowledge,3,1 2 3,draft
CM-19,"Ethics, Legal and Regulatory Metrology",core,CM-19-A06,"Measurement, Society and Sustainability",CM-19-047,Sustainability of laboratory operations,knowledge,3,1 2 3,draft
CM-19,"Ethics, Legal and Regulatory Metrology",core,CM-19-A06,"Measurement, Society and Sustainability",CM-19-048,Measurement claims in marketing and advertising,judgment,3,1 2 3,draft
CM-20,"Research, Development and Innovation in Metrology",core,CM-20-A01,Framing a Research Problem,CM-20-001,Identifying a measurement capability gap worth closing,judgment,5,1 2 3 4 5,draft
CM-20,"Research, Development and Innovation in Metrology",core,CM-20-A01,Framing a Research Problem,CM-20-002,Literature review and establishing the state of the art,skill,3,1 2 3,draft
CM-20,"Research, Development and Innovation in Metrology",core,CM-20-A01,Framing a Research Problem,CM-20-003,Formulating a tractable research question,judgment,5,1 2 3 4 5,draft
CM-20,"Research, Development and Innovation in Metrology",core,CM-20-A01,Framing a Research Problem,CM-20-004,Feasibility assessment and early termination,judgment,4,1 2 3 4,draft
CM-20,"Research, Development and Innovation in Metrology",core,CM-20-A01,Framing a Research Problem,CM-20-005,Distinguishing incremental improvement from a genuine advance,judgment,4,1 2 3 4,draft
CM-20,"Research, Development and Innovation in Metrology",core,CM-20-A01,Framing a Research Problem,CM-20-006,Research roadmaps and long-horizon capability planning,judgment,4,1 2 3 4,draft
CM-20,"Research, Development and Innovation in Metrology",core,CM-20-A02,Developing New Measurement Capability,CM-20-007,Designing a new measurement method from first principles,judgment,5,1 2 3 4 5,draft
CM-20,"Research, Development and Innovation in Metrology",core,CM-20-A02,Developing New Measurement Capability,CM-20-008,Prototype apparatus design and iteration,skill,4,1 2 3 4,draft
CM-20,"Research, Development and Innovation in Metrology",core,CM-20-A02,Developing New Measurement Capability,CM-20-009,Establishing a new primary realisation,judgment,5,1 2 3 4 5,draft
CM-20,"Research, Development and Innovation in Metrology",core,CM-20-A02,Developing New Measurement Capability,CM-20-010,Characterising a novel instrument with no reference to compare against,judgment,5,1 2 3 4 5,draft
CM-20,"Research, Development and Innovation in Metrology",core,CM-20-A02,Developing New Measurement Capability,CM-20-011,Uncertainty evaluation for a method that has never been evaluated,judgment,5,1 2 3 4 5,draft
CM-20,"Research, Development and Innovation in Metrology",core,CM-20-A02,Developing New Measurement Capability,CM-20-012,Validating a new capability by independent route,judgment,4,1 2 3 4,draft
CM-20,"Research, Development and Innovation in Metrology",core,CM-20-A02,Developing New Measurement Capability,CM-20-013,Transitioning a research method into routine service,judgment,4,1 2 3 4,draft
CM-20,"Research, Development and Innovation in Metrology",core,CM-20-A02,Developing New Measurement Capability,CM-20-014,Technology readiness assessment for measurement capability,knowledge,4,1 2 3 4,draft
CM-20,"Research, Development and Innovation in Metrology",core,CM-20-A03,Research Practice and Rigour,CM-20-015,Experimental design for research rather than routine work,skill,4,1 2 3 4,draft
CM-20,"Research, Development and Innovation in Metrology",core,CM-20-A03,Research Practice and Rigour,CM-20-016,Controlling and documenting variables in a developing experiment,skill,4,1 2 3 4,draft
CM-20,"Research, Development and Innovation in Metrology",core,CM-20-A03,Research Practice and Rigour,CM-20-017,Recognising and pursuing an anomalous result,judgment,5,1 2 3 4 5,draft
CM-20,"Research, Development and Innovation in Metrology",core,CM-20-A03,Research Practice and Rigour,CM-20-018,Guarding against confirmation bias in your own work,judgment,5,1 2 3 4 5,draft
CM-20,"Research, Development and Innovation in Metrology",core,CM-20-A03,Research Practice and Rigour,CM-20-019,Reproducibility and the replication of measurement research,skill,4,1 2 3 4,draft
CM-20,"Research, Development and Innovation in Metrology",core,CM-20-A03,Research Practice and Rigour,CM-20-020,Laboratory notebooks and research record keeping,skill,3,1 2 3,draft
CM-20,"Research, Development and Innovation in Metrology",core,CM-20-A03,Research Practice and Rigour,CM-20-021,Modelling and simulation as research tools,skill,4,1 2 3 4,draft
CM-20,"Research, Development and Innovation in Metrology",core,CM-20-A03,Research Practice and Rigour,CM-20-022,Knowing when a result is ready to publish,judgment,4,1 2 3 4,draft
CM-20,"Research, Development and Innovation in Metrology",core,CM-20-A04,Collaboration and Comparison,CM-20-023,Designing and running an international comparison,skill,5,1 2 3 4 5,draft
CM-20,"Research, Development and Innovation in Metrology",core,CM-20-A04,Collaboration and Comparison,CM-20-024,Piloting a key comparison,skill,5,1 2 3 4 5,draft
CM-20,"Research, Development and Innovation in Metrology",core,CM-20-A04,Collaboration and Comparison,CM-20-025,Collaborative research across institutions,judgment,4,1 2 3 4,draft
CM-20,"Research, Development and Innovation in Metrology",core,CM-20-A04,Collaboration and Comparison,CM-20-026,Industry and academic partnership in measurement research,judgment,4,1 2 3 4,draft
CM-20,"Research, Development and Innovation in Metrology",core,CM-20-A04,Collaboration and Comparison,CM-20-027,Working within consultative committees and technical working groups,judgment,4,1 2 3 4,draft
CM-20,"Research, Development and Innovation in Metrology",core,CM-20-A04,Collaboration and Comparison,CM-20-028,Contributing to standards development,judgment,4,1 2 3 4,draft
CM-20,"Research, Development and Innovation in Metrology",core,CM-20-A05,"Funding, Impact and Innovation Management",CM-20-029,Research funding landscapes for metrology,knowledge,3,1 2 3,draft
CM-20,"Research, Development and Innovation in Metrology",core,CM-20-A05,"Funding, Impact and Innovation Management",CM-20-030,Writing a research proposal,skill,4,1 2 3 4,draft
CM-20,"Research, Development and Innovation in Metrology",core,CM-20-A05,"Funding, Impact and Innovation Management",CM-20-031,Demonstrating impact of measurement research,judgment,4,1 2 3 4,draft
CM-20,"Research, Development and Innovation in Metrology",core,CM-20-A05,"Funding, Impact and Innovation Management",CM-20-032,"Intellectual property, patents and disclosure",knowledge,3,1 2 3,draft
CM-20,"Research, Development and Innovation in Metrology",core,CM-20-A05,"Funding, Impact and Innovation Management",CM-20-033,Technology transfer and commercialisation,judgment,3,1 2 3,draft
CM-20,"Research, Development and Innovation in Metrology",core,CM-20-A05,"Funding, Impact and Innovation Management",CM-20-034,Managing a research portfolio and balancing risk,judgment,5,1 2 3 4 5,draft
CM-20,"Research, Development and Innovation in Metrology",core,CM-20-A05,"Funding, Impact and Innovation Management",CM-20-035,Emerging measurement needs and horizon scanning,judgment,5,1 2 3 4 5,draft
CM-21,Artificial Intelligence and Machine Learning in Metrology,core,CM-21-A01,Foundations,CM-21-001,"What machine learning is, in terms a metrologist can audit",knowledge,4,1 2 3 4,draft
CM-21,Artificial Intelligence and Machine Learning in Metrology,core,CM-21-A01,Foundations,CM-21-002,"Supervised, unsupervised and reinforcement learning distinguished",knowledge,3,1 2 3,draft
CM-21,Artificial Intelligence and Machine Learning in Metrology,core,CM-21-A01,Foundations,CM-21-003,"Training, validation and test data and the discipline of separation",knowledge,3,1 2 3,draft
CM-21,Artificial Intelligence and Machine Learning in Metrology,core,CM-21-A01,Foundations,CM-21-004,"Overfitting, generalisation and the limits of a fitted model",judgment,5,1 2 3 4 5,draft
CM-21,Artificial Intelligence and Machine Learning in Metrology,core,CM-21-A01,Foundations,CM-21-005,Regression and classification as measurement-adjacent tasks,knowledge,3,1 2 3,draft
CM-21,Artificial Intelligence and Machine Learning in Metrology,core,CM-21-A01,Foundations,CM-21-006,Neural networks and deep learning at a working level,knowledge,4,1 2 3 4,draft
CM-21,Artificial Intelligence and Machine Learning in Metrology,core,CM-21-A01,Foundations,CM-21-007,Large language models: capabilities and failure modes,knowledge,4,1 2 3 4,draft
CM-21,Artificial Intelligence and Machine Learning in Metrology,core,CM-21-A01,Foundations,CM-21-008,Where statistical modelling ends and machine learning begins,judgment,5,1 2 3 4 5,draft
CM-21,Artificial Intelligence and Machine Learning in Metrology,core,CM-21-A02,Using AI Tools as a Practitioner,CM-21-009,Effective use of AI assistants for technical work,skill,4,1 2 3 4,draft
CM-21,Artificial Intelligence and Machine Learning in Metrology,core,CM-21-A02,Using AI Tools as a Practitioner,CM-21-010,Verifying AI output against authoritative sources,judgment,4,1 2 3 4,draft
CM-21,Artificial Intelligence and Machine Learning in Metrology,core,CM-21-A02,Using AI Tools as a Practitioner,CM-21-011,Recognising plausible-sounding but wrong technical content,judgment,5,1 2 3 4 5,draft
CM-21,Artificial Intelligence and Machine Learning in Metrology,core,CM-21-A02,Using AI Tools as a Practitioner,CM-21-012,"Fabricated citations, clauses and standards references",judgment,4,1 2 3 4,draft
CM-21,Artificial Intelligence and Machine Learning in Metrology,core,CM-21-A02,Using AI Tools as a Practitioner,CM-21-013,"AI for literature search, drafting and code generation",skill,4,1 2 3 4,draft
CM-21,Artificial Intelligence and Machine Learning in Metrology,core,CM-21-A02,Using AI Tools as a Practitioner,CM-21-014,Confidentiality and data exposure when using external AI services,judgment,4,1 2 3 4,draft
CM-21,Artificial Intelligence and Machine Learning in Metrology,core,CM-21-A02,Using AI Tools as a Practitioner,CM-21-015,Disclosing AI assistance in technical work,knowledge,3,1 2 3,draft
CM-21,Artificial Intelligence and Machine Learning in Metrology,core,CM-21-A02,Using AI Tools as a Practitioner,CM-21-016,Deskilling risk and maintaining competence alongside AI use,judgment,5,1 2 3 4 5,draft
CM-21,Artificial Intelligence and Machine Learning in Metrology,core,CM-21-A03,AI Inside the Measurement Chain,CM-21-017,Where ML already appears in instruments and inspection systems,knowledge,3,1 2 3,draft
CM-21,Artificial Intelligence and Machine Learning in Metrology,core,CM-21-A03,AI Inside the Measurement Chain,CM-21-018,Machine vision for dimensional and surface inspection,knowledge,4,1 2 3 4,draft
CM-21,Artificial Intelligence and Machine Learning in Metrology,core,CM-21-A03,AI Inside the Measurement Chain,CM-21-019,Anomaly detection in measurement data,knowledge,4,1 2 3 4,draft
CM-21,Artificial Intelligence and Machine Learning in Metrology,core,CM-21-A03,AI Inside the Measurement Chain,CM-21-020,Predictive maintenance and interval optimisation using ML,knowledge,4,1 2 3 4,draft
CM-21,Artificial Intelligence and Machine Learning in Metrology,core,CM-21-A03,AI Inside the Measurement Chain,CM-21-021,Soft sensors and inferential measurement,knowledge,4,1 2 3 4,draft
CM-21,Artificial Intelligence and Machine Learning in Metrology,core,CM-21-A03,AI Inside the Measurement Chain,CM-21-022,Sensor fusion and learned calibration models,knowledge,4,1 2 3 4,draft
CM-21,Artificial Intelligence and Machine Learning in Metrology,core,CM-21-A03,AI Inside the Measurement Chain,CM-21-023,Traceability of a result produced by a learned model,judgment,5,1 2 3 4 5,draft
CM-21,Artificial Intelligence and Machine Learning in Metrology,core,CM-21-A03,AI Inside the Measurement Chain,CM-21-024,Validating an ML component in a measurement system,judgment,5,1 2 3 4 5,draft
CM-21,Artificial Intelligence and Machine Learning in Metrology,core,CM-21-A04,"Trustworthiness, Assurance and Governance",CM-21-025,Uncertainty quantification for machine learning predictions,skill,5,1 2 3 4 5,draft
CM-21,Artificial Intelligence and Machine Learning in Metrology,core,CM-21-A04,"Trustworthiness, Assurance and Governance",CM-21-026,Calibration of predicted probabilities,skill,4,1 2 3 4,draft
CM-21,Artificial Intelligence and Machine Learning in Metrology,core,CM-21-A04,"Trustworthiness, Assurance and Governance",CM-21-027,Explainability and interpretability requirements,judgment,4,1 2 3 4,draft
CM-21,Artificial Intelligence and Machine Learning in Metrology,core,CM-21-A04,"Trustworthiness, Assurance and Governance",CM-21-028,"Bias, dataset representativeness and distribution shift",judgment,5,1 2 3 4 5,draft
CM-21,Artificial Intelligence and Machine Learning in Metrology,core,CM-21-A04,"Trustworthiness, Assurance and Governance",CM-21-029,Out-of-distribution detection and knowing when a model is out of scope,judgment,4,1 2 3 4,draft
CM-21,Artificial Intelligence and Machine Learning in Metrology,core,CM-21-A04,"Trustworthiness, Assurance and Governance",CM-21-030,"Model drift, monitoring and retraining governance",judgment,4,1 2 3 4,draft
CM-21,Artificial Intelligence and Machine Learning in Metrology,core,CM-21-A04,"Trustworthiness, Assurance and Governance",CM-21-031,Reproducibility of a trained model,judgment,4,1 2 3 4,draft
CM-21,Artificial Intelligence and Machine Learning in Metrology,core,CM-21-A04,"Trustworthiness, Assurance and Governance",CM-21-032,Adversarial robustness and input manipulation,judgment,4,1 2 3 4,draft
CM-21,Artificial Intelligence and Machine Learning in Metrology,core,CM-21-A04,"Trustworthiness, Assurance and Governance",CM-21-033,Regulatory and standards landscape for AI assurance,knowledge,3,1 2 3,draft
CM-21,Artificial Intelligence and Machine Learning in Metrology,core,CM-21-A04,"Trustworthiness, Assurance and Governance",CM-21-034,Auditing an AI system in a regulated measurement context,judgment,4,1 2 3 4,draft
CM-21,Artificial Intelligence and Machine Learning in Metrology,core,CM-21-A05,Building ML Systems Responsibly,CM-21-035,Problem framing and deciding whether ML is the right tool,judgment,4,1 2 3 4,draft
CM-21,Artificial Intelligence and Machine Learning in Metrology,core,CM-21-A05,Building ML Systems Responsibly,CM-21-036,"Dataset construction, labelling and label uncertainty",skill,4,1 2 3 4,draft
CM-21,Artificial Intelligence and Machine Learning in Metrology,core,CM-21-A05,Building ML Systems Responsibly,CM-21-037,Feature engineering informed by measurement physics,skill,4,1 2 3 4,draft
CM-21,Artificial Intelligence and Machine Learning in Metrology,core,CM-21-A05,Building ML Systems Responsibly,CM-21-038,Model selection and honest evaluation,skill,4,1 2 3 4,draft
CM-21,Artificial Intelligence and Machine Learning in Metrology,core,CM-21-A05,Building ML Systems Responsibly,CM-21-039,Cross-validation and leakage in measurement data,skill,4,1 2 3 4,draft
CM-21,Artificial Intelligence and Machine Learning in Metrology,core,CM-21-A05,Building ML Systems Responsibly,CM-21-040,Physics-informed and constrained models,judgment,4,1 2 3 4,draft
CM-21,Artificial Intelligence and Machine Learning in Metrology,core,CM-21-A05,Building ML Systems Responsibly,CM-21-041,"Documentation: model cards, datasheets and intended use",skill,3,1 2 3,draft
CM-21,Artificial Intelligence and Machine Learning in Metrology,core,CM-21-A05,Building ML Systems Responsibly,CM-21-042,"Deployment, versioning and rollback of models",skill,4,1 2 3 4,draft
CM-21,Artificial Intelligence and Machine Learning in Metrology,core,CM-21-A06,Metrology for AI,CM-21-043,Measuring the performance of an AI system rigorously,skill,4,1 2 3 4,draft
CM-21,Artificial Intelligence and Machine Learning in Metrology,core,CM-21-A06,Metrology for AI,CM-21-044,"Benchmark design, contamination and gaming",judgment,5,1 2 3 4 5,draft
CM-21,Artificial Intelligence and Machine Learning in Metrology,core,CM-21-A06,Metrology for AI,CM-21-045,Uncertainty in AI evaluation results,skill,4,1 2 3 4,draft
CM-21,Artificial Intelligence and Machine Learning in Metrology,core,CM-21-A06,Metrology for AI,CM-21-046,Reference datasets and traceability for AI evaluation,skill,4,1 2 3 4,draft
CM-21,Artificial Intelligence and Machine Learning in Metrology,core,CM-21-A06,Metrology for AI,CM-21-047,The metrologist's contribution to AI standards and assurance,judgment,4,1 2 3 4,draft
CM-21,Artificial Intelligence and Machine Learning in Metrology,core,CM-21-A07,"Generative AI, Assisted Engineering and Model Provenance",CM-21-048,Evaluating a generative system: what can and cannot be measured,judgment,5,1 2 3 4 5,draft
CM-21,Artificial Intelligence and Machine Learning in Metrology,core,CM-21-A07,"Generative AI, Assisted Engineering and Model Provenance",CM-21-049,"Grounding, retrieval quality and factuality assessment",skill,5,1 2 3 4 5,draft
CM-21,Artificial Intelligence and Machine Learning in Metrology,core,CM-21-A07,"Generative AI, Assisted Engineering and Model Provenance",CM-21-050,Verifying citations and detecting fabricated references at scale,skill,4,1 2 3 4,draft
CM-21,Artificial Intelligence and Machine Learning in Metrology,core,CM-21-A07,"Generative AI, Assisted Engineering and Model Provenance",CM-21-051,Prompt sensitivity and the instability of generative results,judgment,5,1 2 3 4 5,draft
CM-21,Artificial Intelligence and Machine Learning in Metrology,core,CM-21-A07,"Generative AI, Assisted Engineering and Model Provenance",CM-21-052,"Nondeterminism, temperature and reproducibility of generated output",judgment,5,1 2 3 4 5,draft
CM-21,Artificial Intelligence and Machine Learning in Metrology,core,CM-21-A07,"Generative AI, Assisted Engineering and Model Provenance",CM-21-053,Model and version dependence of a result,judgment,5,1 2 3 4 5,draft
CM-21,Artificial Intelligence and Machine Learning in Metrology,core,CM-21-A07,"Generative AI, Assisted Engineering and Model Provenance",CM-21-054,AI-generated code in measurement software,judgment,5,1 2 3 4 5,draft
CM-21,Artificial Intelligence and Machine Learning in Metrology,core,CM-21-A07,"Generative AI, Assisted Engineering and Model Provenance",CM-21-055,Reviewing generated code for numerical correctness,skill,5,1 2 3 4 5,draft
CM-21,Artificial Intelligence and Machine Learning in Metrology,core,CM-21-A07,"Generative AI, Assisted Engineering and Model Provenance",CM-21-056,AI-generated tests and the risk of tests that confirm the bug,judgment,5,1 2 3 4 5,draft
CM-21,Artificial Intelligence and Machine Learning in Metrology,core,CM-21-A07,"Generative AI, Assisted Engineering and Model Provenance",CM-21-057,Hidden dependencies and supply chain risk in generated code,judgment,4,1 2 3 4,draft
CM-21,Artificial Intelligence and Machine Learning in Metrology,core,CM-21-A07,"Generative AI, Assisted Engineering and Model Provenance",CM-21-058,Recording which model produced a result,skill,5,1 2 3 4 5,draft
CM-21,Artificial Intelligence and Machine Learning in Metrology,core,CM-21-A07,"Generative AI, Assisted Engineering and Model Provenance",CM-21-059,Model provenance as part of the measurement result record,skill,5,1 2 3 4 5,draft
CM-22,"Human Factors, Safety and Risk",core,CM-22-A01,Human Performance in Measurement,CM-22-001,The operator as a component of the measurement system,knowledge,4,1 2 3 4,draft
CM-22,"Human Factors, Safety and Risk",core,CM-22-A01,Human Performance in Measurement,CM-22-002,"Perception, reading error and parallax",knowledge,3,1 2 3,draft
CM-22,"Human Factors, Safety and Risk",core,CM-22-A01,Human Performance in Measurement,CM-22-003,"Attention, vigilance and repetitive task degradation",knowledge,4,1 2 3 4,draft
CM-22,"Human Factors, Safety and Risk",core,CM-22-A01,Human Performance in Measurement,CM-22-004,"Fatigue, shift work and circadian effects on performance",knowledge,4,1 2 3 4,draft
CM-22,"Human Factors, Safety and Risk",core,CM-22-A01,Human Performance in Measurement,CM-22-005,Expectation bias and reading what you expect to see,knowledge,5,1 2 3 4 5,draft
CM-22,"Human Factors, Safety and Risk",core,CM-22-A01,Human Performance in Measurement,CM-22-006,"Anchoring, rounding habits and digit preference",knowledge,4,1 2 3 4,draft
CM-22,"Human Factors, Safety and Risk",core,CM-22-A01,Human Performance in Measurement,CM-22-007,Blinding and masking to control observer bias,skill,4,1 2 3 4,draft
CM-22,"Human Factors, Safety and Risk",core,CM-22-A01,Human Performance in Measurement,CM-22-008,Quantifying operator contribution to uncertainty,skill,5,1 2 3 4 5,draft
CM-22,"Human Factors, Safety and Risk",core,CM-22-A02,"Error, Violation and System Design",CM-22-009,"Slips, lapses, mistakes and violations distinguished",knowledge,4,1 2 3 4,draft
CM-22,"Human Factors, Safety and Risk",core,CM-22-A02,"Error, Violation and System Design",CM-22-010,Latent conditions and the systemic origin of human error,judgment,5,1 2 3 4 5,draft
CM-22,"Human Factors, Safety and Risk",core,CM-22-A02,"Error, Violation and System Design",CM-22-011,Error-tolerant procedure and interface design,judgment,4,1 2 3 4,draft
CM-22,"Human Factors, Safety and Risk",core,CM-22-A02,"Error, Violation and System Design",CM-22-012,"Checklists, independent verification and double-checking",skill,4,1 2 3 4,draft
CM-22,"Human Factors, Safety and Risk",core,CM-22-A02,"Error, Violation and System Design",CM-22-013,Automation surprise and mode confusion,judgment,4,1 2 3 4,draft
CM-22,"Human Factors, Safety and Risk",core,CM-22-A02,"Error, Violation and System Design",CM-22-014,Just culture and reporting without blame,judgment,4,1 2 3 4,draft
CM-22,"Human Factors, Safety and Risk",core,CM-22-A02,"Error, Violation and System Design",CM-22-015,Investigating an error without stopping at operator fault,judgment,4,1 2 3 4,draft
CM-22,"Human Factors, Safety and Risk",core,CM-22-A02,"Error, Violation and System Design",CM-22-016,"Workload, time pressure and their effect on measurement quality",judgment,4,1 2 3 4,draft
CM-22,"Human Factors, Safety and Risk",core,CM-22-A03,Ergonomics and the Working Environment,CM-22-017,Workstation design for precision manual tasks,skill,3,1 2 3,draft
CM-22,"Human Factors, Safety and Risk",core,CM-22-A03,Ergonomics and the Working Environment,CM-22-018,"Lighting, magnification and visual ergonomics",knowledge,3,1 2 3,draft
CM-22,"Human Factors, Safety and Risk",core,CM-22-A03,Ergonomics and the Working Environment,CM-22-019,Manual handling of heavy standards and artefacts,knowledge,3,1 2 3,draft
CM-22,"Human Factors, Safety and Risk",core,CM-22-A03,Ergonomics and the Working Environment,CM-22-020,Repetitive strain and long-duration measurement tasks,knowledge,3,1 2 3,draft
CM-22,"Human Factors, Safety and Risk",core,CM-22-A03,Ergonomics and the Working Environment,CM-22-021,"Display, alarm and interface design in the laboratory",knowledge,4,1 2 3 4,draft
CM-22,"Human Factors, Safety and Risk",core,CM-22-A03,Ergonomics and the Working Environment,CM-22-022,Accessibility and inclusive laboratory design,knowledge,4,1 2 3 4,draft
CM-22,"Human Factors, Safety and Risk",core,CM-22-A04,Laboratory Safety,CM-22-023,Hazard identification and risk assessment for measurement work,judgment,4,1 2 3 4,draft
CM-22,"Human Factors, Safety and Risk",core,CM-22-A04,Laboratory Safety,CM-22-024,Electrical safety and high voltage work,skill,4,1 2 3 4,draft
CM-22,"Human Factors, Safety and Risk",core,CM-22-A04,Laboratory Safety,CM-22-025,"Pressure, vacuum and stored energy hazards",skill,4,1 2 3 4,draft
CM-22,"Human Factors, Safety and Risk",core,CM-22-A04,Laboratory Safety,CM-22-026,"Mechanical, lifting and crush hazards",skill,4,1 2 3 4,draft
CM-22,"Human Factors, Safety and Risk",core,CM-22-A04,Laboratory Safety,CM-22-027,Chemical hazards and safe handling,skill,4,1 2 3 4,draft
CM-22,"Human Factors, Safety and Risk",core,CM-22-A04,Laboratory Safety,CM-22-028,Laser and optical radiation safety,skill,4,1 2 3 4,draft
CM-22,"Human Factors, Safety and Risk",core,CM-22-A04,Laboratory Safety,CM-22-029,Ionising radiation safety and dose control,skill,4,1 2 3 4,draft
CM-22,"Human Factors, Safety and Risk",core,CM-22-A04,Laboratory Safety,CM-22-030,"Cryogenic, thermal and asphyxiation hazards",skill,4,1 2 3 4,draft
CM-22,"Human Factors, Safety and Risk",core,CM-22-A04,Laboratory Safety,CM-22-031,Magnetic field and RF exposure hazards,skill,4,1 2 3 4,draft
CM-22,"Human Factors, Safety and Risk",core,CM-22-A04,Laboratory Safety,CM-22-032,"Permit to work, isolation and lockout",skill,4,1 2 3 4,draft
CM-22,"Human Factors, Safety and Risk",core,CM-22-A04,Laboratory Safety,CM-22-033,Emergency response and incident reporting,skill,3,1 2 3,draft
CM-22,"Human Factors, Safety and Risk",core,CM-22-A04,Laboratory Safety,CM-22-034,Safety on customer sites and in the field,skill,4,1 2 3 4,draft
CM-22,"Human Factors, Safety and Risk",core,CM-22-A05,"Teams, Culture and Wellbeing",CM-22-035,Psychological safety and willingness to report a doubtful result,judgment,5,1 2 3 4 5,draft
CM-22,"Human Factors, Safety and Risk",core,CM-22-A05,"Teams, Culture and Wellbeing",CM-22-036,Handover and communication between shifts and teams,skill,4,1 2 3 4,draft
CM-22,"Human Factors, Safety and Risk",core,CM-22-A05,"Teams, Culture and Wellbeing",CM-22-037,Speaking up across a hierarchy,judgment,4,1 2 3 4,draft
CM-22,"Human Factors, Safety and Risk",core,CM-22-A05,"Teams, Culture and Wellbeing",CM-22-038,Isolation and lone working in specialist roles,judgment,3,1 2 3,draft
CM-22,"Human Factors, Safety and Risk",core,CM-22-A05,"Teams, Culture and Wellbeing",CM-22-039,"Sustained pressure, burnout and technical judgement",judgment,4,1 2 3 4,draft
CM-22,"Human Factors, Safety and Risk",core,CM-22-A05,"Teams, Culture and Wellbeing",CM-22-040,Building a measurement culture that values being right over being fast,judgment,4,1 2 3 4,draft
DP-01,Dimensional and Geometric Metrology,discipline,DP-01-A01,Length Standards and Realisation,DP-01-001,Definition and practical realisation of the metre,knowledge,5,1 2 3 4 5,draft
DP-01,Dimensional and Geometric Metrology,discipline,DP-01-A01,Length Standards and Realisation,DP-01-002,Iodine-stabilised lasers and recommended radiations,knowledge,4,1 2 3 4,draft
DP-01,Dimensional and Geometric Metrology,discipline,DP-01-A01,Length Standards and Realisation,DP-01-003,"Gauge blocks: construction, grades and wringing",knowledge,3,1 2 3,draft
DP-01,Dimensional and Geometric Metrology,discipline,DP-01-A01,Length Standards and Realisation,DP-01-004,Interferometric calibration of gauge blocks,skill,5,1 2 3 4 5,draft
DP-01,Dimensional and Geometric Metrology,discipline,DP-01-A01,Length Standards and Realisation,DP-01-005,Mechanical comparison of gauge blocks,skill,4,1 2 3 4,draft
DP-01,Dimensional and Geometric Metrology,discipline,DP-01-A01,Length Standards and Realisation,DP-01-006,"Length bars, step gauges and long-length artefacts",skill,4,1 2 3 4,draft
DP-01,Dimensional and Geometric Metrology,discipline,DP-01-A01,Length Standards and Realisation,DP-01-007,Line scales and graduated standards,skill,4,1 2 3 4,draft
DP-01,Dimensional and Geometric Metrology,discipline,DP-01-A01,Length Standards and Realisation,DP-01-008,Ball and sphere artefacts,skill,4,1 2 3 4,draft
DP-01,Dimensional and Geometric Metrology,discipline,DP-01-A01,Length Standards and Realisation,DP-01-009,Ring and plug gauges,skill,4,1 2 3 4,draft
DP-01,Dimensional and Geometric Metrology,discipline,DP-01-A01,Length Standards and Realisation,DP-01-010,Thermal expansion correction and the 20 degree reference,skill,4,1 2 3 4,draft
DP-01,Dimensional and Geometric Metrology,discipline,DP-01-A01,Length Standards and Realisation,DP-01-011,Refractive index of air and the Edlen equation,skill,5,1 2 3 4 5,draft
DP-01,Dimensional and Geometric Metrology,discipline,DP-01-A02,Hand Tools and Shop-Floor Instruments,DP-01-012,"Micrometers: principle, error sources and calibration",skill,4,1 2 3 4,draft
DP-01,Dimensional and Geometric Metrology,discipline,DP-01-A02,Hand Tools and Shop-Floor Instruments,DP-01-013,Vernier and digital calipers,skill,4,1 2 3 4,draft
DP-01,Dimensional and Geometric Metrology,discipline,DP-01-A02,Hand Tools and Shop-Floor Instruments,DP-01-014,Dial and digital indicators,skill,4,1 2 3 4,draft
DP-01,Dimensional and Geometric Metrology,discipline,DP-01-A02,Hand Tools and Shop-Floor Instruments,DP-01-015,Height gauges and surface plates,skill,4,1 2 3 4,draft
DP-01,Dimensional and Geometric Metrology,discipline,DP-01-A02,Hand Tools and Shop-Floor Instruments,DP-01-016,Bore gauges and internal measurement,skill,4,1 2 3 4,draft
DP-01,Dimensional and Geometric Metrology,discipline,DP-01-A02,Hand Tools and Shop-Floor Instruments,DP-01-017,Depth gauges and step measurement,skill,3,1 2 3,draft
DP-01,Dimensional and Geometric Metrology,discipline,DP-01-A02,Hand Tools and Shop-Floor Instruments,DP-01-018,"Squares, straightedges and angle plates",skill,4,1 2 3 4,draft
DP-01,Dimensional and Geometric Metrology,discipline,DP-01-A02,Hand Tools and Shop-Floor Instruments,DP-01-019,"Measuring force, feel and operator-dependent error",judgment,4,1 2 3 4,draft
DP-01,Dimensional and Geometric Metrology,discipline,DP-01-A02,Hand Tools and Shop-Floor Instruments,DP-01-020,Abbe error and cosine error,knowledge,5,1 2 3 4 5,draft
DP-01,Dimensional and Geometric Metrology,discipline,DP-01-A02,Hand Tools and Shop-Floor Instruments,DP-01-021,Elastic deformation and contact effects in measurement,knowledge,4,1 2 3 4,draft
DP-01,Dimensional and Geometric Metrology,discipline,DP-01-A03,Angle and Alignment,DP-01-022,"Angle units, standards and the closure principle",knowledge,3,1 2 3,draft
DP-01,Dimensional and Geometric Metrology,discipline,DP-01-A03,Angle and Alignment,DP-01-023,Angle gauge blocks and polygons,skill,4,1 2 3 4,draft
DP-01,Dimensional and Geometric Metrology,discipline,DP-01-A03,Angle and Alignment,DP-01-024,Autocollimators,skill,4,1 2 3 4,draft
DP-01,Dimensional and Geometric Metrology,discipline,DP-01-A03,Angle and Alignment,DP-01-025,Sine bars and sine plates,skill,4,1 2 3 4,draft
DP-01,Dimensional and Geometric Metrology,discipline,DP-01-A03,Angle and Alignment,DP-01-026,"Levels, clinometers and inclination measurement",skill,4,1 2 3 4,draft
DP-01,Dimensional and Geometric Metrology,discipline,DP-01-A03,Angle and Alignment,DP-01-027,Rotary tables and indexing devices,skill,4,1 2 3 4,draft
DP-01,Dimensional and Geometric Metrology,discipline,DP-01-A03,Angle and Alignment,DP-01-028,"Straightness, flatness and squareness measurement",skill,5,1 2 3 4 5,draft
DP-01,Dimensional and Geometric Metrology,discipline,DP-01-A03,Angle and Alignment,DP-01-029,Machine tool alignment and geometric testing,skill,4,1 2 3 4,draft
DP-01,Dimensional and Geometric Metrology,discipline,DP-01-A03,Angle and Alignment,DP-01-090,Error separation: measuring an instrument and an artefact simultaneously,skill,5,1 2 3 4 5,draft
DP-01,Dimensional and Geometric Metrology,discipline,DP-01-A03,Angle and Alignment,DP-01-091,Reversal methods,skill,5,1 2 3 4 5,draft
DP-01,Dimensional and Geometric Metrology,discipline,DP-01-A03,Angle and Alignment,DP-01-092,Multi-position and multi-probe separation techniques,skill,5,1 2 3 4 5,draft
DP-01,Dimensional and Geometric Metrology,discipline,DP-01-A03,Angle and Alignment,DP-01-093,Straightness and flatness measurement by error separation,skill,5,1 2 3 4 5,draft
DP-01,Dimensional and Geometric Metrology,discipline,DP-01-A03,Angle and Alignment,DP-01-094,Volumetric error mapping and compensation of machine geometry,skill,5,1 2 3 4 5,draft
DP-01,Dimensional and Geometric Metrology,discipline,DP-01-A04,Geometric Specification and Tolerancing,DP-01-030,Purpose of geometric tolerancing and its advantage over coordinate tolerancing,knowledge,3,1 2 3,draft
DP-01,Dimensional and Geometric Metrology,discipline,DP-01-A04,Geometric Specification and Tolerancing,DP-01-031,"Feature of size, feature and derived elements",knowledge,4,1 2 3 4,draft
DP-01,Dimensional and Geometric Metrology,discipline,DP-01-A04,Geometric Specification and Tolerancing,DP-01-032,"Datums, datum features and datum reference frames",knowledge,5,1 2 3 4 5,draft
DP-01,Dimensional and Geometric Metrology,discipline,DP-01-A04,Geometric Specification and Tolerancing,DP-01-033,Datum precedence and constraint of degrees of freedom,knowledge,5,1 2 3 4 5,draft
DP-01,Dimensional and Geometric Metrology,discipline,DP-01-A04,Geometric Specification and Tolerancing,DP-01-034,"Form tolerances: flatness, straightness, circularity, cylindricity",knowledge,4,1 2 3 4,draft
DP-01,Dimensional and Geometric Metrology,discipline,DP-01-A04,Geometric Specification and Tolerancing,DP-01-035,"Orientation tolerances: parallelism, perpendicularity, angularity",knowledge,4,1 2 3 4,draft
DP-01,Dimensional and Geometric Metrology,discipline,DP-01-A04,Geometric Specification and Tolerancing,DP-01-036,"Location tolerances: position, concentricity, symmetry",knowledge,4,1 2 3 4,draft
DP-01,Dimensional and Geometric Metrology,discipline,DP-01-A04,Geometric Specification and Tolerancing,DP-01-037,Profile tolerances of a line and of a surface,knowledge,4,1 2 3 4,draft
DP-01,Dimensional and Geometric Metrology,discipline,DP-01-A04,Geometric Specification and Tolerancing,DP-01-038,Runout and total runout,knowledge,4,1 2 3 4,draft
DP-01,Dimensional and Geometric Metrology,discipline,DP-01-A04,Geometric Specification and Tolerancing,DP-01-039,Material condition modifiers and bonus tolerance,knowledge,4,1 2 3 4,draft
DP-01,Dimensional and Geometric Metrology,discipline,DP-01-A04,Geometric Specification and Tolerancing,DP-01-040,Composite and multiple single-segment position tolerances,knowledge,4,1 2 3 4,draft
DP-01,Dimensional and Geometric Metrology,discipline,DP-01-A04,Geometric Specification and Tolerancing,DP-01-041,"Envelope principle, independency and Rule 1",knowledge,4,1 2 3 4,draft
DP-01,Dimensional and Geometric Metrology,discipline,DP-01-A04,Geometric Specification and Tolerancing,DP-01-042,Maximum and least material boundaries and virtual condition,knowledge,4,1 2 3 4,draft
DP-01,Dimensional and Geometric Metrology,discipline,DP-01-A04,Geometric Specification and Tolerancing,DP-01-043,Tolerance stack-up analysis,skill,4,1 2 3 4,draft
DP-01,Dimensional and Geometric Metrology,discipline,DP-01-A04,Geometric Specification and Tolerancing,DP-01-044,Statistical tolerancing,skill,4,1 2 3 4,draft
DP-01,Dimensional and Geometric Metrology,discipline,DP-01-A04,Geometric Specification and Tolerancing,DP-01-045,Divergences between ASME Y14.5 and ISO GPS treatment,judgment,5,1 2 3 4 5,draft
DP-01,Dimensional and Geometric Metrology,discipline,DP-01-A04,Geometric Specification and Tolerancing,DP-01-046,Reading a drawing and inferring the designer's functional intent,judgment,4,1 2 3 4,draft
DP-01,Dimensional and Geometric Metrology,discipline,DP-01-A04,Geometric Specification and Tolerancing,DP-01-047,Specifying a tolerance that can actually be verified,judgment,5,1 2 3 4 5,draft
DP-01,Dimensional and Geometric Metrology,discipline,DP-01-A04,Geometric Specification and Tolerancing,DP-01-048,Model-based definition and annotated 3D models,knowledge,4,1 2 3 4,draft
DP-01,Dimensional and Geometric Metrology,discipline,DP-01-A05,Coordinate Measuring Systems,DP-01-049,CMM architectures and their error characteristics,knowledge,4,1 2 3 4,draft
DP-01,Dimensional and Geometric Metrology,discipline,DP-01-A05,Coordinate Measuring Systems,DP-01-050,"Probing systems: touch trigger, scanning and analogue",skill,4,1 2 3 4,draft
DP-01,Dimensional and Geometric Metrology,discipline,DP-01-A05,Coordinate Measuring Systems,DP-01-051,Probe qualification and stylus effects,skill,4,1 2 3 4,draft
DP-01,Dimensional and Geometric Metrology,discipline,DP-01-A05,Coordinate Measuring Systems,DP-01-052,Part alignment and datum establishment on a CMM,skill,4,1 2 3 4,draft
DP-01,Dimensional and Geometric Metrology,discipline,DP-01-A05,Coordinate Measuring Systems,DP-01-053,Sampling strategy and point density,judgment,4,1 2 3 4,draft
DP-01,Dimensional and Geometric Metrology,discipline,DP-01-A05,Coordinate Measuring Systems,DP-01-054,Fitting algorithms and the substitute geometry problem,skill,5,1 2 3 4 5,draft
DP-01,Dimensional and Geometric Metrology,discipline,DP-01-A05,Coordinate Measuring Systems,DP-01-055,Evaluating GD&T callouts from measured points,skill,4,1 2 3 4,draft
DP-01,Dimensional and Geometric Metrology,discipline,DP-01-A05,Coordinate Measuring Systems,DP-01-056,CMM performance verification and acceptance testing,skill,4,1 2 3 4,draft
DP-01,Dimensional and Geometric Metrology,discipline,DP-01-A05,Coordinate Measuring Systems,DP-01-057,Task-specific measurement uncertainty for coordinate measurement,judgment,5,1 2 3 4 5,draft
DP-01,Dimensional and Geometric Metrology,discipline,DP-01-A05,Coordinate Measuring Systems,DP-01-058,Thermal effects and environmental compensation on CMMs,skill,4,1 2 3 4,draft
DP-01,Dimensional and Geometric Metrology,discipline,DP-01-A05,Coordinate Measuring Systems,DP-01-059,Articulated arms and portable coordinate systems,skill,4,1 2 3 4,draft
DP-01,Dimensional and Geometric Metrology,discipline,DP-01-A05,Coordinate Measuring Systems,DP-01-060,Laser trackers and large-volume metrology,skill,4,1 2 3 4,draft
DP-01,Dimensional and Geometric Metrology,discipline,DP-01-A05,Coordinate Measuring Systems,DP-01-061,Photogrammetry and structured light systems,skill,4,1 2 3 4,draft
DP-01,Dimensional and Geometric Metrology,discipline,DP-01-A05,Coordinate Measuring Systems,DP-01-062,Computed tomography for dimensional measurement,skill,4,1 2 3 4,draft
DP-01,Dimensional and Geometric Metrology,discipline,DP-01-A05,Coordinate Measuring Systems,DP-01-063,Comparing results between different measurement systems,judgment,4,1 2 3 4,draft
DP-01,Dimensional and Geometric Metrology,discipline,DP-01-A06,Optical and Non-Contact Dimensional Measurement,DP-01-064,Optical comparators and profile projection,skill,3,1 2 3,draft
DP-01,Dimensional and Geometric Metrology,discipline,DP-01-A06,Optical and Non-Contact Dimensional Measurement,DP-01-065,Measuring microscopes and vision systems,skill,4,1 2 3 4,draft
DP-01,Dimensional and Geometric Metrology,discipline,DP-01-A06,Optical and Non-Contact Dimensional Measurement,DP-01-066,"Edge detection, illumination and apparent size",skill,4,1 2 3 4,draft
DP-01,Dimensional and Geometric Metrology,discipline,DP-01-A06,Optical and Non-Contact Dimensional Measurement,DP-01-067,Laser scanning and triangulation sensors,skill,4,1 2 3 4,draft
DP-01,Dimensional and Geometric Metrology,discipline,DP-01-A06,Optical and Non-Contact Dimensional Measurement,DP-01-068,Confocal and focus-variation techniques,skill,4,1 2 3 4,draft
DP-01,Dimensional and Geometric Metrology,discipline,DP-01-A06,Optical and Non-Contact Dimensional Measurement,DP-01-069,Interferometric displacement measurement,skill,4,1 2 3 4,draft
DP-01,Dimensional and Geometric Metrology,discipline,DP-01-A06,Optical and Non-Contact Dimensional Measurement,DP-01-070,Optical flats and flatness by interference,skill,4,1 2 3 4,draft
DP-01,Dimensional and Geometric Metrology,discipline,DP-01-A06,Optical and Non-Contact Dimensional Measurement,DP-01-071,Limitations of non-contact measurement on real surfaces,judgment,5,1 2 3 4 5,draft
DP-01,Dimensional and Geometric Metrology,discipline,DP-01-A07,Surface Texture,DP-01-072,"Surface texture concepts: roughness, waviness, form",knowledge,4,1 2 3 4,draft
DP-01,Dimensional and Geometric Metrology,discipline,DP-01-A07,Surface Texture,DP-01-073,"Filtering, cut-off wavelength and its consequences",skill,5,1 2 3 4 5,draft
DP-01,Dimensional and Geometric Metrology,discipline,DP-01-A07,Surface Texture,DP-01-074,Amplitude parameters and their interpretation,skill,4,1 2 3 4,draft
DP-01,Dimensional and Geometric Metrology,discipline,DP-01-A07,Surface Texture,DP-01-075,"Spacing, hybrid and functional parameters",skill,4,1 2 3 4,draft
DP-01,Dimensional and Geometric Metrology,discipline,DP-01-A07,Surface Texture,DP-01-076,Areal surface texture parameters,skill,4,1 2 3 4,draft
DP-01,Dimensional and Geometric Metrology,discipline,DP-01-A07,Surface Texture,DP-01-077,"Stylus instruments: principle, calibration and stylus effects",skill,4,1 2 3 4,draft
DP-01,Dimensional and Geometric Metrology,discipline,DP-01-A07,Surface Texture,DP-01-078,Optical surface texture instruments,skill,4,1 2 3 4,draft
DP-01,Dimensional and Geometric Metrology,discipline,DP-01-A07,Surface Texture,DP-01-079,Surface texture specification on drawings,skill,4,1 2 3 4,draft
DP-01,Dimensional and Geometric Metrology,discipline,DP-01-A07,Surface Texture,DP-01-080,Relating surface texture to function,judgment,4,1 2 3 4,draft
DP-01,Dimensional and Geometric Metrology,discipline,DP-01-A08,"Threads, Gears and Complex Geometry",DP-01-081,Screw thread geometry and terminology,knowledge,4,1 2 3 4,draft
DP-01,Dimensional and Geometric Metrology,discipline,DP-01-A08,"Threads, Gears and Complex Geometry",DP-01-082,Thread measurement by three-wire and other methods,skill,4,1 2 3 4,draft
DP-01,Dimensional and Geometric Metrology,discipline,DP-01-A08,"Threads, Gears and Complex Geometry",DP-01-083,Thread gauging and functional acceptance,skill,4,1 2 3 4,draft
DP-01,Dimensional and Geometric Metrology,discipline,DP-01-A08,"Threads, Gears and Complex Geometry",DP-01-084,Gear geometry and terminology,knowledge,4,1 2 3 4,draft
DP-01,Dimensional and Geometric Metrology,discipline,DP-01-A08,"Threads, Gears and Complex Geometry",DP-01-085,"Gear measurement: profile, lead, pitch and runout",skill,4,1 2 3 4,draft
DP-01,Dimensional and Geometric Metrology,discipline,DP-01-A08,"Threads, Gears and Complex Geometry",DP-01-086,"Splines, keyways and form features",skill,4,1 2 3 4,draft
DP-01,Dimensional and Geometric Metrology,discipline,DP-01-A08,"Threads, Gears and Complex Geometry",DP-01-087,Freeform and sculptured surface measurement,skill,4,1 2 3 4,draft
DP-01,Dimensional and Geometric Metrology,discipline,DP-01-A08,"Threads, Gears and Complex Geometry",DP-01-088,"Bearing, roundness and cylindricity measurement",skill,4,1 2 3 4,draft
DP-01,Dimensional and Geometric Metrology,discipline,DP-01-A08,"Threads, Gears and Complex Geometry",DP-01-089,Roundness instrument principles and spindle error separation,skill,5,1 2 3 4 5,draft
DP-02,"Mass, Force, Torque and Hardness",discipline,DP-02-A01,Mass Standards and Realisation,DP-02-001,Definition of the kilogram from the Planck constant,knowledge,5,1 2 3 4 5,draft
DP-02,"Mass, Force, Torque and Hardness",discipline,DP-02-A01,Mass Standards and Realisation,DP-02-002,Kibble balance realisation,knowledge,4,1 2 3 4,draft
DP-02,"Mass, Force, Torque and Hardness",discipline,DP-02-A01,Mass Standards and Realisation,DP-02-003,X-ray crystal density realisation,knowledge,4,1 2 3 4,draft
DP-02,"Mass, Force, Torque and Hardness",discipline,DP-02-A01,Mass Standards and Realisation,DP-02-004,Dissemination of the kilogram after the redefinition,knowledge,4,1 2 3 4,draft
DP-02,"Mass, Force, Torque and Hardness",discipline,DP-02-A01,Mass Standards and Realisation,DP-02-005,"Mass standards: classes, materials and construction",knowledge,4,1 2 3 4,draft
DP-02,"Mass, Force, Torque and Hardness",discipline,DP-02-A01,Mass Standards and Realisation,DP-02-006,Weight class specifications and their selection,knowledge,4,1 2 3 4,draft
DP-02,"Mass, Force, Torque and Hardness",discipline,DP-02-A01,Mass Standards and Realisation,DP-02-007,"Surface effects, adsorption and mass stability",knowledge,5,1 2 3 4 5,draft
DP-02,"Mass, Force, Torque and Hardness",discipline,DP-02-A01,Mass Standards and Realisation,DP-02-008,"Cleaning, handling and storage of mass standards",skill,4,1 2 3 4,draft
DP-02,"Mass, Force, Torque and Hardness",discipline,DP-02-A01,Mass Standards and Realisation,DP-02-009,"Mass, weight and conventional mass distinguished",knowledge,3,1 2 3,draft
DP-02,"Mass, Force, Torque and Hardness",discipline,DP-02-A01,Mass Standards and Realisation,DP-02-010,Air buoyancy correction and air density determination,skill,4,1 2 3 4,draft
DP-02,"Mass, Force, Torque and Hardness",discipline,DP-02-A02,Mass Comparison and Balances,DP-02-011,Balance principles: electromagnetic force compensation and others,knowledge,4,1 2 3 4,draft
DP-02,"Mass, Force, Torque and Hardness",discipline,DP-02-A02,Mass Comparison and Balances,DP-02-012,Mass comparators and their characterisation,skill,4,1 2 3 4,draft
DP-02,"Mass, Force, Torque and Hardness",discipline,DP-02-A02,Mass Comparison and Balances,DP-02-013,Weighing designs and subdivision schemes,skill,5,1 2 3 4 5,draft
DP-02,"Mass, Force, Torque and Hardness",discipline,DP-02-A02,Mass Comparison and Balances,DP-02-014,Substitution weighing and Borda method,skill,4,1 2 3 4,draft
DP-02,"Mass, Force, Torque and Hardness",discipline,DP-02-A02,Mass Comparison and Balances,DP-02-015,Least squares analysis of a weighing design,skill,4,1 2 3 4,draft
DP-02,"Mass, Force, Torque and Hardness",discipline,DP-02-A02,Mass Comparison and Balances,DP-02-016,Uncertainty budget for mass calibration,skill,5,1 2 3 4 5,draft
DP-02,"Mass, Force, Torque and Hardness",discipline,DP-02-A02,Mass Comparison and Balances,DP-02-017,"Environmental effects: convection, draughts, magnetism, static",skill,4,1 2 3 4,draft
DP-02,"Mass, Force, Torque and Hardness",discipline,DP-02-A02,Mass Comparison and Balances,DP-02-018,Magnetic susceptibility of weights and its testing,skill,4,1 2 3 4,draft
DP-02,"Mass, Force, Torque and Hardness",discipline,DP-02-A02,Mass Comparison and Balances,DP-02-019,Non-automatic weighing instruments and their verification,skill,3,1 2 3,draft
DP-02,"Mass, Force, Torque and Hardness",discipline,DP-02-A02,Mass Comparison and Balances,DP-02-020,"Eccentricity, repeatability and linearity testing of balances",skill,4,1 2 3 4,draft
DP-02,"Mass, Force, Torque and Hardness",discipline,DP-02-A02,Mass Comparison and Balances,DP-02-021,Automatic weighing and dynamic weighing systems,skill,4,1 2 3 4,draft
DP-02,"Mass, Force, Torque and Hardness",discipline,DP-02-A02,Mass Comparison and Balances,DP-02-022,Large-capacity and industrial scale calibration,skill,4,1 2 3 4,draft
DP-02,"Mass, Force, Torque and Hardness",discipline,DP-02-A03,Force,DP-02-023,Force realisation by deadweight machines,skill,5,1 2 3 4 5,draft
DP-02,"Mass, Force, Torque and Hardness",discipline,DP-02-A03,Force,DP-02-024,Local gravity determination and its uncertainty,skill,4,1 2 3 4,draft
DP-02,"Mass, Force, Torque and Hardness",discipline,DP-02-A03,Force,DP-02-025,"Lever, hydraulic and build-up force machines",skill,4,1 2 3 4,draft
DP-02,"Mass, Force, Torque and Hardness",discipline,DP-02-A03,Force,DP-02-026,Force transducers: strain gauge and other principles,knowledge,4,1 2 3 4,draft
DP-02,"Mass, Force, Torque and Hardness",discipline,DP-02-A03,Force,DP-02-027,Force transducer calibration and classification,skill,4,1 2 3 4,draft
DP-02,"Mass, Force, Torque and Hardness",discipline,DP-02-A03,Force,DP-02-028,"Creep, hysteresis and rotational effects in force measurement",skill,4,1 2 3 4,draft
DP-02,"Mass, Force, Torque and Hardness",discipline,DP-02-A03,Force,DP-02-029,"Loading conditions, adapters and parasitic components",skill,4,1 2 3 4,draft
DP-02,"Mass, Force, Torque and Hardness",discipline,DP-02-A03,Force,DP-02-030,Materials testing machine verification,skill,4,1 2 3 4,draft
DP-02,"Mass, Force, Torque and Hardness",discipline,DP-02-A03,Force,DP-02-031,Dynamic and impact force measurement,skill,4,1 2 3 4,draft
DP-02,"Mass, Force, Torque and Hardness",discipline,DP-02-A03,Force,DP-02-032,Uncertainty budget for force calibration,skill,5,1 2 3 4 5,draft
DP-02,"Mass, Force, Torque and Hardness",discipline,DP-02-A04,Torque,DP-02-033,Torque realisation by lever and mass,skill,4,1 2 3 4,draft
DP-02,"Mass, Force, Torque and Hardness",discipline,DP-02-A04,Torque,DP-02-034,Reference torque transducers,skill,4,1 2 3 4,draft
DP-02,"Mass, Force, Torque and Hardness",discipline,DP-02-A04,Torque,DP-02-035,Torque calibration machines and their verification,skill,4,1 2 3 4,draft
DP-02,"Mass, Force, Torque and Hardness",discipline,DP-02-A04,Torque,DP-02-036,Torque wrench and torque tool calibration,skill,4,1 2 3 4,draft
DP-02,"Mass, Force, Torque and Hardness",discipline,DP-02-A04,Torque,DP-02-037,Static and dynamic torque distinguished,knowledge,4,1 2 3 4,draft
DP-02,"Mass, Force, Torque and Hardness",discipline,DP-02-A04,Torque,DP-02-038,Torque-tension relationships and joint behaviour,knowledge,4,1 2 3 4,draft
DP-02,"Mass, Force, Torque and Hardness",discipline,DP-02-A04,Torque,DP-02-039,"Mounting, alignment and parasitic loads in torque measurement",skill,4,1 2 3 4,draft
DP-02,"Mass, Force, Torque and Hardness",discipline,DP-02-A04,Torque,DP-02-040,Uncertainty budget for torque calibration,skill,5,1 2 3 4 5,draft
DP-02,"Mass, Force, Torque and Hardness",discipline,DP-02-A05,Hardness,DP-02-041,Hardness as a method-defined ordinal quantity,knowledge,5,1 2 3 4 5,draft
DP-02,"Mass, Force, Torque and Hardness",discipline,DP-02-A05,Hardness,DP-02-042,Rockwell scales and test principles,skill,3,1 2 3,draft
DP-02,"Mass, Force, Torque and Hardness",discipline,DP-02-A05,Hardness,DP-02-043,Brinell test and indentation measurement,skill,3,1 2 3,draft
DP-02,"Mass, Force, Torque and Hardness",discipline,DP-02-A05,Hardness,DP-02-044,Vickers and Knoop microhardness,skill,3,1 2 3,draft
DP-02,"Mass, Force, Torque and Hardness",discipline,DP-02-A05,Hardness,DP-02-045,"Shore, Leeb and portable hardness methods",skill,4,1 2 3 4,draft
DP-02,"Mass, Force, Torque and Hardness",discipline,DP-02-A05,Hardness,DP-02-046,Direct and indirect verification of hardness machines,skill,4,1 2 3 4,draft
DP-02,"Mass, Force, Torque and Hardness",discipline,DP-02-A05,Hardness,DP-02-047,Hardness reference blocks and their traceability,skill,4,1 2 3 4,draft
DP-02,"Mass, Force, Torque and Hardness",discipline,DP-02-A05,Hardness,DP-02-048,"Indenter geometry, condition and its effect on results",skill,4,1 2 3 4,draft
DP-02,"Mass, Force, Torque and Hardness",discipline,DP-02-A05,Hardness,DP-02-049,Surface preparation and specimen effects,skill,4,1 2 3 4,draft
DP-02,"Mass, Force, Torque and Hardness",discipline,DP-02-A05,Hardness,DP-02-050,Hardness scale conversion and why it is unreliable,judgment,5,1 2 3 4 5,draft
DP-02,"Mass, Force, Torque and Hardness",discipline,DP-02-A05,Hardness,DP-02-051,Uncertainty evaluation for hardness measurement,skill,4,1 2 3 4,draft
DP-02,"Mass, Force, Torque and Hardness",discipline,DP-02-A05,Hardness,DP-02-052,Instrumented indentation testing,skill,4,1 2 3 4,draft
DP-02,"Mass, Force, Torque and Hardness",discipline,DP-02-A06,Gravity and Gravimetry,DP-02-053,Gravitational acceleration as a measurand,knowledge,4,1 2 3 4,draft
DP-02,"Mass, Force, Torque and Hardness",discipline,DP-02-A06,Gravity and Gravimetry,DP-02-054,Absolute gravimeters and free-fall methods,skill,5,1 2 3 4 5,draft
DP-02,"Mass, Force, Torque and Hardness",discipline,DP-02-A06,Gravity and Gravimetry,DP-02-055,Atom interferometric gravimetry,skill,5,1 2 3 4 5,draft
DP-02,"Mass, Force, Torque and Hardness",discipline,DP-02-A06,Gravity and Gravimetry,DP-02-056,Relative gravimeters and their drift behaviour,skill,4,1 2 3 4,draft
DP-02,"Mass, Force, Torque and Hardness",discipline,DP-02-A06,Gravity and Gravimetry,DP-02-057,Gravity gradients and vertical transfer to the measurement height,skill,5,1 2 3 4 5,draft
DP-02,"Mass, Force, Torque and Hardness",discipline,DP-02-A06,Gravity and Gravimetry,DP-02-058,"Earth tide, ocean loading and atmospheric corrections",skill,5,1 2 3 4 5,draft
DP-02,"Mass, Force, Torque and Hardness",discipline,DP-02-A06,Gravity and Gravimetry,DP-02-059,Polar motion and length-of-day corrections,skill,4,1 2 3 4,draft
DP-02,"Mass, Force, Torque and Hardness",discipline,DP-02-A06,Gravity and Gravimetry,DP-02-060,Gravity reference networks and international comparisons,skill,4,1 2 3 4,draft
DP-02,"Mass, Force, Torque and Hardness",discipline,DP-02-A06,Gravity and Gravimetry,DP-02-061,Obtaining a defensible local g value for a laboratory,judgment,5,1 2 3 4 5,draft
DP-02,"Mass, Force, Torque and Hardness",discipline,DP-02-A06,Gravity and Gravimetry,DP-02-062,Consequences of an inadequate g value in force and pressure work,judgment,4,1 2 3 4,draft
DP-02,"Mass, Force, Torque and Hardness",discipline,DP-02-A06,Gravity and Gravimetry,DP-02-063,Uncertainty evaluation in gravimetry,skill,5,1 2 3 4 5,draft
DP-02,"Mass, Force, Torque and Hardness",discipline,DP-02-A06,Gravity and Gravimetry,DP-02-064,"Site stability, microseismic noise and gravimeter environments",skill,4,1 2 3 4,draft
DP-03,"Pressure, Vacuum, Density and Viscosity",discipline,DP-03-A01,Pressure Fundamentals and Realisation,DP-03-001,"Pressure definitions: absolute, gauge, differential, sealed gauge",knowledge,3,1 2 3,draft
DP-03,"Pressure, Vacuum, Density and Viscosity",discipline,DP-03-A01,Pressure Fundamentals and Realisation,DP-03-002,Pressure units and conversion pitfalls,knowledge,3,1 2 3,draft
DP-03,"Pressure, Vacuum, Density and Viscosity",discipline,DP-03-A01,Pressure Fundamentals and Realisation,DP-03-003,Liquid column manometers as primary standards,knowledge,4,1 2 3 4,draft
DP-03,"Pressure, Vacuum, Density and Viscosity",discipline,DP-03-A01,Pressure Fundamentals and Realisation,DP-03-004,Mercury and water column corrections,knowledge,4,1 2 3 4,draft
DP-03,"Pressure, Vacuum, Density and Viscosity",discipline,DP-03-A01,Pressure Fundamentals and Realisation,DP-03-005,Piston gauges and pressure balances,skill,4,1 2 3 4,draft
DP-03,"Pressure, Vacuum, Density and Viscosity",discipline,DP-03-A01,Pressure Fundamentals and Realisation,DP-03-006,Effective area and its determination,knowledge,5,1 2 3 4 5,draft
DP-03,"Pressure, Vacuum, Density and Viscosity",discipline,DP-03-A01,Pressure Fundamentals and Realisation,DP-03-007,Pressure distortion coefficient,knowledge,4,1 2 3 4,draft
DP-03,"Pressure, Vacuum, Density and Viscosity",discipline,DP-03-A01,Pressure Fundamentals and Realisation,DP-03-008,"Head correction, fluid density and reference level",knowledge,4,1 2 3 4,draft
DP-03,"Pressure, Vacuum, Density and Viscosity",discipline,DP-03-A01,Pressure Fundamentals and Realisation,DP-03-009,Local gravity in pressure realisation,knowledge,4,1 2 3 4,draft
DP-03,"Pressure, Vacuum, Density and Viscosity",discipline,DP-03-A01,Pressure Fundamentals and Realisation,DP-03-010,Cross-floating technique,skill,4,1 2 3 4,draft
DP-03,"Pressure, Vacuum, Density and Viscosity",discipline,DP-03-A01,Pressure Fundamentals and Realisation,DP-03-011,Uncertainty budget for pressure balance calibration,skill,5,1 2 3 4 5,draft
DP-03,"Pressure, Vacuum, Density and Viscosity",discipline,DP-03-A02,Pressure Instruments and Calibration,DP-03-012,"Bourdon, diaphragm and capsule gauges",knowledge,3,1 2 3,draft
DP-03,"Pressure, Vacuum, Density and Viscosity",discipline,DP-03-A02,Pressure Instruments and Calibration,DP-03-013,Pressure transducers and transmitters,skill,4,1 2 3 4,draft
DP-03,"Pressure, Vacuum, Density and Viscosity",discipline,DP-03-A02,Pressure Instruments and Calibration,DP-03-014,Resonant and quartz pressure sensors,skill,4,1 2 3 4,draft
DP-03,"Pressure, Vacuum, Density and Viscosity",discipline,DP-03-A02,Pressure Instruments and Calibration,DP-03-015,Digital pressure controllers and calibrators,skill,4,1 2 3 4,draft
DP-03,"Pressure, Vacuum, Density and Viscosity",discipline,DP-03-A02,Pressure Instruments and Calibration,DP-03-016,Calibration procedure design for pressure instruments,skill,4,1 2 3 4,draft
DP-03,"Pressure, Vacuum, Density and Viscosity",discipline,DP-03-A02,Pressure Instruments and Calibration,DP-03-017,"Hysteresis, zero shift and span error",skill,4,1 2 3 4,draft
DP-03,"Pressure, Vacuum, Density and Viscosity",discipline,DP-03-A02,Pressure Instruments and Calibration,DP-03-018,Temperature effects on pressure measurement,skill,4,1 2 3 4,draft
DP-03,"Pressure, Vacuum, Density and Viscosity",discipline,DP-03-A02,Pressure Instruments and Calibration,DP-03-019,"Media compatibility, contamination and cleaning for oxygen service",skill,5,1 2 3 4 5,draft
DP-03,"Pressure, Vacuum, Density and Viscosity",discipline,DP-03-A02,Pressure Instruments and Calibration,DP-03-020,Dynamic pressure measurement,skill,4,1 2 3 4,draft
DP-03,"Pressure, Vacuum, Density and Viscosity",discipline,DP-03-A02,Pressure Instruments and Calibration,DP-03-021,Barometric and low differential pressure measurement,skill,4,1 2 3 4,draft
DP-03,"Pressure, Vacuum, Density and Viscosity",discipline,DP-03-A02,Pressure Instruments and Calibration,DP-03-022,Safety in high pressure work,knowledge,4,1 2 3 4,draft
DP-03,"Pressure, Vacuum, Density and Viscosity",discipline,DP-03-A03,Vacuum,DP-03-023,Vacuum ranges and the regimes of gas behaviour,knowledge,4,1 2 3 4,draft
DP-03,"Pressure, Vacuum, Density and Viscosity",discipline,DP-03-A03,Vacuum,DP-03-024,"Mean free path, Knudsen number and flow regimes",knowledge,4,1 2 3 4,draft
DP-03,"Pressure, Vacuum, Density and Viscosity",discipline,DP-03-A03,Vacuum,DP-03-025,Spinning rotor gauges,skill,4,1 2 3 4,draft
DP-03,"Pressure, Vacuum, Density and Viscosity",discipline,DP-03-A03,Vacuum,DP-03-026,Capacitance diaphragm gauges,skill,4,1 2 3 4,draft
DP-03,"Pressure, Vacuum, Density and Viscosity",discipline,DP-03-A03,Vacuum,DP-03-027,Thermal conductivity gauges: Pirani and thermocouple,skill,4,1 2 3 4,draft
DP-03,"Pressure, Vacuum, Density and Viscosity",discipline,DP-03-A03,Vacuum,DP-03-028,Ionisation gauges: hot and cold cathode,skill,4,1 2 3 4,draft
DP-03,"Pressure, Vacuum, Density and Viscosity",discipline,DP-03-A03,Vacuum,DP-03-029,Gas species dependence and correction factors,skill,4,1 2 3 4,draft
DP-03,"Pressure, Vacuum, Density and Viscosity",discipline,DP-03-A03,Vacuum,DP-03-030,Static and dynamic expansion primary standards,skill,5,1 2 3 4 5,draft
DP-03,"Pressure, Vacuum, Density and Viscosity",discipline,DP-03-A03,Vacuum,DP-03-031,Orifice flow standards for vacuum,skill,4,1 2 3 4,draft
DP-03,"Pressure, Vacuum, Density and Viscosity",discipline,DP-03-A03,Vacuum,DP-03-032,"Outgassing, pumping and system effects on a calibration",skill,4,1 2 3 4,draft
DP-03,"Pressure, Vacuum, Density and Viscosity",discipline,DP-03-A03,Vacuum,DP-03-033,Leak detection and leak rate measurement,skill,4,1 2 3 4,draft
DP-03,"Pressure, Vacuum, Density and Viscosity",discipline,DP-03-A03,Vacuum,DP-03-034,Residual gas analysis,skill,4,1 2 3 4,draft
DP-03,"Pressure, Vacuum, Density and Viscosity",discipline,DP-03-A03,Vacuum,DP-03-035,Uncertainty evaluation in vacuum measurement,skill,5,1 2 3 4 5,draft
DP-03,"Pressure, Vacuum, Density and Viscosity",discipline,DP-03-A04,Density and Specific Gravity,DP-03-036,Density definitions and reference conditions,knowledge,3,1 2 3,draft
DP-03,"Pressure, Vacuum, Density and Viscosity",discipline,DP-03-A04,Density and Specific Gravity,DP-03-037,Hydrostatic weighing for solid density,skill,4,1 2 3 4,draft
DP-03,"Pressure, Vacuum, Density and Viscosity",discipline,DP-03-A04,Density and Specific Gravity,DP-03-038,Silicon spheres and density standards,skill,4,1 2 3 4,draft
DP-03,"Pressure, Vacuum, Density and Viscosity",discipline,DP-03-A04,Density and Specific Gravity,DP-03-039,Pycnometry,skill,4,1 2 3 4,draft
DP-03,"Pressure, Vacuum, Density and Viscosity",discipline,DP-03-A04,Density and Specific Gravity,DP-03-040,Oscillating tube densitometers,skill,4,1 2 3 4,draft
DP-03,"Pressure, Vacuum, Density and Viscosity",discipline,DP-03-A04,Density and Specific Gravity,DP-03-041,Hydrometers and their calibration,skill,4,1 2 3 4,draft
DP-03,"Pressure, Vacuum, Density and Viscosity",discipline,DP-03-A04,Density and Specific Gravity,DP-03-042,Air density determination and formulae,skill,5,1 2 3 4 5,draft
DP-03,"Pressure, Vacuum, Density and Viscosity",discipline,DP-03-A04,Density and Specific Gravity,DP-03-043,Water density as a reference and its temperature dependence,skill,4,1 2 3 4,draft
DP-03,"Pressure, Vacuum, Density and Viscosity",discipline,DP-03-A04,Density and Specific Gravity,DP-03-044,Density of gases and compressibility,skill,4,1 2 3 4,draft
DP-03,"Pressure, Vacuum, Density and Viscosity",discipline,DP-03-A05,Viscosity and Rheology,DP-03-045,Dynamic and kinematic viscosity,knowledge,4,1 2 3 4,draft
DP-03,"Pressure, Vacuum, Density and Viscosity",discipline,DP-03-A05,Viscosity and Rheology,DP-03-046,The viscosity scale and water as the primary reference,knowledge,4,1 2 3 4,draft
DP-03,"Pressure, Vacuum, Density and Viscosity",discipline,DP-03-A05,Viscosity and Rheology,DP-03-047,Capillary viscometers and the step-up procedure,skill,4,1 2 3 4,draft
DP-03,"Pressure, Vacuum, Density and Viscosity",discipline,DP-03-A05,Viscosity and Rheology,DP-03-048,Rotational viscometers and rheometers,skill,4,1 2 3 4,draft
DP-03,"Pressure, Vacuum, Density and Viscosity",discipline,DP-03-A05,Viscosity and Rheology,DP-03-049,Falling body and vibrating viscometers,skill,4,1 2 3 4,draft
DP-03,"Pressure, Vacuum, Density and Viscosity",discipline,DP-03-A05,Viscosity and Rheology,DP-03-050,Certified viscosity reference liquids,skill,4,1 2 3 4,draft
DP-03,"Pressure, Vacuum, Density and Viscosity",discipline,DP-03-A05,Viscosity and Rheology,DP-03-051,Temperature control in viscosity measurement,skill,4,1 2 3 4,draft
DP-03,"Pressure, Vacuum, Density and Viscosity",discipline,DP-03-A05,Viscosity and Rheology,DP-03-052,Non-Newtonian behaviour and shear rate dependence,skill,4,1 2 3 4,draft
DP-03,"Pressure, Vacuum, Density and Viscosity",discipline,DP-03-A05,Viscosity and Rheology,DP-03-053,Uncertainty evaluation in viscosity measurement,skill,5,1 2 3 4 5,draft
DP-03,"Pressure, Vacuum, Density and Viscosity",discipline,DP-03-A06,Surface Tension and Related Fluid Properties,DP-03-054,Surface and interfacial tension measurement methods,skill,4,1 2 3 4,draft
DP-03,"Pressure, Vacuum, Density and Viscosity",discipline,DP-03-A06,Surface Tension and Related Fluid Properties,DP-03-055,Contact angle and wettability measurement,skill,4,1 2 3 4,draft
DP-03,"Pressure, Vacuum, Density and Viscosity",discipline,DP-03-A06,Surface Tension and Related Fluid Properties,DP-03-056,Vapour pressure measurement,skill,4,1 2 3 4,draft
DP-03,"Pressure, Vacuum, Density and Viscosity",discipline,DP-03-A06,Surface Tension and Related Fluid Properties,DP-03-057,Solubility and gas content effects on fluid properties,skill,4,1 2 3 4,draft
DP-04,"Vibration, Shock and Acoustics",discipline,DP-04-A01,Dynamic Measurement Foundations,DP-04-001,Time domain and frequency domain representations,knowledge,4,1 2 3 4,draft
DP-04,"Vibration, Shock and Acoustics",discipline,DP-04-A01,Dynamic Measurement Foundations,DP-04-002,Fourier analysis and the discrete Fourier transform,skill,4,1 2 3 4,draft
DP-04,"Vibration, Shock and Acoustics",discipline,DP-04-A01,Dynamic Measurement Foundations,DP-04-003,"Windowing, leakage and resolution",skill,5,1 2 3 4 5,draft
DP-04,"Vibration, Shock and Acoustics",discipline,DP-04-A01,Dynamic Measurement Foundations,DP-04-004,"Sampling, aliasing and anti-alias filtering",knowledge,4,1 2 3 4,draft
DP-04,"Vibration, Shock and Acoustics",discipline,DP-04-A01,Dynamic Measurement Foundations,DP-04-005,"Amplitude conventions: peak, RMS, peak-to-peak",knowledge,4,1 2 3 4,draft
DP-04,"Vibration, Shock and Acoustics",discipline,DP-04-A01,Dynamic Measurement Foundations,DP-04-006,Frequency response functions and coherence,knowledge,5,1 2 3 4 5,draft
DP-04,"Vibration, Shock and Acoustics",discipline,DP-04-A01,Dynamic Measurement Foundations,DP-04-007,Phase measurement and its pitfalls,knowledge,4,1 2 3 4,draft
DP-04,"Vibration, Shock and Acoustics",discipline,DP-04-A01,Dynamic Measurement Foundations,DP-04-008,"Random, periodic and transient signal characterisation",knowledge,4,1 2 3 4,draft
DP-04,"Vibration, Shock and Acoustics",discipline,DP-04-A02,Vibration Measurement and Calibration,DP-04-009,"Acceleration, velocity and displacement relationships",knowledge,4,1 2 3 4,draft
DP-04,"Vibration, Shock and Acoustics",discipline,DP-04-A02,Vibration Measurement and Calibration,DP-04-010,Accelerometer types and their characteristics,skill,4,1 2 3 4,draft
DP-04,"Vibration, Shock and Acoustics",discipline,DP-04-A02,Vibration Measurement and Calibration,DP-04-011,Mounting effects and mounted resonance,skill,4,1 2 3 4,draft
DP-04,"Vibration, Shock and Acoustics",discipline,DP-04-A02,Vibration Measurement and Calibration,DP-04-012,Primary calibration by laser interferometry,skill,5,1 2 3 4 5,draft
DP-04,"Vibration, Shock and Acoustics",discipline,DP-04-A02,Vibration Measurement and Calibration,DP-04-013,Comparison calibration against a reference accelerometer,skill,4,1 2 3 4,draft
DP-04,"Vibration, Shock and Acoustics",discipline,DP-04-A02,Vibration Measurement and Calibration,DP-04-014,Vibration exciters and their characterisation,skill,4,1 2 3 4,draft
DP-04,"Vibration, Shock and Acoustics",discipline,DP-04-A02,Vibration Measurement and Calibration,DP-04-015,Transverse sensitivity and cross-axis response,skill,4,1 2 3 4,draft
DP-04,"Vibration, Shock and Acoustics",discipline,DP-04-A02,Vibration Measurement and Calibration,DP-04-016,"Charge amplifiers, signal conditioning and cable effects",skill,4,1 2 3 4,draft
DP-04,"Vibration, Shock and Acoustics",discipline,DP-04-A02,Vibration Measurement and Calibration,DP-04-017,Low frequency and high frequency calibration challenges,skill,4,1 2 3 4,draft
DP-04,"Vibration, Shock and Acoustics",discipline,DP-04-A02,Vibration Measurement and Calibration,DP-04-018,Uncertainty budget for accelerometer calibration,skill,5,1 2 3 4 5,draft
DP-04,"Vibration, Shock and Acoustics",discipline,DP-04-A02,Vibration Measurement and Calibration,DP-04-019,Velocity transducers and laser vibrometry,skill,4,1 2 3 4,draft
DP-04,"Vibration, Shock and Acoustics",discipline,DP-04-A02,Vibration Measurement and Calibration,DP-04-020,Proximity probes and shaft vibration measurement,skill,4,1 2 3 4,draft
DP-04,"Vibration, Shock and Acoustics",discipline,DP-04-A03,Shock and Transient Measurement,DP-04-021,Shock pulse characterisation and shock response spectrum,knowledge,5,1 2 3 4 5,draft
DP-04,"Vibration, Shock and Acoustics",discipline,DP-04-A03,Shock and Transient Measurement,DP-04-022,Shock calibration methods,skill,4,1 2 3 4,draft
DP-04,"Vibration, Shock and Acoustics",discipline,DP-04-A03,Shock and Transient Measurement,DP-04-023,High-g and pyroshock measurement,skill,4,1 2 3 4,draft
DP-04,"Vibration, Shock and Acoustics",discipline,DP-04-A03,Shock and Transient Measurement,DP-04-024,Zero shift and transducer damage in shock events,skill,4,1 2 3 4,draft
DP-04,"Vibration, Shock and Acoustics",discipline,DP-04-A03,Shock and Transient Measurement,DP-04-025,Drop testing and impact measurement,skill,4,1 2 3 4,draft
DP-04,"Vibration, Shock and Acoustics",discipline,DP-04-A04,Condition Monitoring and Machinery Vibration,DP-04-026,Machinery vibration standards and severity criteria,skill,4,1 2 3 4,draft
DP-04,"Vibration, Shock and Acoustics",discipline,DP-04-A04,Condition Monitoring and Machinery Vibration,DP-04-027,"Fault signatures: imbalance, misalignment, looseness",judgment,4,1 2 3 4,draft
DP-04,"Vibration, Shock and Acoustics",discipline,DP-04-A04,Condition Monitoring and Machinery Vibration,DP-04-028,Bearing and gear fault detection,skill,4,1 2 3 4,draft
DP-04,"Vibration, Shock and Acoustics",discipline,DP-04-A04,Condition Monitoring and Machinery Vibration,DP-04-029,Envelope analysis and demodulation,skill,4,1 2 3 4,draft
DP-04,"Vibration, Shock and Acoustics",discipline,DP-04-A04,Condition Monitoring and Machinery Vibration,DP-04-030,Order tracking and variable speed machinery,skill,4,1 2 3 4,draft
DP-04,"Vibration, Shock and Acoustics",discipline,DP-04-A04,Condition Monitoring and Machinery Vibration,DP-04-031,Balancing: field and workshop,skill,4,1 2 3 4,draft
DP-04,"Vibration, Shock and Acoustics",discipline,DP-04-A04,Condition Monitoring and Machinery Vibration,DP-04-032,Modal testing and structural dynamics,skill,5,1 2 3 4 5,draft
DP-04,"Vibration, Shock and Acoustics",discipline,DP-04-A04,Condition Monitoring and Machinery Vibration,DP-04-033,Human vibration exposure measurement,skill,4,1 2 3 4,draft
DP-04,"Vibration, Shock and Acoustics",discipline,DP-04-A05,Acoustics and Sound Measurement,DP-04-034,"Sound pressure, sound power and sound intensity distinguished",knowledge,4,1 2 3 4,draft
DP-04,"Vibration, Shock and Acoustics",discipline,DP-04-A05,Acoustics and Sound Measurement,DP-04-035,Decibel scales and reference quantities in acoustics,knowledge,3,1 2 3,draft
DP-04,"Vibration, Shock and Acoustics",discipline,DP-04-A05,Acoustics and Sound Measurement,DP-04-036,Frequency weighting and time weighting,skill,3,1 2 3,draft
DP-04,"Vibration, Shock and Acoustics",discipline,DP-04-A05,Acoustics and Sound Measurement,DP-04-037,Octave and fractional octave band analysis,skill,4,1 2 3 4,draft
DP-04,"Vibration, Shock and Acoustics",discipline,DP-04-A05,Acoustics and Sound Measurement,DP-04-038,Microphone types and their characteristics,skill,4,1 2 3 4,draft
DP-04,"Vibration, Shock and Acoustics",discipline,DP-04-A05,Acoustics and Sound Measurement,DP-04-039,Reciprocity calibration of microphones,skill,5,1 2 3 4 5,draft
DP-04,"Vibration, Shock and Acoustics",discipline,DP-04-A05,Acoustics and Sound Measurement,DP-04-040,Comparison calibration and acoustic calibrators,skill,4,1 2 3 4,draft
DP-04,"Vibration, Shock and Acoustics",discipline,DP-04-A05,Acoustics and Sound Measurement,DP-04-041,"Free-field, pressure-field and diffuse-field responses",knowledge,4,1 2 3 4,draft
DP-04,"Vibration, Shock and Acoustics",discipline,DP-04-A05,Acoustics and Sound Measurement,DP-04-042,Sound level meter verification and periodic testing,skill,4,1 2 3 4,draft
DP-04,"Vibration, Shock and Acoustics",discipline,DP-04-A05,Acoustics and Sound Measurement,DP-04-043,Anechoic and reverberation chambers,skill,4,1 2 3 4,draft
DP-04,"Vibration, Shock and Acoustics",discipline,DP-04-A05,Acoustics and Sound Measurement,DP-04-044,Environmental and occupational noise measurement,skill,4,1 2 3 4,draft
DP-04,"Vibration, Shock and Acoustics",discipline,DP-04-A05,Acoustics and Sound Measurement,DP-04-045,Sound power determination methods,skill,4,1 2 3 4,draft
DP-04,"Vibration, Shock and Acoustics",discipline,DP-04-A05,Acoustics and Sound Measurement,DP-04-046,Audiometric equipment calibration,skill,4,1 2 3 4,draft
DP-04,"Vibration, Shock and Acoustics",discipline,DP-04-A05,Acoustics and Sound Measurement,DP-04-047,Ultrasound measurement and its applications,skill,4,1 2 3 4,draft
DP-04,"Vibration, Shock and Acoustics",discipline,DP-04-A05,Acoustics and Sound Measurement,DP-04-048,Uncertainty evaluation in acoustic measurement,skill,5,1 2 3 4 5,draft
DP-05,Temperature and Thermophysical Properties,discipline,DP-05-A01,Temperature Scales and Realisation,DP-05-001,Thermodynamic temperature and the Boltzmann constant definition,knowledge,5,1 2 3 4 5,draft
DP-05,Temperature and Thermophysical Properties,discipline,DP-05-A01,Temperature Scales and Realisation,DP-05-002,ITS-90 structure and defining fixed points,knowledge,5,1 2 3 4 5,draft
DP-05,Temperature and Thermophysical Properties,discipline,DP-05-A01,Temperature Scales and Realisation,DP-05-003,Interpolating instruments and sub-ranges of ITS-90,knowledge,4,1 2 3 4,draft
DP-05,Temperature and Thermophysical Properties,discipline,DP-05-A01,Temperature Scales and Realisation,DP-05-004,Differences between ITS-90 and thermodynamic temperature,knowledge,4,1 2 3 4,draft
DP-05,Temperature and Thermophysical Properties,discipline,DP-05-A01,Temperature Scales and Realisation,DP-05-005,PLTS-2000 and low temperature scales,knowledge,4,1 2 3 4,draft
DP-05,Temperature and Thermophysical Properties,discipline,DP-05-A01,Temperature Scales and Realisation,DP-05-006,"Fixed point cells: construction, realisation and maintenance",skill,4,1 2 3 4,draft
DP-05,Temperature and Thermophysical Properties,discipline,DP-05-A01,Temperature Scales and Realisation,DP-05-007,Triple point of water cells and their care,skill,4,1 2 3 4,draft
DP-05,Temperature and Thermophysical Properties,discipline,DP-05-A01,Temperature Scales and Realisation,DP-05-008,Freezing and melting plateaux and their interpretation,skill,4,1 2 3 4,draft
DP-05,Temperature and Thermophysical Properties,discipline,DP-05-A01,Temperature Scales and Realisation,DP-05-009,Primary thermometry methods,knowledge,4,1 2 3 4,draft
DP-05,Temperature and Thermophysical Properties,discipline,DP-05-A01,Temperature Scales and Realisation,DP-05-010,"Temperature units, scales and conversion between them",knowledge,3,1 2 3,draft
DP-05,Temperature and Thermophysical Properties,discipline,DP-05-A02,Contact Thermometry,DP-05-011,Standard platinum resistance thermometers,skill,5,1 2 3 4 5,draft
DP-05,Temperature and Thermophysical Properties,discipline,DP-05-A02,Contact Thermometry,DP-05-012,Industrial platinum resistance thermometers,skill,4,1 2 3 4,draft
DP-05,Temperature and Thermophysical Properties,discipline,DP-05-A02,Contact Thermometry,DP-05-013,Resistance measurement bridges and their use in thermometry,skill,4,1 2 3 4,draft
DP-05,Temperature and Thermophysical Properties,discipline,DP-05-A02,Contact Thermometry,DP-05-014,Self-heating and its correction,skill,4,1 2 3 4,draft
DP-05,Temperature and Thermophysical Properties,discipline,DP-05-A02,Contact Thermometry,DP-05-015,"Lead resistance, three-wire and four-wire connection",skill,4,1 2 3 4,draft
DP-05,Temperature and Thermophysical Properties,discipline,DP-05-A02,Contact Thermometry,DP-05-016,"Thermocouple types, principles and Seebeck effect",knowledge,4,1 2 3 4,draft
DP-05,Temperature and Thermophysical Properties,discipline,DP-05-A02,Contact Thermometry,DP-05-017,Reference junction compensation,skill,4,1 2 3 4,draft
DP-05,Temperature and Thermophysical Properties,discipline,DP-05-A02,Contact Thermometry,DP-05-018,Thermocouple inhomogeneity and drift,knowledge,4,1 2 3 4,draft
DP-05,Temperature and Thermophysical Properties,discipline,DP-05-A02,Contact Thermometry,DP-05-019,Thermocouple calibration methods,skill,4,1 2 3 4,draft
DP-05,Temperature and Thermophysical Properties,discipline,DP-05-A02,Contact Thermometry,DP-05-020,Thermistors and semiconductor sensors,skill,4,1 2 3 4,draft
DP-05,Temperature and Thermophysical Properties,discipline,DP-05-A02,Contact Thermometry,DP-05-021,Liquid-in-glass thermometers and their calibration,skill,4,1 2 3 4,draft
DP-05,Temperature and Thermophysical Properties,discipline,DP-05-A02,Contact Thermometry,DP-05-022,"Immersion depth, stem conduction and thermal contact",skill,4,1 2 3 4,draft
DP-05,Temperature and Thermophysical Properties,discipline,DP-05-A02,Contact Thermometry,DP-05-023,"Calibration baths, furnaces and dry blocks",skill,4,1 2 3 4,draft
DP-05,Temperature and Thermophysical Properties,discipline,DP-05-A02,Contact Thermometry,DP-05-024,Comparison calibration technique and uniformity assessment,skill,4,1 2 3 4,draft
DP-05,Temperature and Thermophysical Properties,discipline,DP-05-A02,Contact Thermometry,DP-05-025,Interpolation equations and calibration coefficients,skill,4,1 2 3 4,draft
DP-05,Temperature and Thermophysical Properties,discipline,DP-05-A02,Contact Thermometry,DP-05-026,Uncertainty budget for contact thermometry,skill,5,1 2 3 4 5,draft
DP-05,Temperature and Thermophysical Properties,discipline,DP-05-A02,Contact Thermometry,DP-05-027,Fibre optic and distributed temperature sensing,skill,4,1 2 3 4,draft
DP-05,Temperature and Thermophysical Properties,discipline,DP-05-A03,Radiation Thermometry,DP-05-028,Planck radiation law and radiation thermometry principles,knowledge,4,1 2 3 4,draft
DP-05,Temperature and Thermophysical Properties,discipline,DP-05-A03,Radiation Thermometry,DP-05-029,Emissivity and its measurement,skill,5,1 2 3 4 5,draft
DP-05,Temperature and Thermophysical Properties,discipline,DP-05-A03,Radiation Thermometry,DP-05-030,Blackbody sources and cavity design,skill,4,1 2 3 4,draft
DP-05,Temperature and Thermophysical Properties,discipline,DP-05-A03,Radiation Thermometry,DP-05-031,Radiation thermometer types and spectral bands,skill,4,1 2 3 4,draft
DP-05,Temperature and Thermophysical Properties,discipline,DP-05-A03,Radiation Thermometry,DP-05-032,Size of source effect,knowledge,4,1 2 3 4,draft
DP-05,Temperature and Thermophysical Properties,discipline,DP-05-A03,Radiation Thermometry,DP-05-033,Reflected radiation and background compensation,skill,4,1 2 3 4,draft
DP-05,Temperature and Thermophysical Properties,discipline,DP-05-A03,Radiation Thermometry,DP-05-034,Atmospheric absorption and path effects,skill,4,1 2 3 4,draft
DP-05,Temperature and Thermophysical Properties,discipline,DP-05-A03,Radiation Thermometry,DP-05-035,Ratio and multi-wavelength thermometry,skill,4,1 2 3 4,draft
DP-05,Temperature and Thermophysical Properties,discipline,DP-05-A03,Radiation Thermometry,DP-05-036,Thermal imaging cameras and their calibration,skill,4,1 2 3 4,draft
DP-05,Temperature and Thermophysical Properties,discipline,DP-05-A03,Radiation Thermometry,DP-05-037,Uncertainty budget for radiation thermometry,skill,5,1 2 3 4 5,draft
DP-05,Temperature and Thermophysical Properties,discipline,DP-05-A04,Applied Temperature Measurement,DP-05-038,Sensor selection for an application,judgment,4,1 2 3 4,draft
DP-05,Temperature and Thermophysical Properties,discipline,DP-05-A04,Applied Temperature Measurement,DP-05-039,Installation effects and measuring what you intend to measure,judgment,5,1 2 3 4 5,draft
DP-05,Temperature and Thermophysical Properties,discipline,DP-05-A04,Applied Temperature Measurement,DP-05-040,Dynamic response and time constants in thermometry,skill,4,1 2 3 4,draft
DP-05,Temperature and Thermophysical Properties,discipline,DP-05-A04,Applied Temperature Measurement,DP-05-041,Surface temperature measurement and its difficulty,skill,4,1 2 3 4,draft
DP-05,Temperature and Thermophysical Properties,discipline,DP-05-A04,Applied Temperature Measurement,DP-05-042,"Temperature mapping of chambers, ovens and autoclaves",skill,4,1 2 3 4,draft
DP-05,Temperature and Thermophysical Properties,discipline,DP-05-A04,Applied Temperature Measurement,DP-05-043,Thermal uniformity surveys and heat treatment qualification,skill,4,1 2 3 4,draft
DP-05,Temperature and Thermophysical Properties,discipline,DP-05-A04,Applied Temperature Measurement,DP-05-044,Cryogenic temperature measurement,skill,4,1 2 3 4,draft
DP-05,Temperature and Thermophysical Properties,discipline,DP-05-A04,Applied Temperature Measurement,DP-05-045,High temperature measurement above the silver point,skill,4,1 2 3 4,draft
DP-05,Temperature and Thermophysical Properties,discipline,DP-05-A04,Applied Temperature Measurement,DP-05-046,Temperature measurement in process and safety-critical systems,skill,4,1 2 3 4,draft
DP-05,Temperature and Thermophysical Properties,discipline,DP-05-A05,Thermophysical Properties,DP-05-047,Thermal conductivity measurement methods,skill,5,1 2 3 4 5,draft
DP-05,Temperature and Thermophysical Properties,discipline,DP-05-A05,Thermophysical Properties,DP-05-048,Thermal diffusivity and laser flash technique,skill,4,1 2 3 4,draft
DP-05,Temperature and Thermophysical Properties,discipline,DP-05-A05,Thermophysical Properties,DP-05-049,Specific heat capacity and calorimetry,skill,4,1 2 3 4,draft
DP-05,Temperature and Thermophysical Properties,discipline,DP-05-A05,Thermophysical Properties,DP-05-050,Differential scanning calorimetry,skill,4,1 2 3 4,draft
DP-05,Temperature and Thermophysical Properties,discipline,DP-05-A05,Thermophysical Properties,DP-05-051,Thermal expansion measurement and dilatometry,skill,4,1 2 3 4,draft
DP-05,Temperature and Thermophysical Properties,discipline,DP-05-A05,Thermophysical Properties,DP-05-052,"Enthalpy, latent heat and phase transitions",skill,4,1 2 3 4,draft
DP-05,Temperature and Thermophysical Properties,discipline,DP-05-A05,Thermophysical Properties,DP-05-053,Heat flux measurement,skill,4,1 2 3 4,draft
DP-05,Temperature and Thermophysical Properties,discipline,DP-05-A05,Thermophysical Properties,DP-05-054,Emissivity and optical property measurement of materials,skill,4,1 2 3 4,draft
DP-06,Humidity and Moisture,discipline,DP-06-A01,Humidity Quantities and Relationships,DP-06-001,"Relative humidity, dew point, mixing ratio and absolute humidity",knowledge,3,1 2 3,draft
DP-06,Humidity and Moisture,discipline,DP-06-A01,Humidity Quantities and Relationships,DP-06-002,Conversion between humidity quantities and its dependencies,skill,4,1 2 3 4,draft
DP-06,Humidity and Moisture,discipline,DP-06-A01,Humidity Quantities and Relationships,DP-06-003,Saturation vapour pressure formulations,knowledge,5,1 2 3 4 5,draft
DP-06,Humidity and Moisture,discipline,DP-06-A01,Humidity Quantities and Relationships,DP-06-004,Enhancement factor and non-ideal gas behaviour,knowledge,4,1 2 3 4,draft
DP-06,Humidity and Moisture,discipline,DP-06-A01,Humidity Quantities and Relationships,DP-06-005,Frost point and its distinction from dew point,knowledge,4,1 2 3 4,draft
DP-06,Humidity and Moisture,discipline,DP-06-A01,Humidity Quantities and Relationships,DP-06-006,Wet-bulb temperature and psychrometry,knowledge,4,1 2 3 4,draft
DP-06,Humidity and Moisture,discipline,DP-06-A01,Humidity Quantities and Relationships,DP-06-007,Choosing the right humidity quantity for an application,judgment,4,1 2 3 4,draft
DP-06,Humidity and Moisture,discipline,DP-06-A02,Humidity Generation and Standards,DP-06-008,Two-pressure humidity generators,skill,4,1 2 3 4,draft
DP-06,Humidity and Moisture,discipline,DP-06-A02,Humidity Generation and Standards,DP-06-009,Two-temperature and divided-flow generators,skill,4,1 2 3 4,draft
DP-06,Humidity and Moisture,discipline,DP-06-A02,Humidity Generation and Standards,DP-06-010,Saturated salt solutions and their limitations,skill,4,1 2 3 4,draft
DP-06,Humidity and Moisture,discipline,DP-06-A02,Humidity Generation and Standards,DP-06-011,Gravimetric hygrometry as a primary method,skill,5,1 2 3 4 5,draft
DP-06,Humidity and Moisture,discipline,DP-06-A02,Humidity Generation and Standards,DP-06-012,Standard humidity chambers and uniformity,skill,4,1 2 3 4,draft
DP-06,Humidity and Moisture,discipline,DP-06-A02,Humidity Generation and Standards,DP-06-013,Uncertainty budget for humidity generation,skill,5,1 2 3 4 5,draft
DP-06,Humidity and Moisture,discipline,DP-06-A03,Humidity Instruments and Calibration,DP-06-014,Chilled mirror hygrometers,skill,4,1 2 3 4,draft
DP-06,Humidity and Moisture,discipline,DP-06-A03,Humidity Instruments and Calibration,DP-06-015,Capacitive and resistive polymer sensors,skill,4,1 2 3 4,draft
DP-06,Humidity and Moisture,discipline,DP-06-A03,Humidity Instruments and Calibration,DP-06-016,Electrolytic and aluminium oxide sensors,skill,4,1 2 3 4,draft
DP-06,Humidity and Moisture,discipline,DP-06-A03,Humidity Instruments and Calibration,DP-06-017,Spectroscopic humidity measurement,skill,4,1 2 3 4,draft
DP-06,Humidity and Moisture,discipline,DP-06-A03,Humidity Instruments and Calibration,DP-06-018,Calibration procedures for humidity instruments,skill,4,1 2 3 4,draft
DP-06,Humidity and Moisture,discipline,DP-06-A03,Humidity Instruments and Calibration,DP-06-019,"Sensor hysteresis, drift and contamination",skill,4,1 2 3 4,draft
DP-06,Humidity and Moisture,discipline,DP-06-A03,Humidity Instruments and Calibration,DP-06-020,Response time and equilibration in humidity measurement,skill,4,1 2 3 4,draft
DP-06,Humidity and Moisture,discipline,DP-06-A03,Humidity Instruments and Calibration,DP-06-021,Sampling systems and the problem of the sample line,judgment,5,1 2 3 4 5,draft
DP-06,Humidity and Moisture,discipline,DP-06-A03,Humidity Instruments and Calibration,DP-06-022,Trace moisture measurement in gases,skill,4,1 2 3 4,draft
DP-06,Humidity and Moisture,discipline,DP-06-A03,Humidity Instruments and Calibration,DP-06-023,High temperature and high pressure humidity measurement,skill,4,1 2 3 4,draft
DP-06,Humidity and Moisture,discipline,DP-06-A03,Humidity Instruments and Calibration,DP-06-024,Uncertainty budget for humidity calibration,skill,5,1 2 3 4 5,draft
DP-06,Humidity and Moisture,discipline,DP-06-A04,Moisture in Solids and Liquids,DP-06-025,Moisture content definitions: wet basis and dry basis,knowledge,4,1 2 3 4,draft
DP-06,Humidity and Moisture,discipline,DP-06-A04,Moisture in Solids and Liquids,DP-06-026,Loss on drying and oven methods,skill,4,1 2 3 4,draft
DP-06,Humidity and Moisture,discipline,DP-06-A04,Moisture in Solids and Liquids,DP-06-027,Karl Fischer titration,skill,4,1 2 3 4,draft
DP-06,Humidity and Moisture,discipline,DP-06-A04,Moisture in Solids and Liquids,DP-06-028,Near infrared and microwave moisture measurement,skill,4,1 2 3 4,draft
DP-06,Humidity and Moisture,discipline,DP-06-A04,Moisture in Solids and Liquids,DP-06-029,Water activity measurement,skill,4,1 2 3 4,draft
DP-06,Humidity and Moisture,discipline,DP-06-A04,Moisture in Solids and Liquids,DP-06-030,Moisture reference materials and method comparability,skill,4,1 2 3 4,draft
DP-06,Humidity and Moisture,discipline,DP-06-A04,Moisture in Solids and Liquids,DP-06-031,Sampling and homogeneity in moisture determination,judgment,5,1 2 3 4 5,draft
DP-06,Humidity and Moisture,discipline,DP-06-A05,Applied Humidity Measurement,DP-06-032,Humidity control in metrology laboratories,skill,3,1 2 3,draft
DP-06,Humidity and Moisture,discipline,DP-06-A05,Applied Humidity Measurement,DP-06-033,Environmental chamber qualification and mapping,skill,4,1 2 3 4,draft
DP-06,Humidity and Moisture,discipline,DP-06-A05,Applied Humidity Measurement,DP-06-034,Humidity in pharmaceutical and food storage,skill,3,1 2 3,draft
DP-06,Humidity and Moisture,discipline,DP-06-A05,Applied Humidity Measurement,DP-06-035,Meteorological humidity measurement,skill,3,1 2 3,draft
DP-06,Humidity and Moisture,discipline,DP-06-A05,Applied Humidity Measurement,DP-06-036,Humidity in compressed gas and process systems,skill,4,1 2 3 4,draft
DP-06,Humidity and Moisture,discipline,DP-06-A05,Applied Humidity Measurement,DP-06-037,Condensation risk assessment,skill,3,1 2 3,draft
DP-07,Flow Measurement,discipline,DP-07-A01,Flow Fundamentals,DP-07-001,Volumetric and mass flow rate and their relationship,knowledge,3,1 2 3,draft
DP-07,Flow Measurement,discipline,DP-07-A01,Flow Fundamentals,DP-07-002,Reynolds number and flow regimes,knowledge,4,1 2 3 4,draft
DP-07,Flow Measurement,discipline,DP-07-A01,Flow Fundamentals,DP-07-003,Velocity profile development and fully developed flow,knowledge,5,1 2 3 4 5,draft
DP-07,Flow Measurement,discipline,DP-07-A01,Flow Fundamentals,DP-07-004,"Swirl, asymmetry and flow disturbance",knowledge,4,1 2 3 4,draft
DP-07,Flow Measurement,discipline,DP-07-A01,Flow Fundamentals,DP-07-005,Compressibility and expansibility in gas flow,knowledge,4,1 2 3 4,draft
DP-07,Flow Measurement,discipline,DP-07-A01,Flow Fundamentals,DP-07-006,Reference conditions for gas volume,knowledge,4,1 2 3 4,draft
DP-07,Flow Measurement,discipline,DP-07-A01,Flow Fundamentals,DP-07-007,Conservation principles applied to flow measurement,knowledge,4,1 2 3 4,draft
DP-07,Flow Measurement,discipline,DP-07-A01,Flow Fundamentals,DP-07-008,Pulsating and unsteady flow effects,knowledge,4,1 2 3 4,draft
DP-07,Flow Measurement,discipline,DP-07-A02,Flow Meter Technologies,DP-07-009,"Differential pressure meters: orifice, nozzle, venturi",knowledge,4,1 2 3 4,draft
DP-07,Flow Measurement,discipline,DP-07-A02,Flow Meter Technologies,DP-07-010,Discharge coefficient and its determination,knowledge,5,1 2 3 4 5,draft
DP-07,Flow Measurement,discipline,DP-07-A02,Flow Meter Technologies,DP-07-011,Positive displacement meters,knowledge,4,1 2 3 4,draft
DP-07,Flow Measurement,discipline,DP-07-A02,Flow Meter Technologies,DP-07-012,Turbine meters,knowledge,4,1 2 3 4,draft
DP-07,Flow Measurement,discipline,DP-07-A02,Flow Meter Technologies,DP-07-013,Electromagnetic flow meters,knowledge,4,1 2 3 4,draft
DP-07,Flow Measurement,discipline,DP-07-A02,Flow Meter Technologies,DP-07-014,Ultrasonic flow meters: transit time and Doppler,knowledge,4,1 2 3 4,draft
DP-07,Flow Measurement,discipline,DP-07-A02,Flow Meter Technologies,DP-07-015,Coriolis mass flow meters,knowledge,4,1 2 3 4,draft
DP-07,Flow Measurement,discipline,DP-07-A02,Flow Meter Technologies,DP-07-016,Vortex shedding meters,knowledge,4,1 2 3 4,draft
DP-07,Flow Measurement,discipline,DP-07-A02,Flow Meter Technologies,DP-07-017,Thermal mass flow meters,knowledge,4,1 2 3 4,draft
DP-07,Flow Measurement,discipline,DP-07-A02,Flow Meter Technologies,DP-07-018,Variable area and rotameter devices,knowledge,3,1 2 3,draft
DP-07,Flow Measurement,discipline,DP-07-A02,Flow Meter Technologies,DP-07-019,Laminar flow elements,knowledge,4,1 2 3 4,draft
DP-07,Flow Measurement,discipline,DP-07-A02,Flow Meter Technologies,DP-07-020,Open channel and weir flow measurement,knowledge,4,1 2 3 4,draft
DP-07,Flow Measurement,discipline,DP-07-A02,Flow Meter Technologies,DP-07-021,Meter selection for an application,judgment,5,1 2 3 4 5,draft
DP-07,Flow Measurement,discipline,DP-07-A03,Flow Standards and Calibration Facilities,DP-07-022,Gravimetric flow standards,skill,4,1 2 3 4,draft
DP-07,Flow Measurement,discipline,DP-07-A03,Flow Standards and Calibration Facilities,DP-07-023,Volumetric provers and pipe provers,skill,4,1 2 3 4,draft
DP-07,Flow Measurement,discipline,DP-07-A03,Flow Standards and Calibration Facilities,DP-07-024,Piston provers and syringe standards,skill,4,1 2 3 4,draft
DP-07,Flow Measurement,discipline,DP-07-A03,Flow Standards and Calibration Facilities,DP-07-025,Bell provers and gas volume standards,skill,4,1 2 3 4,draft
DP-07,Flow Measurement,discipline,DP-07-A03,Flow Standards and Calibration Facilities,DP-07-026,Critical flow venturi nozzles,skill,4,1 2 3 4,draft
DP-07,Flow Measurement,discipline,DP-07-A03,Flow Standards and Calibration Facilities,DP-07-027,Master meter and transfer standard methods,skill,4,1 2 3 4,draft
DP-07,Flow Measurement,discipline,DP-07-A03,Flow Standards and Calibration Facilities,DP-07-028,PVTt gas flow standards,skill,4,1 2 3 4,draft
DP-07,Flow Measurement,discipline,DP-07-A03,Flow Standards and Calibration Facilities,DP-07-029,Traceability of flow measurement and its chain,knowledge,5,1 2 3 4 5,draft
DP-07,Flow Measurement,discipline,DP-07-A03,Flow Standards and Calibration Facilities,DP-07-030,Uncertainty budget for flow calibration,skill,5,1 2 3 4 5,draft
DP-07,Flow Measurement,discipline,DP-07-A03,Flow Standards and Calibration Facilities,DP-07-031,Calibration at conditions other than those of use,judgment,4,1 2 3 4,draft
DP-07,Flow Measurement,discipline,DP-07-A04,Installation and In-Service Performance,DP-07-032,Upstream and downstream straight length requirements,knowledge,4,1 2 3 4,draft
DP-07,Flow Measurement,discipline,DP-07-A04,Installation and In-Service Performance,DP-07-033,Flow conditioners and their effect,judgment,4,1 2 3 4,draft
DP-07,Flow Measurement,discipline,DP-07-A04,Installation and In-Service Performance,DP-07-034,Installation effects and the gap between laboratory and field,judgment,5,1 2 3 4 5,draft
DP-07,Flow Measurement,discipline,DP-07-A04,Installation and In-Service Performance,DP-07-035,"Orientation, cavitation and two-phase intrusion",judgment,4,1 2 3 4,draft
DP-07,Flow Measurement,discipline,DP-07-A04,Installation and In-Service Performance,DP-07-036,"Fluid property effects: viscosity, density, temperature",judgment,4,1 2 3 4,draft
DP-07,Flow Measurement,discipline,DP-07-A04,Installation and In-Service Performance,DP-07-037,"Contamination, erosion, deposition and meter drift",judgment,4,1 2 3 4,draft
DP-07,Flow Measurement,discipline,DP-07-A04,Installation and In-Service Performance,DP-07-038,In-situ verification and proving,skill,4,1 2 3 4,draft
DP-07,Flow Measurement,discipline,DP-07-A04,Installation and In-Service Performance,DP-07-039,Diagnostics and self-checking flow meters,knowledge,4,1 2 3 4,draft
DP-07,Flow Measurement,discipline,DP-07-A05,Custody Transfer and Specialised Flow,DP-07-040,Custody transfer measurement and its commercial stakes,knowledge,4,1 2 3 4,draft
DP-07,Flow Measurement,discipline,DP-07-A05,Custody Transfer and Specialised Flow,DP-07-041,"Metering systems, computers and volume correction",skill,4,1 2 3 4,draft
DP-07,Flow Measurement,discipline,DP-07-A05,Custody Transfer and Specialised Flow,DP-07-042,Multiphase and wet gas flow measurement,skill,5,1 2 3 4 5,draft
DP-07,Flow Measurement,discipline,DP-07-A05,Custody Transfer and Specialised Flow,DP-07-043,Cryogenic and liquefied gas flow,skill,4,1 2 3 4,draft
DP-07,Flow Measurement,discipline,DP-07-A05,Custody Transfer and Specialised Flow,DP-07-044,Low flow and micro flow measurement,skill,4,1 2 3 4,draft
DP-07,Flow Measurement,discipline,DP-07-A05,Custody Transfer and Specialised Flow,DP-07-045,Medical and infusion flow measurement,skill,4,1 2 3 4,draft
DP-07,Flow Measurement,discipline,DP-07-A05,Custody Transfer and Specialised Flow,DP-07-046,Air velocity and anemometry,skill,4,1 2 3 4,draft
DP-07,Flow Measurement,discipline,DP-07-A05,Custody Transfer and Specialised Flow,DP-07-047,Water and wastewater flow measurement,skill,4,1 2 3 4,draft
DP-07,Flow Measurement,discipline,DP-07-A05,Custody Transfer and Specialised Flow,DP-07-048,Hydrogen and alternative fuel flow measurement,skill,4,1 2 3 4,draft
DP-08,DC and Low Frequency Electrical Metrology,discipline,DP-08-A07,Foundational Knowledge — Electrical Quantities and Circuits,DP-08-053,"Charge, current, voltage and resistance as physical quantities",knowledge,2,1 2,draft
DP-08,DC and Low Frequency Electrical Metrology,discipline,DP-08-A07,Foundational Knowledge — Electrical Quantities and Circuits,DP-08-054,Ohm's law applied to a resistive circuit,knowledge,3,1 2 3,draft
DP-08,DC and Low Frequency Electrical Metrology,discipline,DP-08-A07,Foundational Knowledge — Electrical Quantities and Circuits,DP-08-066,Kirchhoff's current and voltage laws,knowledge,3,1 2 3,draft
DP-08,DC and Low Frequency Electrical Metrology,discipline,DP-08-A07,Foundational Knowledge — Electrical Quantities and Circuits,DP-08-055,Series circuits: shared current and summed voltages,knowledge,3,1 2 3,draft
DP-08,DC and Low Frequency Electrical Metrology,discipline,DP-08-A07,Foundational Knowledge — Electrical Quantities and Circuits,DP-08-056,Parallel circuits: shared voltage and summed currents,knowledge,3,1 2 3,draft
DP-08,DC and Low Frequency Electrical Metrology,discipline,DP-08-A07,Foundational Knowledge — Electrical Quantities and Circuits,DP-08-057,Equivalent resistance of series and parallel combinations,skill,3,1 2 3,draft
DP-08,DC and Low Frequency Electrical Metrology,discipline,DP-08-A07,Foundational Knowledge — Electrical Quantities and Circuits,DP-08-067,"Voltage dividers, and what a load does to one",skill,3,1 2 3,draft
DP-08,DC and Low Frequency Electrical Metrology,discipline,DP-08-A07,Foundational Knowledge — Electrical Quantities and Circuits,DP-08-068,Current dividers and unintended shunt paths,knowledge,2,1 2,draft
DP-08,DC and Low Frequency Electrical Metrology,discipline,DP-08-A07,Foundational Knowledge — Electrical Quantities and Circuits,DP-08-069,Source internal resistance and the cost of loading a source,knowledge,3,1 2 3,draft
DP-08,DC and Low Frequency Electrical Metrology,discipline,DP-08-A07,Foundational Knowledge — Electrical Quantities and Circuits,DP-08-058,Electrical power and energy in a resistive circuit,knowledge,3,1 2 3,draft
DP-08,DC and Low Frequency Electrical Metrology,discipline,DP-08-A07,Foundational Knowledge — Electrical Quantities and Circuits,DP-08-070,Capacitance and inductance as circuit elements,knowledge,2,1 2,draft
DP-08,DC and Low Frequency Electrical Metrology,discipline,DP-08-A07,Foundational Knowledge — Electrical Quantities and Circuits,DP-08-071,"RC and RL time constants, and why a reading needs to settle",knowledge,3,1 2 3,draft
DP-08,DC and Low Frequency Electrical Metrology,discipline,DP-08-A07,Foundational Knowledge — Electrical Quantities and Circuits,DP-08-059,"Direct and alternating quantities, and what RMS states",knowledge,3,1 2 3,draft
DP-08,DC and Low Frequency Electrical Metrology,discipline,DP-08-A07,Foundational Knowledge — Electrical Quantities and Circuits,DP-08-060,"Frequency, period and waveform shape",knowledge,2,1 2,draft
DP-08,DC and Low Frequency Electrical Metrology,discipline,DP-08-A07,Foundational Knowledge — Electrical Quantities and Circuits,DP-08-072,"Peak, average and RMS: which one an instrument is reporting",knowledge,3,1 2 3,draft
DP-08,DC and Low Frequency Electrical Metrology,discipline,DP-08-A07,Foundational Knowledge — Electrical Quantities and Circuits,DP-08-073,True-RMS and average-responding meters on a distorted waveform,skill,3,1 2 3,draft
DP-08,DC and Low Frequency Electrical Metrology,discipline,DP-08-A07,Foundational Knowledge — Electrical Quantities and Circuits,DP-08-074,"Crest factor, and where a meter stops being accurate",knowledge,3,1 2 3,draft
DP-08,DC and Low Frequency Electrical Metrology,discipline,DP-08-A07,Foundational Knowledge — Electrical Quantities and Circuits,DP-08-075,"Phase between voltage and current, and what it means at the terminals",knowledge,2,1 2,draft
DP-08,DC and Low Frequency Electrical Metrology,discipline,DP-08-A07,Foundational Knowledge — Electrical Quantities and Circuits,DP-08-081,"Digits, counts and resolution, and why none of them is accuracy",knowledge,2,1 2,draft
DP-08,DC and Low Frequency Electrical Metrology,discipline,DP-08-A07,Foundational Knowledge — Electrical Quantities and Circuits,DP-08-082,"Range selection, autoranging, and behaviour at a range boundary",skill,3,1 2 3,draft
DP-08,DC and Low Frequency Electrical Metrology,discipline,DP-08-A07,Foundational Knowledge — Electrical Quantities and Circuits,DP-08-062,Operating a handheld digital multimeter (3½ to 4½ digit),skill,3,1 2 3,draft
DP-08,DC and Low Frequency Electrical Metrology,discipline,DP-08-A07,Foundational Knowledge — Electrical Quantities and Circuits,DP-08-076,Operating a bench digital multimeter (5½ to 6½ digit),skill,3,1 2 3,draft
DP-08,DC and Low Frequency Electrical Metrology,discipline,DP-08-A07,Foundational Knowledge — Electrical Quantities and Circuits,DP-08-077,Operating a reference digital multimeter (7½ to 8½ digit),skill,4,1 2 3 4,draft
DP-08,DC and Low Frequency Electrical Metrology,discipline,DP-08-A07,Foundational Knowledge — Electrical Quantities and Circuits,DP-08-078,"Integration time, NPLC, and the noise against speed trade-off",skill,3,1 2 3,draft
DP-08,DC and Low Frequency Electrical Metrology,discipline,DP-08-A07,Foundational Knowledge — Electrical Quantities and Circuits,DP-08-079,Operating a null detector in a comparison measurement,skill,3,1 2 3,draft
DP-08,DC and Low Frequency Electrical Metrology,discipline,DP-08-A07,Foundational Knowledge — Electrical Quantities and Circuits,DP-08-080,Operating a nanovoltmeter for low-level DC,skill,4,1 2 3 4,draft
DP-08,DC and Low Frequency Electrical Metrology,discipline,DP-08-A07,Foundational Knowledge — Electrical Quantities and Circuits,DP-08-085,"Analogue meters, and where one is still the right instrument",skill,2,1 2,draft
DP-08,DC and Low Frequency Electrical Metrology,discipline,DP-08-A07,Foundational Knowledge — Electrical Quantities and Circuits,DP-08-083,"Burden voltage, and what an ammeter costs the circuit",knowledge,3,1 2 3,draft
DP-08,DC and Low Frequency Electrical Metrology,discipline,DP-08-A07,Foundational Knowledge — Electrical Quantities and Circuits,DP-08-084,"Input impedance, and the loading a voltmeter imposes",knowledge,3,1 2 3,draft
DP-08,DC and Low Frequency Electrical Metrology,discipline,DP-08-A07,Foundational Knowledge — Electrical Quantities and Circuits,DP-08-063,"Two-terminal and four-terminal connection, and why lead resistance matters",skill,3,1 2 3,draft
DP-08,DC and Low Frequency Electrical Metrology,discipline,DP-08-A07,Foundational Knowledge — Electrical Quantities and Circuits,DP-08-086,Test leads and probes as part of the measurement,skill,3,1 2 3,draft
DP-08,DC and Low Frequency Electrical Metrology,discipline,DP-08-A07,Foundational Knowledge — Electrical Quantities and Circuits,DP-08-087,Contact resistance and making a clean connection,skill,3,1 2 3,draft
DP-08,DC and Low Frequency Electrical Metrology,discipline,DP-08-A07,Foundational Knowledge — Electrical Quantities and Circuits,DP-08-088,"Thermal EMF at a junction, and how it shows up in a reading",knowledge,3,1 2 3,draft
DP-08,DC and Low Frequency Electrical Metrology,discipline,DP-08-A07,Foundational Knowledge — Electrical Quantities and Circuits,DP-08-089,Guarding: what a guard terminal is for,knowledge,2,1 2,draft
DP-08,DC and Low Frequency Electrical Metrology,discipline,DP-08-A07,Foundational Knowledge — Electrical Quantities and Circuits,DP-08-090,Shielding and lead dress for low-level measurement,skill,3,1 2 3,draft
DP-08,DC and Low Frequency Electrical Metrology,discipline,DP-08-A07,Foundational Knowledge — Electrical Quantities and Circuits,DP-08-091,Operating a DC voltage or current source into a load,skill,3,1 2 3,draft
DP-08,DC and Low Frequency Electrical Metrology,discipline,DP-08-A07,Foundational Knowledge — Electrical Quantities and Circuits,DP-08-092,"Batteries, references, and what 'stable' means for a source",knowledge,2,1 2,draft
DP-08,DC and Low Frequency Electrical Metrology,discipline,DP-08-A07,Foundational Knowledge — Electrical Quantities and Circuits,DP-08-093,Decade boxes and standard resistors in bench use,skill,3,1 2 3,draft
DP-08,DC and Low Frequency Electrical Metrology,discipline,DP-08-A07,Foundational Knowledge — Electrical Quantities and Circuits,DP-08-061,Reading a circuit diagram well enough to connect to it,knowledge,2,1 2,draft
DP-08,DC and Low Frequency Electrical Metrology,discipline,DP-08-A07,Foundational Knowledge — Electrical Quantities and Circuits,DP-08-094,"Resolution, accuracy and precision distinguished",knowledge,2,1 2,draft
DP-08,DC and Low Frequency Electrical Metrology,discipline,DP-08-A07,Foundational Knowledge — Electrical Quantities and Circuits,DP-08-064,Computing a tolerance from a stated accuracy specification,skill,2,1 2,draft
DP-08,DC and Low Frequency Electrical Metrology,discipline,DP-08-A07,Foundational Knowledge — Electrical Quantities and Circuits,DP-08-095,"When a specification applies: warm-up, temperature and time since calibration",knowledge,3,1 2 3,draft
DP-08,DC and Low Frequency Electrical Metrology,discipline,DP-08-A07,Foundational Knowledge — Electrical Quantities and Circuits,DP-08-096,"Recording a measurement result: units, digits and what to write down",skill,3,1 2 3,draft
DP-08,DC and Low Frequency Electrical Metrology,discipline,DP-08-A07,Foundational Knowledge — Electrical Quantities and Circuits,DP-08-097,"Recognising an implausible reading, and what to do about it",judgment,4,1 2 3 4,draft
DP-08,DC and Low Frequency Electrical Metrology,discipline,DP-08-A07,Foundational Knowledge — Electrical Quantities and Circuits,DP-08-065,Electrical safety for measurement work,knowledge,3,1 2 3,draft
DP-08,DC and Low Frequency Electrical Metrology,discipline,DP-08-A07,Foundational Knowledge — Electrical Quantities and Circuits,DP-08-098,"Measurement categories CAT I to CAT IV, and choosing the instrument",knowledge,3,1 2 3,draft
DP-08,DC and Low Frequency Electrical Metrology,discipline,DP-08-A07,Foundational Knowledge — Electrical Quantities and Circuits,DP-08-099,"Working limits, isolation and lock-out for measurement work",knowledge,3,1 2 3,draft
DP-08,DC and Low Frequency Electrical Metrology,discipline,DP-08-A07,Foundational Knowledge — Electrical Quantities and Circuits,DP-08-100,Arc flash and stored energy awareness,knowledge,2,1 2,draft
DP-08,DC and Low Frequency Electrical Metrology,discipline,DP-08-A01,Quantum Electrical Standards,DP-08-001,The ampere definition from the elementary charge,knowledge,4,1 2 3 4,draft
DP-08,DC and Low Frequency Electrical Metrology,discipline,DP-08-A01,Quantum Electrical Standards,DP-08-002,Josephson effect and voltage standards,knowledge,5,1 2 3 4 5,draft
DP-08,DC and Low Frequency Electrical Metrology,discipline,DP-08-A01,Quantum Electrical Standards,DP-08-003,Programmable and pulse-driven Josephson arrays,knowledge,4,1 2 3 4,draft
DP-08,DC and Low Frequency Electrical Metrology,discipline,DP-08-A01,Quantum Electrical Standards,DP-08-004,Quantum Hall effect and resistance standards,knowledge,5,1 2 3 4 5,draft
DP-08,DC and Low Frequency Electrical Metrology,discipline,DP-08-A01,Quantum Electrical Standards,DP-08-005,Graphene quantum Hall devices,knowledge,4,1 2 3 4,draft
DP-08,DC and Low Frequency Electrical Metrology,discipline,DP-08-A01,Quantum Electrical Standards,DP-08-006,Single electron transport and current standards,knowledge,4,1 2 3 4,draft
DP-08,DC and Low Frequency Electrical Metrology,discipline,DP-08-A01,Quantum Electrical Standards,DP-08-007,The quantum metrology triangle,knowledge,4,1 2 3 4,draft
DP-08,DC and Low Frequency Electrical Metrology,discipline,DP-08-A01,Quantum Electrical Standards,DP-08-008,Dissemination from quantum standards to working standards,knowledge,5,1 2 3 4 5,draft
DP-08,DC and Low Frequency Electrical Metrology,discipline,DP-08-A02,DC Voltage,DP-08-009,Zener reference standards and their behaviour,knowledge,4,1 2 3 4,draft
DP-08,DC and Low Frequency Electrical Metrology,discipline,DP-08-A02,DC Voltage,DP-08-010,Standard cells and their historical role,knowledge,3,1 2 3,draft
DP-08,DC and Low Frequency Electrical Metrology,discipline,DP-08-A02,DC Voltage,DP-08-011,Voltage divider techniques,skill,4,1 2 3 4,draft
DP-08,DC and Low Frequency Electrical Metrology,discipline,DP-08-A02,DC Voltage,DP-08-012,Potentiometric and null measurement methods,skill,4,1 2 3 4,draft
DP-08,DC and Low Frequency Electrical Metrology,discipline,DP-08-A02,DC Voltage,DP-08-013,Digital multimeter architecture and DC voltage performance,skill,4,1 2 3 4,draft
DP-08,DC and Low Frequency Electrical Metrology,discipline,DP-08-A02,DC Voltage,DP-08-014,DC voltage calibration procedures,skill,4,1 2 3 4,draft
DP-08,DC and Low Frequency Electrical Metrology,discipline,DP-08-A02,DC Voltage,DP-08-015,Low-level voltage measurement and nanovolt techniques,skill,5,1 2 3 4 5,draft
DP-08,DC and Low Frequency Electrical Metrology,discipline,DP-08-A02,DC Voltage,DP-08-016,High voltage DC measurement and dividers,skill,4,1 2 3 4,draft
DP-08,DC and Low Frequency Electrical Metrology,discipline,DP-08-A02,DC Voltage,DP-08-017,Uncertainty budget for DC voltage calibration,skill,5,1 2 3 4 5,draft
DP-08,DC and Low Frequency Electrical Metrology,discipline,DP-08-A03,Resistance,DP-08-018,"Standard resistors: construction, stability and care",knowledge,4,1 2 3 4,draft
DP-08,DC and Low Frequency Electrical Metrology,discipline,DP-08-A03,Resistance,DP-08-019,Temperature and power coefficients of resistance standards,skill,4,1 2 3 4,draft
DP-08,DC and Low Frequency Electrical Metrology,discipline,DP-08-A03,Resistance,DP-08-020,"Two, three and four terminal resistance definitions",knowledge,4,1 2 3 4,draft
DP-08,DC and Low Frequency Electrical Metrology,discipline,DP-08-A03,Resistance,DP-08-021,Wheatstone and Kelvin bridge techniques,skill,4,1 2 3 4,draft
DP-08,DC and Low Frequency Electrical Metrology,discipline,DP-08-A03,Resistance,DP-08-022,Cryogenic current comparator bridges,skill,5,1 2 3 4 5,draft
DP-08,DC and Low Frequency Electrical Metrology,discipline,DP-08-A03,Resistance,DP-08-023,Direct current comparator resistance bridges,skill,4,1 2 3 4,draft
DP-08,DC and Low Frequency Electrical Metrology,discipline,DP-08-A03,Resistance,DP-08-024,Hamon transfer devices and resistance scaling,skill,4,1 2 3 4,draft
DP-08,DC and Low Frequency Electrical Metrology,discipline,DP-08-A03,Resistance,DP-08-025,High resistance and insulation measurement,skill,4,1 2 3 4,draft
DP-08,DC and Low Frequency Electrical Metrology,discipline,DP-08-A03,Resistance,DP-08-026,Low resistance and contact resistance measurement,skill,4,1 2 3 4,draft
DP-08,DC and Low Frequency Electrical Metrology,discipline,DP-08-A03,Resistance,DP-08-027,Uncertainty budget for resistance calibration,skill,5,1 2 3 4 5,draft
DP-08,DC and Low Frequency Electrical Metrology,discipline,DP-08-A04,DC Current and Charge,DP-08-028,DC current measurement by shunt and by transfer,skill,4,1 2 3 4,draft
DP-08,DC and Low Frequency Electrical Metrology,discipline,DP-08-A04,DC Current and Charge,DP-08-029,Current shunts and their characterisation,skill,4,1 2 3 4,draft
DP-08,DC and Low Frequency Electrical Metrology,discipline,DP-08-A04,DC Current and Charge,DP-08-030,Current comparators,skill,4,1 2 3 4,draft
DP-08,DC and Low Frequency Electrical Metrology,discipline,DP-08-A04,DC Current and Charge,DP-08-031,Low current and femtoamp measurement,skill,5,1 2 3 4 5,draft
DP-08,DC and Low Frequency Electrical Metrology,discipline,DP-08-A04,DC Current and Charge,DP-08-032,High current measurement techniques,skill,4,1 2 3 4,draft
DP-08,DC and Low Frequency Electrical Metrology,discipline,DP-08-A04,DC Current and Charge,DP-08-033,Charge measurement and electrometers,skill,4,1 2 3 4,draft
DP-08,DC and Low Frequency Electrical Metrology,discipline,DP-08-A04,DC Current and Charge,DP-08-034,Capacitance at DC and charge-based methods,skill,4,1 2 3 4,draft
DP-08,DC and Low Frequency Electrical Metrology,discipline,DP-08-A05,Error Sources and Technique,DP-08-035,Thermal EMFs and their control,knowledge,5,1 2 3 4 5,draft
DP-08,DC and Low Frequency Electrical Metrology,discipline,DP-08-A05,Error Sources and Technique,DP-08-036,Offset compensation and reversal techniques,skill,4,1 2 3 4,draft
DP-08,DC and Low Frequency Electrical Metrology,discipline,DP-08-A05,Error Sources and Technique,DP-08-037,Leakage currents and insulation effects,skill,4,1 2 3 4,draft
DP-08,DC and Low Frequency Electrical Metrology,discipline,DP-08-A05,Error Sources and Technique,DP-08-038,Guarding and driven shields in practice,skill,5,1 2 3 4 5,draft
DP-08,DC and Low Frequency Electrical Metrology,discipline,DP-08-A05,Error Sources and Technique,DP-08-039,"Grounding, ground loops and common-mode rejection",skill,4,1 2 3 4,draft
DP-08,DC and Low Frequency Electrical Metrology,discipline,DP-08-A05,Error Sources and Technique,DP-08-040,"Cable, connector and thermal gradient effects",skill,4,1 2 3 4,draft
DP-08,DC and Low Frequency Electrical Metrology,discipline,DP-08-A05,Error Sources and Technique,DP-08-041,Loading and input impedance effects,skill,4,1 2 3 4,draft
DP-08,DC and Low Frequency Electrical Metrology,discipline,DP-08-A05,Error Sources and Technique,DP-08-042,"Noise, filtering and integration time trade-offs",skill,4,1 2 3 4,draft
DP-08,DC and Low Frequency Electrical Metrology,discipline,DP-08-A05,Error Sources and Technique,DP-08-043,Self-heating in resistance and voltage measurement,skill,4,1 2 3 4,draft
DP-08,DC and Low Frequency Electrical Metrology,discipline,DP-08-A05,Error Sources and Technique,DP-08-044,Electrostatic discharge and instrument protection,skill,3,1 2 3,draft
DP-08,DC and Low Frequency Electrical Metrology,discipline,DP-08-A06,Multifunction Instruments and Calibrators,DP-08-045,Digital multimeter calibration and verification,skill,4,1 2 3 4,draft
DP-08,DC and Low Frequency Electrical Metrology,discipline,DP-08-A06,Multifunction Instruments and Calibrators,DP-08-046,Multifunction calibrators and their traceability,skill,4,1 2 3 4,draft
DP-08,DC and Low Frequency Electrical Metrology,discipline,DP-08-A06,Multifunction Instruments and Calibrators,DP-08-047,Artefact calibration and internal self-adjustment,skill,5,1 2 3 4 5,draft
DP-08,DC and Low Frequency Electrical Metrology,discipline,DP-08-A06,Multifunction Instruments and Calibrators,DP-08-048,Specification interpretation for electrical instruments,judgment,4,1 2 3 4,draft
DP-08,DC and Low Frequency Electrical Metrology,discipline,DP-08-A06,Multifunction Instruments and Calibrators,DP-08-049,Automated electrical calibration systems,skill,4,1 2 3 4,draft
DP-08,DC and Low Frequency Electrical Metrology,discipline,DP-08-A06,Multifunction Instruments and Calibrators,DP-08-050,Data acquisition system and scanner calibration,skill,4,1 2 3 4,draft
DP-08,DC and Low Frequency Electrical Metrology,discipline,DP-08-A06,Multifunction Instruments and Calibrators,DP-08-051,Process calibrators and loop calibration,skill,4,1 2 3 4,draft
DP-08,DC and Low Frequency Electrical Metrology,discipline,DP-08-A06,Multifunction Instruments and Calibrators,DP-08-052,Oscilloscope DC and timebase calibration,skill,4,1 2 3 4,draft
DP-09,"AC, Power, Energy and Impedance",discipline,DP-09-A01,AC Voltage and Current,DP-09-001,"RMS, average and peak values and their relationships",knowledge,3,1 2 3,draft
DP-09,"AC, Power, Energy and Impedance",discipline,DP-09-A01,AC Voltage and Current,DP-09-002,Thermal converters and AC-DC transfer difference,skill,5,1 2 3 4 5,draft
DP-09,"AC, Power, Energy and Impedance",discipline,DP-09-A01,AC Voltage and Current,DP-09-003,Multijunction thermal converters,skill,4,1 2 3 4,draft
DP-09,"AC, Power, Energy and Impedance",discipline,DP-09-A01,AC Voltage and Current,DP-09-004,AC-DC transfer standards and their use,skill,4,1 2 3 4,draft
DP-09,"AC, Power, Energy and Impedance",discipline,DP-09-A01,AC Voltage and Current,DP-09-005,Sampling and digital AC measurement,skill,4,1 2 3 4,draft
DP-09,"AC, Power, Energy and Impedance",discipline,DP-09-A01,AC Voltage and Current,DP-09-006,Josephson AC voltage synthesis,skill,4,1 2 3 4,draft
DP-09,"AC, Power, Energy and Impedance",discipline,DP-09-A01,AC Voltage and Current,DP-09-007,AC voltage calibration procedures,skill,4,1 2 3 4,draft
DP-09,"AC, Power, Energy and Impedance",discipline,DP-09-A01,AC Voltage and Current,DP-09-008,Frequency response and flatness of AC instruments,skill,4,1 2 3 4,draft
DP-09,"AC, Power, Energy and Impedance",discipline,DP-09-A01,AC Voltage and Current,DP-09-009,AC current measurement and shunts,skill,4,1 2 3 4,draft
DP-09,"AC, Power, Energy and Impedance",discipline,DP-09-A01,AC Voltage and Current,DP-09-010,Waveform distortion and non-sinusoidal measurement,skill,4,1 2 3 4,draft
DP-09,"AC, Power, Energy and Impedance",discipline,DP-09-A01,AC Voltage and Current,DP-09-011,Crest factor and instrument limitations,knowledge,4,1 2 3 4,draft
DP-09,"AC, Power, Energy and Impedance",discipline,DP-09-A01,AC Voltage and Current,DP-09-012,Uncertainty budget for AC voltage calibration,skill,5,1 2 3 4 5,draft
DP-09,"AC, Power, Energy and Impedance",discipline,DP-09-A02,Impedance Standards and Measurement,DP-09-013,"Impedance, admittance and their representations",knowledge,3,1 2 3,draft
DP-09,"AC, Power, Energy and Impedance",discipline,DP-09-A02,Impedance Standards and Measurement,DP-09-014,Capacitance standards and their construction,skill,4,1 2 3 4,draft
DP-09,"AC, Power, Energy and Impedance",discipline,DP-09-A02,Impedance Standards and Measurement,DP-09-015,The calculable capacitor and the Thompson-Lampard theorem,knowledge,5,1 2 3 4 5,draft
DP-09,"AC, Power, Energy and Impedance",discipline,DP-09-A02,Impedance Standards and Measurement,DP-09-016,Inductance standards,skill,4,1 2 3 4,draft
DP-09,"AC, Power, Energy and Impedance",discipline,DP-09-A02,Impedance Standards and Measurement,DP-09-017,AC resistance and its frequency dependence,skill,4,1 2 3 4,draft
DP-09,"AC, Power, Energy and Impedance",discipline,DP-09-A02,Impedance Standards and Measurement,DP-09-018,Transformer ratio bridges,skill,4,1 2 3 4,draft
DP-09,"AC, Power, Energy and Impedance",discipline,DP-09-A02,Impedance Standards and Measurement,DP-09-019,Quadrature bridges and impedance scaling,skill,4,1 2 3 4,draft
DP-09,"AC, Power, Energy and Impedance",discipline,DP-09-A02,Impedance Standards and Measurement,DP-09-020,LCR meters and impedance analysers,skill,4,1 2 3 4,draft
DP-09,"AC, Power, Energy and Impedance",discipline,DP-09-A02,Impedance Standards and Measurement,DP-09-021,"Two, three and four terminal-pair definitions",knowledge,5,1 2 3 4 5,draft
DP-09,"AC, Power, Energy and Impedance",discipline,DP-09-A02,Impedance Standards and Measurement,DP-09-022,Lead and fixture compensation in impedance measurement,skill,4,1 2 3 4,draft
DP-09,"AC, Power, Energy and Impedance",discipline,DP-09-A02,Impedance Standards and Measurement,DP-09-023,Dissipation factor and loss measurement,skill,4,1 2 3 4,draft
DP-09,"AC, Power, Energy and Impedance",discipline,DP-09-A02,Impedance Standards and Measurement,DP-09-024,Impedance from quantum Hall resistance,skill,4,1 2 3 4,draft
DP-09,"AC, Power, Energy and Impedance",discipline,DP-09-A03,"Phase, Frequency and Waveform",DP-09-025,Phase measurement and phase standards,skill,5,1 2 3 4 5,draft
DP-09,"AC, Power, Energy and Impedance",discipline,DP-09-A03,"Phase, Frequency and Waveform",DP-09-026,Phase angle calibration,skill,4,1 2 3 4,draft
DP-09,"AC, Power, Energy and Impedance",discipline,DP-09-A03,"Phase, Frequency and Waveform",DP-09-027,Waveform generators and their calibration,skill,4,1 2 3 4,draft
DP-09,"AC, Power, Energy and Impedance",discipline,DP-09-A03,"Phase, Frequency and Waveform",DP-09-028,Arbitrary waveform synthesis and fidelity,skill,4,1 2 3 4,draft
DP-09,"AC, Power, Energy and Impedance",discipline,DP-09-A03,"Phase, Frequency and Waveform",DP-09-029,Oscilloscope AC and bandwidth calibration,skill,4,1 2 3 4,draft
DP-09,"AC, Power, Energy and Impedance",discipline,DP-09-A03,"Phase, Frequency and Waveform",DP-09-030,Digitiser characterisation and effective bits,skill,4,1 2 3 4,draft
DP-09,"AC, Power, Energy and Impedance",discipline,DP-09-A03,"Phase, Frequency and Waveform",DP-09-031,Harmonic and distortion measurement,skill,4,1 2 3 4,draft
DP-09,"AC, Power, Energy and Impedance",discipline,DP-09-A04,Power and Energy,DP-09-032,"Active, reactive and apparent power",knowledge,4,1 2 3 4,draft
DP-09,"AC, Power, Energy and Impedance",discipline,DP-09-A04,Power and Energy,DP-09-033,Power factor and its measurement,knowledge,4,1 2 3 4,draft
DP-09,"AC, Power, Energy and Impedance",discipline,DP-09-A04,Power and Energy,DP-09-034,Power standards and sampling wattmeters,skill,4,1 2 3 4,draft
DP-09,"AC, Power, Energy and Impedance",discipline,DP-09-A04,Power and Energy,DP-09-035,Power measurement under distorted waveforms,skill,4,1 2 3 4,draft
DP-09,"AC, Power, Energy and Impedance",discipline,DP-09-A04,Power and Energy,DP-09-036,Energy meters and their calibration,skill,4,1 2 3 4,draft
DP-09,"AC, Power, Energy and Impedance",discipline,DP-09-A04,Power and Energy,DP-09-037,Three-phase power measurement and connection methods,skill,4,1 2 3 4,draft
DP-09,"AC, Power, Energy and Impedance",discipline,DP-09-A04,Power and Energy,DP-09-038,Instrument transformers: current and voltage,skill,5,1 2 3 4 5,draft
DP-09,"AC, Power, Energy and Impedance",discipline,DP-09-A04,Power and Energy,DP-09-039,Instrument transformer calibration and burden effects,skill,4,1 2 3 4,draft
DP-09,"AC, Power, Energy and Impedance",discipline,DP-09-A04,Power and Energy,DP-09-040,Uncertainty budget for power and energy calibration,skill,5,1 2 3 4 5,draft
DP-09,"AC, Power, Energy and Impedance",discipline,DP-09-A05,Power Quality and Grid Measurement,DP-09-041,Power quality parameters and standards,knowledge,4,1 2 3 4,draft
DP-09,"AC, Power, Energy and Impedance",discipline,DP-09-A05,Power Quality and Grid Measurement,DP-09-042,"Harmonics, interharmonics and flicker measurement",skill,4,1 2 3 4,draft
DP-09,"AC, Power, Energy and Impedance",discipline,DP-09-A05,Power Quality and Grid Measurement,DP-09-043,"Voltage dips, swells and interruptions",skill,4,1 2 3 4,draft
DP-09,"AC, Power, Energy and Impedance",discipline,DP-09-A05,Power Quality and Grid Measurement,DP-09-044,Transient and surge measurement,skill,4,1 2 3 4,draft
DP-09,"AC, Power, Energy and Impedance",discipline,DP-09-A05,Power Quality and Grid Measurement,DP-09-045,Phasor measurement units and synchrophasors,skill,5,1 2 3 4 5,draft
DP-09,"AC, Power, Energy and Impedance",discipline,DP-09-A05,Power Quality and Grid Measurement,DP-09-046,Measurement in renewable generation and inverter-dominated grids,skill,4,1 2 3 4,draft
DP-09,"AC, Power, Energy and Impedance",discipline,DP-09-A05,Power Quality and Grid Measurement,DP-09-047,DC and battery system power measurement,skill,4,1 2 3 4,draft
DP-09,"AC, Power, Energy and Impedance",discipline,DP-09-A05,Power Quality and Grid Measurement,DP-09-048,Electric vehicle charging measurement,skill,4,1 2 3 4,draft
DP-10,"RF, Microwave, Antenna and EMC",discipline,DP-10-A01,RF Fundamentals,DP-10-001,Transmission line theory and characteristic impedance,knowledge,4,1 2 3 4,draft
DP-10,"RF, Microwave, Antenna and EMC",discipline,DP-10-A01,RF Fundamentals,DP-10-002,"Reflection coefficient, VSWR and return loss",knowledge,4,1 2 3 4,draft
DP-10,"RF, Microwave, Antenna and EMC",discipline,DP-10-A01,RF Fundamentals,DP-10-003,Scattering parameters and their meaning,knowledge,5,1 2 3 4 5,draft
DP-10,"RF, Microwave, Antenna and EMC",discipline,DP-10-A01,RF Fundamentals,DP-10-004,The Smith chart and impedance transformation,knowledge,4,1 2 3 4,draft
DP-10,"RF, Microwave, Antenna and EMC",discipline,DP-10-A01,RF Fundamentals,DP-10-005,Waveguide modes and cutoff,knowledge,4,1 2 3 4,draft
DP-10,"RF, Microwave, Antenna and EMC",discipline,DP-10-A01,RF Fundamentals,DP-10-006,"Skin effect, dielectric loss and dispersion",knowledge,4,1 2 3 4,draft
DP-10,"RF, Microwave, Antenna and EMC",discipline,DP-10-A01,RF Fundamentals,DP-10-007,Mismatch uncertainty and its evaluation,skill,5,1 2 3 4 5,draft
DP-10,"RF, Microwave, Antenna and EMC",discipline,DP-10-A01,RF Fundamentals,DP-10-008,"Connector types, care and repeatability",skill,4,1 2 3 4,draft
DP-10,"RF, Microwave, Antenna and EMC",discipline,DP-10-A01,RF Fundamentals,DP-10-009,"Cable effects, flexure and phase stability",knowledge,4,1 2 3 4,draft
DP-10,"RF, Microwave, Antenna and EMC",discipline,DP-10-A02,RF Power,DP-10-010,RF power definitions and units,knowledge,4,1 2 3 4,draft
DP-10,"RF, Microwave, Antenna and EMC",discipline,DP-10-A02,RF Power,DP-10-011,Microcalorimeters as primary power standards,skill,5,1 2 3 4 5,draft
DP-10,"RF, Microwave, Antenna and EMC",discipline,DP-10-A02,RF Power,DP-10-012,Thermistor and bolometric power sensors,skill,4,1 2 3 4,draft
DP-10,"RF, Microwave, Antenna and EMC",discipline,DP-10-A02,RF Power,DP-10-013,Thermocouple and diode power sensors,skill,4,1 2 3 4,draft
DP-10,"RF, Microwave, Antenna and EMC",discipline,DP-10-A02,RF Power,DP-10-014,Effective efficiency and calibration factor,knowledge,4,1 2 3 4,draft
DP-10,"RF, Microwave, Antenna and EMC",discipline,DP-10-A02,RF Power,DP-10-015,Power sensor calibration and transfer,skill,4,1 2 3 4,draft
DP-10,"RF, Microwave, Antenna and EMC",discipline,DP-10-A02,RF Power,DP-10-016,Peak and pulse power measurement,skill,4,1 2 3 4,draft
DP-10,"RF, Microwave, Antenna and EMC",discipline,DP-10-A02,RF Power,DP-10-017,High power measurement and directional couplers,skill,4,1 2 3 4,draft
DP-10,"RF, Microwave, Antenna and EMC",discipline,DP-10-A02,RF Power,DP-10-018,Uncertainty budget for RF power measurement,skill,5,1 2 3 4 5,draft
DP-10,"RF, Microwave, Antenna and EMC",discipline,DP-10-A03,Network Analysis and S-Parameters,DP-10-019,Vector network analyser architecture,knowledge,4,1 2 3 4,draft
DP-10,"RF, Microwave, Antenna and EMC",discipline,DP-10-A03,Network Analysis and S-Parameters,DP-10-020,Error models and systematic error terms,knowledge,5,1 2 3 4 5,draft
DP-10,"RF, Microwave, Antenna and EMC",discipline,DP-10-A03,Network Analysis and S-Parameters,DP-10-021,SOLT calibration,skill,4,1 2 3 4,draft
DP-10,"RF, Microwave, Antenna and EMC",discipline,DP-10-A03,Network Analysis and S-Parameters,DP-10-022,TRL and LRM calibration techniques,skill,5,1 2 3 4 5,draft
DP-10,"RF, Microwave, Antenna and EMC",discipline,DP-10-A03,Network Analysis and S-Parameters,DP-10-023,Calibration kit definitions and standard models,skill,4,1 2 3 4,draft
DP-10,"RF, Microwave, Antenna and EMC",discipline,DP-10-A03,Network Analysis and S-Parameters,DP-10-024,Verification of a network analyser calibration,skill,4,1 2 3 4,draft
DP-10,"RF, Microwave, Antenna and EMC",discipline,DP-10-A03,Network Analysis and S-Parameters,DP-10-025,De-embedding and fixture removal,skill,4,1 2 3 4,draft
DP-10,"RF, Microwave, Antenna and EMC",discipline,DP-10-A03,Network Analysis and S-Parameters,DP-10-026,On-wafer and probe-station measurement,skill,4,1 2 3 4,draft
DP-10,"RF, Microwave, Antenna and EMC",discipline,DP-10-A03,Network Analysis and S-Parameters,DP-10-027,Time domain reflectometry and gating,skill,4,1 2 3 4,draft
DP-10,"RF, Microwave, Antenna and EMC",discipline,DP-10-A03,Network Analysis and S-Parameters,DP-10-028,Uncertainty evaluation for S-parameter measurement,skill,5,1 2 3 4 5,draft
DP-10,"RF, Microwave, Antenna and EMC",discipline,DP-10-A03,Network Analysis and S-Parameters,DP-10-029,Nonlinear device characterisation and large-signal measurement,skill,4,1 2 3 4,draft
DP-10,"RF, Microwave, Antenna and EMC",discipline,DP-10-A04,"Signal Generation, Analysis and Noise",DP-10-030,Signal generator characterisation and calibration,skill,4,1 2 3 4,draft
DP-10,"RF, Microwave, Antenna and EMC",discipline,DP-10-A04,"Signal Generation, Analysis and Noise",DP-10-031,Spectrum analyser architecture and calibration,skill,4,1 2 3 4,draft
DP-10,"RF, Microwave, Antenna and EMC",discipline,DP-10-A04,"Signal Generation, Analysis and Noise",DP-10-032,Attenuation measurement and standards,skill,4,1 2 3 4,draft
DP-10,"RF, Microwave, Antenna and EMC",discipline,DP-10-A04,"Signal Generation, Analysis and Noise",DP-10-033,Modulation measurement and analysis,skill,4,1 2 3 4,draft
DP-10,"RF, Microwave, Antenna and EMC",discipline,DP-10-A04,"Signal Generation, Analysis and Noise",DP-10-034,Noise figure and noise temperature,knowledge,4,1 2 3 4,draft
DP-10,"RF, Microwave, Antenna and EMC",discipline,DP-10-A04,"Signal Generation, Analysis and Noise",DP-10-035,Noise sources and excess noise ratio,skill,4,1 2 3 4,draft
DP-10,"RF, Microwave, Antenna and EMC",discipline,DP-10-A04,"Signal Generation, Analysis and Noise",DP-10-036,Phase noise measurement,skill,5,1 2 3 4 5,draft
DP-10,"RF, Microwave, Antenna and EMC",discipline,DP-10-A04,"Signal Generation, Analysis and Noise",DP-10-037,Intermodulation and linearity measurement,skill,4,1 2 3 4,draft
DP-10,"RF, Microwave, Antenna and EMC",discipline,DP-10-A04,"Signal Generation, Analysis and Noise",DP-10-038,Digital modulation and error vector magnitude,skill,4,1 2 3 4,draft
DP-10,"RF, Microwave, Antenna and EMC",discipline,DP-10-A05,Antennas and Field Measurement,DP-10-039,"Antenna parameters: gain, pattern, polarisation, efficiency",knowledge,4,1 2 3 4,draft
DP-10,"RF, Microwave, Antenna and EMC",discipline,DP-10-A05,Antennas and Field Measurement,DP-10-040,Antenna gain measurement methods,skill,4,1 2 3 4,draft
DP-10,"RF, Microwave, Antenna and EMC",discipline,DP-10-A05,Antennas and Field Measurement,DP-10-041,Near-field and far-field regions,knowledge,4,1 2 3 4,draft
DP-10,"RF, Microwave, Antenna and EMC",discipline,DP-10-A05,Antennas and Field Measurement,DP-10-042,Anechoic chambers and antenna ranges,skill,4,1 2 3 4,draft
DP-10,"RF, Microwave, Antenna and EMC",discipline,DP-10-A05,Antennas and Field Measurement,DP-10-043,Near-field scanning and transformation,skill,5,1 2 3 4 5,draft
DP-10,"RF, Microwave, Antenna and EMC",discipline,DP-10-A05,Antennas and Field Measurement,DP-10-044,Field strength measurement and probes,skill,4,1 2 3 4,draft
DP-10,"RF, Microwave, Antenna and EMC",discipline,DP-10-A05,Antennas and Field Measurement,DP-10-045,Antenna factor and its calibration,skill,4,1 2 3 4,draft
DP-10,"RF, Microwave, Antenna and EMC",discipline,DP-10-A05,Antennas and Field Measurement,DP-10-046,Over-the-air testing and reverberation chambers,skill,4,1 2 3 4,draft
DP-10,"RF, Microwave, Antenna and EMC",discipline,DP-10-A05,Antennas and Field Measurement,DP-10-047,Radar cross section and scattering measurement,skill,4,1 2 3 4,draft
DP-10,"RF, Microwave, Antenna and EMC",discipline,DP-10-A06,Electromagnetic Compatibility,DP-10-048,"EMC concepts: emissions, immunity and coupling paths",knowledge,3,1 2 3,draft
DP-10,"RF, Microwave, Antenna and EMC",discipline,DP-10-A06,Electromagnetic Compatibility,DP-10-049,Conducted emissions measurement and LISN,skill,4,1 2 3 4,draft
DP-10,"RF, Microwave, Antenna and EMC",discipline,DP-10-A06,Electromagnetic Compatibility,DP-10-050,Radiated emissions measurement and test sites,skill,4,1 2 3 4,draft
DP-10,"RF, Microwave, Antenna and EMC",discipline,DP-10-A06,Electromagnetic Compatibility,DP-10-051,Test site validation and site attenuation,skill,4,1 2 3 4,draft
DP-10,"RF, Microwave, Antenna and EMC",discipline,DP-10-A06,Electromagnetic Compatibility,DP-10-052,Immunity testing: radiated and conducted,skill,4,1 2 3 4,draft
DP-10,"RF, Microwave, Antenna and EMC",discipline,DP-10-A06,Electromagnetic Compatibility,DP-10-053,"ESD, surge and transient immunity testing",skill,4,1 2 3 4,draft
DP-10,"RF, Microwave, Antenna and EMC",discipline,DP-10-A06,Electromagnetic Compatibility,DP-10-054,"EMC receivers, detectors and measurement bandwidth",skill,4,1 2 3 4,draft
DP-10,"RF, Microwave, Antenna and EMC",discipline,DP-10-A06,Electromagnetic Compatibility,DP-10-055,Uncertainty in EMC measurement and CISPR treatment,judgment,5,1 2 3 4 5,draft
DP-10,"RF, Microwave, Antenna and EMC",discipline,DP-10-A06,Electromagnetic Compatibility,DP-10-056,Calibration of EMC test equipment,skill,4,1 2 3 4,draft
DP-10,"RF, Microwave, Antenna and EMC",discipline,DP-10-A06,Electromagnetic Compatibility,DP-10-057,Human exposure and SAR measurement,skill,4,1 2 3 4,draft
DP-11,Magnetics and High Voltage,discipline,DP-11-A01,Magnetic Quantities and Standards,DP-11-001,"Magnetic field strength, flux density and magnetisation",knowledge,3,1 2 3,draft
DP-11,Magnetics and High Voltage,discipline,DP-11-A01,Magnetic Quantities and Standards,DP-11-002,Magnetic units and the persistence of CGS in the field,knowledge,3,1 2 3,draft
DP-11,Magnetics and High Voltage,discipline,DP-11-A01,Magnetic Quantities and Standards,DP-11-003,Nuclear magnetic resonance magnetometry,knowledge,5,1 2 3 4 5,draft
DP-11,Magnetics and High Voltage,discipline,DP-11-A01,Magnetic Quantities and Standards,DP-11-004,Helmholtz coils and calculable field sources,skill,4,1 2 3 4,draft
DP-11,Magnetics and High Voltage,discipline,DP-11-A01,Magnetic Quantities and Standards,DP-11-005,Magnetic flux standards and the volt-second,knowledge,4,1 2 3 4,draft
DP-11,Magnetics and High Voltage,discipline,DP-11-A01,Magnetic Quantities and Standards,DP-11-006,Reference magnets and their stability,knowledge,4,1 2 3 4,draft
DP-11,Magnetics and High Voltage,discipline,DP-11-A01,Magnetic Quantities and Standards,DP-11-007,Traceability for magnetic measurement,judgment,4,1 2 3 4,draft
DP-11,Magnetics and High Voltage,discipline,DP-11-A02,Magnetic Measurement Instruments,DP-11-008,Hall effect sensors and gaussmeters,skill,4,1 2 3 4,draft
DP-11,Magnetics and High Voltage,discipline,DP-11-A02,Magnetic Measurement Instruments,DP-11-009,Fluxgate magnetometers,skill,4,1 2 3 4,draft
DP-11,Magnetics and High Voltage,discipline,DP-11-A02,Magnetic Measurement Instruments,DP-11-010,Search coils and induction methods,skill,4,1 2 3 4,draft
DP-11,Magnetics and High Voltage,discipline,DP-11-A02,Magnetic Measurement Instruments,DP-11-011,SQUID magnetometry,skill,5,1 2 3 4 5,draft
DP-11,Magnetics and High Voltage,discipline,DP-11-A02,Magnetic Measurement Instruments,DP-11-012,Optically pumped and atomic magnetometers,skill,4,1 2 3 4,draft
DP-11,Magnetics and High Voltage,discipline,DP-11-A02,Magnetic Measurement Instruments,DP-11-013,"Probe positioning, orientation and gradient effects",skill,4,1 2 3 4,draft
DP-11,Magnetics and High Voltage,discipline,DP-11-A02,Magnetic Measurement Instruments,DP-11-014,Calibration of magnetic field instruments,skill,4,1 2 3 4,draft
DP-11,Magnetics and High Voltage,discipline,DP-11-A02,Magnetic Measurement Instruments,DP-11-015,Magnetic shielding and zero-field environments,judgment,4,1 2 3 4,draft
DP-11,Magnetics and High Voltage,discipline,DP-11-A02,Magnetic Measurement Instruments,DP-11-016,Uncertainty evaluation in magnetic measurement,skill,5,1 2 3 4 5,draft
DP-11,Magnetics and High Voltage,discipline,DP-11-A03,Magnetic Materials Characterisation,DP-11-017,Hysteresis loops and magnetic material parameters,knowledge,4,1 2 3 4,draft
DP-11,Magnetics and High Voltage,discipline,DP-11-A03,Magnetic Materials Characterisation,DP-11-018,Permeability and susceptibility measurement,skill,4,1 2 3 4,draft
DP-11,Magnetics and High Voltage,discipline,DP-11-A03,Magnetic Materials Characterisation,DP-11-019,Core loss and power loss measurement,skill,4,1 2 3 4,draft
DP-11,Magnetics and High Voltage,discipline,DP-11-A03,Magnetic Materials Characterisation,DP-11-020,Epstein frame and single sheet testers,skill,4,1 2 3 4,draft
DP-11,Magnetics and High Voltage,discipline,DP-11-A03,Magnetic Materials Characterisation,DP-11-021,Vibrating sample and SQUID magnetometry for materials,skill,4,1 2 3 4,draft
DP-11,Magnetics and High Voltage,discipline,DP-11-A03,Magnetic Materials Characterisation,DP-11-022,Permanent magnet characterisation,skill,4,1 2 3 4,draft
DP-11,Magnetics and High Voltage,discipline,DP-11-A03,Magnetic Materials Characterisation,DP-11-023,Demagnetising factors and specimen geometry,knowledge,5,1 2 3 4 5,draft
DP-11,Magnetics and High Voltage,discipline,DP-11-A03,Magnetic Materials Characterisation,DP-11-024,Magnetic measurement for motors and transformers,skill,4,1 2 3 4,draft
DP-11,Magnetics and High Voltage,discipline,DP-11-A04,High Voltage Measurement,DP-11-025,High voltage measurement principles and hazards,knowledge,4,1 2 3 4,draft
DP-11,Magnetics and High Voltage,discipline,DP-11-A04,High Voltage Measurement,DP-11-026,"Resistive, capacitive and mixed dividers",skill,4,1 2 3 4,draft
DP-11,Magnetics and High Voltage,discipline,DP-11-A04,High Voltage Measurement,DP-11-027,"Divider response, step response and scale factor",skill,5,1 2 3 4 5,draft
DP-11,Magnetics and High Voltage,discipline,DP-11-A04,High Voltage Measurement,DP-11-028,Sphere gaps and reference measuring systems,skill,4,1 2 3 4,draft
DP-11,Magnetics and High Voltage,discipline,DP-11-A04,High Voltage Measurement,DP-11-029,Impulse voltage generation and measurement,skill,4,1 2 3 4,draft
DP-11,Magnetics and High Voltage,discipline,DP-11-A04,High Voltage Measurement,DP-11-030,Lightning and switching impulse waveform evaluation,skill,4,1 2 3 4,draft
DP-11,Magnetics and High Voltage,discipline,DP-11-A04,High Voltage Measurement,DP-11-031,AC and DC high voltage measurement,skill,4,1 2 3 4,draft
DP-11,Magnetics and High Voltage,discipline,DP-11-A04,High Voltage Measurement,DP-11-032,"Field distortion, proximity and stray capacitance effects",knowledge,4,1 2 3 4,draft
DP-11,Magnetics and High Voltage,discipline,DP-11-A04,High Voltage Measurement,DP-11-033,Calibration of high voltage measuring systems,skill,4,1 2 3 4,draft
DP-11,Magnetics and High Voltage,discipline,DP-11-A04,High Voltage Measurement,DP-11-034,Uncertainty evaluation in high voltage measurement,skill,5,1 2 3 4 5,draft
DP-11,Magnetics and High Voltage,discipline,DP-11-A05,High Voltage Testing and Diagnostics,DP-11-035,Dielectric withstand and insulation testing,skill,4,1 2 3 4,draft
DP-11,Magnetics and High Voltage,discipline,DP-11-A05,High Voltage Testing and Diagnostics,DP-11-036,Partial discharge measurement,skill,5,1 2 3 4 5,draft
DP-11,Magnetics and High Voltage,discipline,DP-11-A05,High Voltage Testing and Diagnostics,DP-11-037,Insulation resistance and polarisation index,skill,4,1 2 3 4,draft
DP-11,Magnetics and High Voltage,discipline,DP-11-A05,High Voltage Testing and Diagnostics,DP-11-038,Dissipation factor and dielectric loss measurement,skill,4,1 2 3 4,draft
DP-11,Magnetics and High Voltage,discipline,DP-11-A05,High Voltage Testing and Diagnostics,DP-11-039,High current impulse and short circuit testing,skill,4,1 2 3 4,draft
DP-11,Magnetics and High Voltage,discipline,DP-11-A05,High Voltage Testing and Diagnostics,DP-11-040,"Safety systems, interlocks and earthing practice",skill,4,1 2 3 4,draft
DP-11,Magnetics and High Voltage,discipline,DP-11-A05,High Voltage Testing and Diagnostics,DP-11-041,High voltage laboratory design and clearances,judgment,4,1 2 3 4,draft
DP-12,"Photometry, Radiometry and Colorimetry",discipline,DP-12-A01,Radiometric and Photometric Quantities,DP-12-001,"Radiometric quantities: flux, intensity, irradiance, radiance",knowledge,4,1 2 3 4,draft
DP-12,"Photometry, Radiometry and Colorimetry",discipline,DP-12-A01,Radiometric and Photometric Quantities,DP-12-002,Photometric quantities and their radiometric counterparts,knowledge,4,1 2 3 4,draft
DP-12,"Photometry, Radiometry and Colorimetry",discipline,DP-12-A01,Radiometric and Photometric Quantities,DP-12-003,The candela definition and the spectral luminous efficiency function,knowledge,5,1 2 3 4 5,draft
DP-12,"Photometry, Radiometry and Colorimetry",discipline,DP-12-A01,Radiometric and Photometric Quantities,DP-12-004,"Photopic, scotopic and mesopic vision",knowledge,4,1 2 3 4,draft
DP-12,"Photometry, Radiometry and Colorimetry",discipline,DP-12-A01,Radiometric and Photometric Quantities,DP-12-005,"Solid angle, projected area and the inverse square law",knowledge,4,1 2 3 4,draft
DP-12,"Photometry, Radiometry and Colorimetry",discipline,DP-12-A01,Radiometric and Photometric Quantities,DP-12-006,Lambertian sources and the cosine law,knowledge,4,1 2 3 4,draft
DP-12,"Photometry, Radiometry and Colorimetry",discipline,DP-12-A01,Radiometric and Photometric Quantities,DP-12-007,"Distance, alignment and the limits of the point source assumption",judgment,4,1 2 3 4,draft
DP-12,"Photometry, Radiometry and Colorimetry",discipline,DP-12-A01,Radiometric and Photometric Quantities,DP-12-008,Units and conversion in photometry and radiometry,knowledge,3,1 2 3,draft
DP-12,"Photometry, Radiometry and Colorimetry",discipline,DP-12-A02,Detectors and Standards,DP-12-009,Cryogenic radiometers as primary standards,knowledge,5,1 2 3 4 5,draft
DP-12,"Photometry, Radiometry and Colorimetry",discipline,DP-12-A02,Detectors and Standards,DP-12-010,Silicon and other photodiode detectors,skill,4,1 2 3 4,draft
DP-12,"Photometry, Radiometry and Colorimetry",discipline,DP-12-A02,Detectors and Standards,DP-12-011,Trap detectors and predictable quantum efficiency devices,skill,4,1 2 3 4,draft
DP-12,"Photometry, Radiometry and Colorimetry",discipline,DP-12-A02,Detectors and Standards,DP-12-012,Thermal detectors: thermopiles and pyroelectrics,skill,4,1 2 3 4,draft
DP-12,"Photometry, Radiometry and Colorimetry",discipline,DP-12-A02,Detectors and Standards,DP-12-013,Photometer heads and V-lambda filtering,skill,4,1 2 3 4,draft
DP-12,"Photometry, Radiometry and Colorimetry",discipline,DP-12-A02,Detectors and Standards,DP-12-014,Spectral mismatch correction,skill,5,1 2 3 4 5,draft
DP-12,"Photometry, Radiometry and Colorimetry",discipline,DP-12-A02,Detectors and Standards,DP-12-015,"Detector linearity, spatial uniformity and temperature dependence",knowledge,4,1 2 3 4,draft
DP-12,"Photometry, Radiometry and Colorimetry",discipline,DP-12-A02,Detectors and Standards,DP-12-016,Standard lamps and source standards,skill,4,1 2 3 4,draft
DP-12,"Photometry, Radiometry and Colorimetry",discipline,DP-12-A02,Detectors and Standards,DP-12-017,"Lamp ageing, seasoning and operating conditions",skill,4,1 2 3 4,draft
DP-12,"Photometry, Radiometry and Colorimetry",discipline,DP-12-A02,Detectors and Standards,DP-12-018,Integrating spheres and their characterisation,skill,4,1 2 3 4,draft
DP-12,"Photometry, Radiometry and Colorimetry",discipline,DP-12-A02,Detectors and Standards,DP-12-019,Stray light and its control,skill,4,1 2 3 4,draft
DP-12,"Photometry, Radiometry and Colorimetry",discipline,DP-12-A03,Photometric and Radiometric Measurement,DP-12-020,Luminous intensity and illuminance measurement,skill,4,1 2 3 4,draft
DP-12,"Photometry, Radiometry and Colorimetry",discipline,DP-12-A03,Photometric and Radiometric Measurement,DP-12-021,Luminous flux measurement by sphere and goniophotometry,skill,4,1 2 3 4,draft
DP-12,"Photometry, Radiometry and Colorimetry",discipline,DP-12-A03,Photometric and Radiometric Measurement,DP-12-022,Luminance measurement and display metrology,skill,4,1 2 3 4,draft
DP-12,"Photometry, Radiometry and Colorimetry",discipline,DP-12-A03,Photometric and Radiometric Measurement,DP-12-023,Goniophotometry and angular distribution,skill,4,1 2 3 4,draft
DP-12,"Photometry, Radiometry and Colorimetry",discipline,DP-12-A03,Photometric and Radiometric Measurement,DP-12-024,Solid state lighting measurement,skill,4,1 2 3 4,draft
DP-12,"Photometry, Radiometry and Colorimetry",discipline,DP-12-A03,Photometric and Radiometric Measurement,DP-12-025,Reflectance and transmittance measurement,skill,4,1 2 3 4,draft
DP-12,"Photometry, Radiometry and Colorimetry",discipline,DP-12-A03,Photometric and Radiometric Measurement,DP-12-026,BRDF and appearance measurement,skill,4,1 2 3 4,draft
DP-12,"Photometry, Radiometry and Colorimetry",discipline,DP-12-A03,Photometric and Radiometric Measurement,DP-12-027,Spectral irradiance and spectral radiance scales,skill,4,1 2 3 4,draft
DP-12,"Photometry, Radiometry and Colorimetry",discipline,DP-12-A03,Photometric and Radiometric Measurement,DP-12-028,Solar and UV irradiance measurement,skill,4,1 2 3 4,draft
DP-12,"Photometry, Radiometry and Colorimetry",discipline,DP-12-A03,Photometric and Radiometric Measurement,DP-12-029,Uncertainty evaluation in photometry,skill,5,1 2 3 4 5,draft
DP-12,"Photometry, Radiometry and Colorimetry",discipline,DP-12-A04,Colorimetry,DP-12-030,Colour matching functions and the standard observer,knowledge,5,1 2 3 4 5,draft
DP-12,"Photometry, Radiometry and Colorimetry",discipline,DP-12-A04,Colorimetry,DP-12-031,Tristimulus values and chromaticity coordinates,skill,4,1 2 3 4,draft
DP-12,"Photometry, Radiometry and Colorimetry",discipline,DP-12-A04,Colorimetry,DP-12-032,CIE colour spaces and uniform colour spaces,knowledge,4,1 2 3 4,draft
DP-12,"Photometry, Radiometry and Colorimetry",discipline,DP-12-A04,Colorimetry,DP-12-033,Colour difference formulae,skill,4,1 2 3 4,draft
DP-12,"Photometry, Radiometry and Colorimetry",discipline,DP-12-A04,Colorimetry,DP-12-034,Standard illuminants and viewing conditions,skill,4,1 2 3 4,draft
DP-12,"Photometry, Radiometry and Colorimetry",discipline,DP-12-A04,Colorimetry,DP-12-035,Metamerism and illuminant dependence,knowledge,5,1 2 3 4 5,draft
DP-12,"Photometry, Radiometry and Colorimetry",discipline,DP-12-A04,Colorimetry,DP-12-036,Correlated colour temperature and distance from the Planckian locus,skill,4,1 2 3 4,draft
DP-12,"Photometry, Radiometry and Colorimetry",discipline,DP-12-A04,Colorimetry,DP-12-037,Colour rendering and fidelity metrics,skill,4,1 2 3 4,draft
DP-12,"Photometry, Radiometry and Colorimetry",discipline,DP-12-A04,Colorimetry,DP-12-038,Spectrophotometers and colorimeters,skill,4,1 2 3 4,draft
DP-12,"Photometry, Radiometry and Colorimetry",discipline,DP-12-A04,Colorimetry,DP-12-039,Colour measurement of fluorescent and translucent materials,skill,4,1 2 3 4,draft
DP-12,"Photometry, Radiometry and Colorimetry",discipline,DP-12-A04,Colorimetry,DP-12-040,"Colour standards, tiles and inter-instrument agreement",skill,4,1 2 3 4,draft
DP-12,"Photometry, Radiometry and Colorimetry",discipline,DP-12-A04,Colorimetry,DP-12-041,Visual assessment and its relationship to instrumental colour,judgment,4,1 2 3 4,draft
DP-12,"Photometry, Radiometry and Colorimetry",discipline,DP-12-A05,Applied Optical Radiation Measurement,DP-12-042,Lighting design measurement and field photometry,skill,4,1 2 3 4,draft
DP-12,"Photometry, Radiometry and Colorimetry",discipline,DP-12-A05,Applied Optical Radiation Measurement,DP-12-043,Display and projector measurement,skill,4,1 2 3 4,draft
DP-12,"Photometry, Radiometry and Colorimetry",discipline,DP-12-A05,Applied Optical Radiation Measurement,DP-12-044,Photobiological safety and blue light hazard,skill,4,1 2 3 4,draft
DP-12,"Photometry, Radiometry and Colorimetry",discipline,DP-12-A05,Applied Optical Radiation Measurement,DP-12-045,UV disinfection dose measurement,skill,4,1 2 3 4,draft
DP-12,"Photometry, Radiometry and Colorimetry",discipline,DP-12-A05,Applied Optical Radiation Measurement,DP-12-046,Photovoltaic device measurement and solar simulators,skill,4,1 2 3 4,draft
DP-12,"Photometry, Radiometry and Colorimetry",discipline,DP-12-A05,Applied Optical Radiation Measurement,DP-12-047,Optical properties of materials for industry,skill,4,1 2 3 4,draft
DP-12,"Photometry, Radiometry and Colorimetry",discipline,DP-12-A05,Applied Optical Radiation Measurement,DP-12-048,Retroreflection and road safety measurement,skill,4,1 2 3 4,draft
DP-13,"Spectroscopy, Lasers and Fibre Optics",discipline,DP-13-A01,Spectroscopic Fundamentals,DP-13-001,"Wavelength, wavenumber, frequency and energy relationships",knowledge,3,1 2 3,draft
DP-13,"Spectroscopy, Lasers and Fibre Optics",discipline,DP-13-A01,Spectroscopic Fundamentals,DP-13-002,"Absorption, emission and scattering processes",knowledge,4,1 2 3 4,draft
DP-13,"Spectroscopy, Lasers and Fibre Optics",discipline,DP-13-A01,Spectroscopic Fundamentals,DP-13-003,"Spectral resolution, bandpass and slit function",skill,5,1 2 3 4 5,draft
DP-13,"Spectroscopy, Lasers and Fibre Optics",discipline,DP-13-A01,Spectroscopic Fundamentals,DP-13-004,Line shapes and broadening mechanisms,knowledge,4,1 2 3 4,draft
DP-13,"Spectroscopy, Lasers and Fibre Optics",discipline,DP-13-A01,Spectroscopic Fundamentals,DP-13-005,Beer-Lambert law and its limits of validity,knowledge,4,1 2 3 4,draft
DP-13,"Spectroscopy, Lasers and Fibre Optics",discipline,DP-13-A01,Spectroscopic Fundamentals,DP-13-006,Signal to noise and detection limits in spectroscopy,knowledge,4,1 2 3 4,draft
DP-13,"Spectroscopy, Lasers and Fibre Optics",discipline,DP-13-A02,Spectrometers and Their Calibration,DP-13-007,Dispersive spectrometer architectures,knowledge,4,1 2 3 4,draft
DP-13,"Spectroscopy, Lasers and Fibre Optics",discipline,DP-13-A02,Spectrometers and Their Calibration,DP-13-008,Fourier transform spectrometers,knowledge,4,1 2 3 4,draft
DP-13,"Spectroscopy, Lasers and Fibre Optics",discipline,DP-13-A02,Spectrometers and Their Calibration,DP-13-009,Array detectors and their characterisation,skill,4,1 2 3 4,draft
DP-13,"Spectroscopy, Lasers and Fibre Optics",discipline,DP-13-A02,Spectrometers and Their Calibration,DP-13-010,Wavelength calibration and reference standards,skill,5,1 2 3 4 5,draft
DP-13,"Spectroscopy, Lasers and Fibre Optics",discipline,DP-13-A02,Spectrometers and Their Calibration,DP-13-011,Photometric and absorbance scale calibration,skill,4,1 2 3 4,draft
DP-13,"Spectroscopy, Lasers and Fibre Optics",discipline,DP-13-A02,Spectrometers and Their Calibration,DP-13-012,Stray light characterisation and correction,skill,4,1 2 3 4,draft
DP-13,"Spectroscopy, Lasers and Fibre Optics",discipline,DP-13-A02,Spectrometers and Their Calibration,DP-13-013,Bandwidth effects on measured absorbance,skill,4,1 2 3 4,draft
DP-13,"Spectroscopy, Lasers and Fibre Optics",discipline,DP-13-A02,Spectrometers and Their Calibration,DP-13-014,Spectrometer verification standards and filters,skill,4,1 2 3 4,draft
DP-13,"Spectroscopy, Lasers and Fibre Optics",discipline,DP-13-A02,Spectrometers and Their Calibration,DP-13-015,Uncertainty evaluation in spectrophotometry,skill,5,1 2 3 4 5,draft
DP-13,"Spectroscopy, Lasers and Fibre Optics",discipline,DP-13-A03,Spectroscopic Techniques,DP-13-016,UV-visible absorption spectroscopy,skill,4,1 2 3 4,draft
DP-13,"Spectroscopy, Lasers and Fibre Optics",discipline,DP-13-A03,Spectroscopic Techniques,DP-13-017,Infrared and FTIR spectroscopy,skill,4,1 2 3 4,draft
DP-13,"Spectroscopy, Lasers and Fibre Optics",discipline,DP-13-A03,Spectroscopic Techniques,DP-13-018,Raman spectroscopy,skill,4,1 2 3 4,draft
DP-13,"Spectroscopy, Lasers and Fibre Optics",discipline,DP-13-A03,Spectroscopic Techniques,DP-13-019,Fluorescence and luminescence spectroscopy,skill,4,1 2 3 4,draft
DP-13,"Spectroscopy, Lasers and Fibre Optics",discipline,DP-13-A03,Spectroscopic Techniques,DP-13-020,Atomic absorption and emission spectroscopy,skill,4,1 2 3 4,draft
DP-13,"Spectroscopy, Lasers and Fibre Optics",discipline,DP-13-A03,Spectroscopic Techniques,DP-13-021,Laser-based absorption and cavity enhanced techniques,skill,4,1 2 3 4,draft
DP-13,"Spectroscopy, Lasers and Fibre Optics",discipline,DP-13-A03,Spectroscopic Techniques,DP-13-022,Frequency comb spectroscopy,skill,4,1 2 3 4,draft
DP-13,"Spectroscopy, Lasers and Fibre Optics",discipline,DP-13-A03,Spectroscopic Techniques,DP-13-023,Hyperspectral imaging,skill,4,1 2 3 4,draft
DP-13,"Spectroscopy, Lasers and Fibre Optics",discipline,DP-13-A03,Spectroscopic Techniques,DP-13-024,Chemometrics and multivariate spectral calibration,judgment,5,1 2 3 4 5,draft
DP-13,"Spectroscopy, Lasers and Fibre Optics",discipline,DP-13-A04,Lasers and Coherent Sources,DP-13-025,Laser principles and beam characteristics,knowledge,4,1 2 3 4,draft
DP-13,"Spectroscopy, Lasers and Fibre Optics",discipline,DP-13-A04,Lasers and Coherent Sources,DP-13-026,"Beam quality, M-squared and beam profiling",skill,4,1 2 3 4,draft
DP-13,"Spectroscopy, Lasers and Fibre Optics",discipline,DP-13-A04,Lasers and Coherent Sources,DP-13-027,Laser power and energy measurement,skill,4,1 2 3 4,draft
DP-13,"Spectroscopy, Lasers and Fibre Optics",discipline,DP-13-A04,Lasers and Coherent Sources,DP-13-028,Wavelength and frequency stabilisation,skill,4,1 2 3 4,draft
DP-13,"Spectroscopy, Lasers and Fibre Optics",discipline,DP-13-A04,Lasers and Coherent Sources,DP-13-029,Stabilised lasers as length and frequency standards,skill,5,1 2 3 4 5,draft
DP-13,"Spectroscopy, Lasers and Fibre Optics",discipline,DP-13-A04,Lasers and Coherent Sources,DP-13-030,Optical frequency combs,skill,4,1 2 3 4,draft
DP-13,"Spectroscopy, Lasers and Fibre Optics",discipline,DP-13-A04,Lasers and Coherent Sources,DP-13-031,Linewidth and coherence measurement,skill,4,1 2 3 4,draft
DP-13,"Spectroscopy, Lasers and Fibre Optics",discipline,DP-13-A04,Lasers and Coherent Sources,DP-13-032,Pulsed laser characterisation,skill,4,1 2 3 4,draft
DP-13,"Spectroscopy, Lasers and Fibre Optics",discipline,DP-13-A04,Lasers and Coherent Sources,DP-13-033,Laser safety classification and control measures,knowledge,4,1 2 3 4,draft
DP-13,"Spectroscopy, Lasers and Fibre Optics",discipline,DP-13-A05,Interferometry,DP-13-034,Interferometer configurations and their applications,knowledge,4,1 2 3 4,draft
DP-13,"Spectroscopy, Lasers and Fibre Optics",discipline,DP-13-A05,Interferometry,DP-13-035,Fringe counting and phase interpolation,skill,4,1 2 3 4,draft
DP-13,"Spectroscopy, Lasers and Fibre Optics",discipline,DP-13-A05,Interferometry,DP-13-036,Environmental compensation in interferometry,skill,4,1 2 3 4,draft
DP-13,"Spectroscopy, Lasers and Fibre Optics",discipline,DP-13-A05,Interferometry,DP-13-037,Surface form interferometry,skill,4,1 2 3 4,draft
DP-13,"Spectroscopy, Lasers and Fibre Optics",discipline,DP-13-A05,Interferometry,DP-13-038,White light and low coherence interferometry,skill,4,1 2 3 4,draft
DP-13,"Spectroscopy, Lasers and Fibre Optics",discipline,DP-13-A05,Interferometry,DP-13-039,Error sources in interferometric measurement,skill,5,1 2 3 4 5,draft
DP-13,"Spectroscopy, Lasers and Fibre Optics",discipline,DP-13-A06,Fibre Optics and Optical Communications,DP-13-040,Optical fibre types and propagation,knowledge,4,1 2 3 4,draft
DP-13,"Spectroscopy, Lasers and Fibre Optics",discipline,DP-13-A06,Fibre Optics and Optical Communications,DP-13-041,Attenuation measurement and cutback technique,skill,4,1 2 3 4,draft
DP-13,"Spectroscopy, Lasers and Fibre Optics",discipline,DP-13-A06,Fibre Optics and Optical Communications,DP-13-042,Optical time domain reflectometry,skill,4,1 2 3 4,draft
DP-13,"Spectroscopy, Lasers and Fibre Optics",discipline,DP-13-A06,Fibre Optics and Optical Communications,DP-13-043,Optical power meter calibration,skill,4,1 2 3 4,draft
DP-13,"Spectroscopy, Lasers and Fibre Optics",discipline,DP-13-A06,Fibre Optics and Optical Communications,DP-13-044,"Connector loss, return loss and end face quality",skill,4,1 2 3 4,draft
DP-13,"Spectroscopy, Lasers and Fibre Optics",discipline,DP-13-A06,Fibre Optics and Optical Communications,DP-13-045,Dispersion measurement: chromatic and polarisation mode,skill,4,1 2 3 4,draft
DP-13,"Spectroscopy, Lasers and Fibre Optics",discipline,DP-13-A06,Fibre Optics and Optical Communications,DP-13-046,Optical spectrum analysis for communications,skill,4,1 2 3 4,draft
DP-13,"Spectroscopy, Lasers and Fibre Optics",discipline,DP-13-A06,Fibre Optics and Optical Communications,DP-13-047,Fibre optic sensing and distributed measurement,skill,4,1 2 3 4,draft
DP-13,"Spectroscopy, Lasers and Fibre Optics",discipline,DP-13-A06,Fibre Optics and Optical Communications,DP-13-048,Uncertainty in optical fibre measurement,skill,5,1 2 3 4 5,draft
DP-14,"Time, Frequency and Satellite Timing",discipline,DP-14-A01,Time and Frequency Fundamentals,DP-14-001,"The second, its definition and realisation",knowledge,5,1 2 3 4 5,draft
DP-14,"Time, Frequency and Satellite Timing",discipline,DP-14-A01,Time and Frequency Fundamentals,DP-14-002,"Time scales: TAI, UTC, UT1 and GPS time",knowledge,3,1 2 3,draft
DP-14,"Time, Frequency and Satellite Timing",discipline,DP-14-A01,Time and Frequency Fundamentals,DP-14-003,Leap seconds and their operational consequences,knowledge,3,1 2 3,draft
DP-14,"Time, Frequency and Satellite Timing",discipline,DP-14-A01,Time and Frequency Fundamentals,DP-14-004,"Frequency, phase and time interval relationships",knowledge,4,1 2 3 4,draft
DP-14,"Time, Frequency and Satellite Timing",discipline,DP-14-A01,Time and Frequency Fundamentals,DP-14-005,"Accuracy, stability and reproducibility in frequency metrology",judgment,4,1 2 3 4,draft
DP-14,"Time, Frequency and Satellite Timing",discipline,DP-14-A01,Time and Frequency Fundamentals,DP-14-006,Relativistic effects on timekeeping,knowledge,5,1 2 3 4 5,draft
DP-14,"Time, Frequency and Satellite Timing",discipline,DP-14-A01,Time and Frequency Fundamentals,DP-14-007,Coordinated time and the role of BIPM,knowledge,4,1 2 3 4,draft
DP-14,"Time, Frequency and Satellite Timing",discipline,DP-14-A02,Oscillators and Clocks,DP-14-008,"Quartz oscillators: TCXO, OCXO and their behaviour",knowledge,4,1 2 3 4,draft
DP-14,"Time, Frequency and Satellite Timing",discipline,DP-14-A02,Oscillators and Clocks,DP-14-009,Rubidium frequency standards,knowledge,4,1 2 3 4,draft
DP-14,"Time, Frequency and Satellite Timing",discipline,DP-14-A02,Oscillators and Clocks,DP-14-010,Caesium beam and fountain clocks,knowledge,5,1 2 3 4 5,draft
DP-14,"Time, Frequency and Satellite Timing",discipline,DP-14-A02,Oscillators and Clocks,DP-14-011,Hydrogen masers,knowledge,4,1 2 3 4,draft
DP-14,"Time, Frequency and Satellite Timing",discipline,DP-14-A02,Oscillators and Clocks,DP-14-012,Optical clocks and optical frequency standards,knowledge,5,1 2 3 4 5,draft
DP-14,"Time, Frequency and Satellite Timing",discipline,DP-14-A02,Oscillators and Clocks,DP-14-013,Chip scale atomic clocks,knowledge,4,1 2 3 4,draft
DP-14,"Time, Frequency and Satellite Timing",discipline,DP-14-A02,Oscillators and Clocks,DP-14-014,"Ageing, drift, retrace and warm-up behaviour",skill,4,1 2 3 4,draft
DP-14,"Time, Frequency and Satellite Timing",discipline,DP-14-A02,Oscillators and Clocks,DP-14-015,Environmental sensitivity of oscillators,knowledge,4,1 2 3 4,draft
DP-14,"Time, Frequency and Satellite Timing",discipline,DP-14-A02,Oscillators and Clocks,DP-14-016,Selecting an oscillator for an application,judgment,4,1 2 3 4,draft
DP-14,"Time, Frequency and Satellite Timing",discipline,DP-14-A03,Frequency Stability and Its Statistics,DP-14-017,Noise types in oscillators and their power law spectra,knowledge,4,1 2 3 4,draft
DP-14,"Time, Frequency and Satellite Timing",discipline,DP-14-A03,Frequency Stability and Its Statistics,DP-14-018,Why standard deviation fails for oscillator noise,knowledge,5,1 2 3 4 5,draft
DP-14,"Time, Frequency and Satellite Timing",discipline,DP-14-A03,Frequency Stability and Its Statistics,DP-14-019,Allan variance and Allan deviation,skill,5,1 2 3 4 5,draft
DP-14,"Time, Frequency and Satellite Timing",discipline,DP-14-A03,Frequency Stability and Its Statistics,DP-14-020,"Modified Allan, Hadamard and total variance",skill,4,1 2 3 4,draft
DP-14,"Time, Frequency and Satellite Timing",discipline,DP-14-A03,Frequency Stability and Its Statistics,DP-14-021,Time deviation and time interval error,skill,4,1 2 3 4,draft
DP-14,"Time, Frequency and Satellite Timing",discipline,DP-14-A03,Frequency Stability and Its Statistics,DP-14-022,Confidence intervals for stability estimates,skill,4,1 2 3 4,draft
DP-14,"Time, Frequency and Satellite Timing",discipline,DP-14-A03,Frequency Stability and Its Statistics,DP-14-023,"Dead time, bandwidth and measurement system effects",skill,4,1 2 3 4,draft
DP-14,"Time, Frequency and Satellite Timing",discipline,DP-14-A03,Frequency Stability and Its Statistics,DP-14-024,Phase noise and its relationship to time domain stability,skill,4,1 2 3 4,draft
DP-14,"Time, Frequency and Satellite Timing",discipline,DP-14-A03,Frequency Stability and Its Statistics,DP-14-025,Reading and interpreting a stability plot,judgment,5,1 2 3 4 5,draft
DP-14,"Time, Frequency and Satellite Timing",discipline,DP-14-A04,Frequency and Time Interval Measurement,DP-14-026,Frequency counters and their architectures,knowledge,4,1 2 3 4,draft
DP-14,"Time, Frequency and Satellite Timing",discipline,DP-14-A04,Frequency and Time Interval Measurement,DP-14-027,Reciprocal counting and interpolation,skill,4,1 2 3 4,draft
DP-14,"Time, Frequency and Satellite Timing",discipline,DP-14-A04,Frequency and Time Interval Measurement,DP-14-028,Time interval measurement and time stamping,skill,4,1 2 3 4,draft
DP-14,"Time, Frequency and Satellite Timing",discipline,DP-14-A04,Frequency and Time Interval Measurement,DP-14-029,Phase comparison and heterodyne techniques,skill,4,1 2 3 4,draft
DP-14,"Time, Frequency and Satellite Timing",discipline,DP-14-A04,Frequency and Time Interval Measurement,DP-14-030,Dual mixer time difference measurement,skill,4,1 2 3 4,draft
DP-14,"Time, Frequency and Satellite Timing",discipline,DP-14-A04,Frequency and Time Interval Measurement,DP-14-031,Counter calibration and verification,skill,4,1 2 3 4,draft
DP-14,"Time, Frequency and Satellite Timing",discipline,DP-14-A04,Frequency and Time Interval Measurement,DP-14-032,"Trigger error, resolution and systematic effects",skill,4,1 2 3 4,draft
DP-14,"Time, Frequency and Satellite Timing",discipline,DP-14-A04,Frequency and Time Interval Measurement,DP-14-033,Uncertainty budget for frequency calibration,skill,5,1 2 3 4 5,draft
DP-14,"Time, Frequency and Satellite Timing",discipline,DP-14-A05,Time Transfer and Dissemination,DP-14-034,GNSS constellations and their timing signals,knowledge,4,1 2 3 4,draft
DP-14,"Time, Frequency and Satellite Timing",discipline,DP-14-A05,Time Transfer and Dissemination,DP-14-035,GPS disciplined oscillators and their behaviour,skill,4,1 2 3 4,draft
DP-14,"Time, Frequency and Satellite Timing",discipline,DP-14-A05,Time Transfer and Dissemination,DP-14-036,Common view and all-in-view time transfer,skill,4,1 2 3 4,draft
DP-14,"Time, Frequency and Satellite Timing",discipline,DP-14-A05,Time Transfer and Dissemination,DP-14-037,Two-way satellite time and frequency transfer,skill,4,1 2 3 4,draft
DP-14,"Time, Frequency and Satellite Timing",discipline,DP-14-A05,Time Transfer and Dissemination,DP-14-038,Optical fibre time and frequency transfer,skill,4,1 2 3 4,draft
DP-14,"Time, Frequency and Satellite Timing",discipline,DP-14-A05,Time Transfer and Dissemination,DP-14-039,"Antenna, cable and receiver delay calibration",skill,5,1 2 3 4 5,draft
DP-14,"Time, Frequency and Satellite Timing",discipline,DP-14-A05,Time Transfer and Dissemination,DP-14-040,"GNSS vulnerabilities: jamming, spoofing and holdover",judgment,4,1 2 3 4,draft
DP-14,"Time, Frequency and Satellite Timing",discipline,DP-14-A05,Time Transfer and Dissemination,DP-14-041,Radio time signals and legacy dissemination,skill,3,1 2 3,draft
DP-14,"Time, Frequency and Satellite Timing",discipline,DP-14-A06,Network and Applied Timing,DP-14-042,Network Time Protocol and its accuracy limits,knowledge,4,1 2 3 4,draft
DP-14,"Time, Frequency and Satellite Timing",discipline,DP-14-A06,Network and Applied Timing,DP-14-043,Precision Time Protocol and hardware timestamping,skill,4,1 2 3 4,draft
DP-14,"Time, Frequency and Satellite Timing",discipline,DP-14-A06,Network and Applied Timing,DP-14-044,Timing in telecommunications and synchronisation networks,skill,4,1 2 3 4,draft
DP-14,"Time, Frequency and Satellite Timing",discipline,DP-14-A06,Network and Applied Timing,DP-14-045,Timing for power grids and synchrophasors,skill,4,1 2 3 4,draft
DP-14,"Time, Frequency and Satellite Timing",discipline,DP-14-A06,Network and Applied Timing,DP-14-046,Timing in financial transaction records and regulatory traceability,skill,4,1 2 3 4,draft
DP-14,"Time, Frequency and Satellite Timing",discipline,DP-14-A06,Network and Applied Timing,DP-14-047,Timing for scientific instrumentation and data acquisition,skill,4,1 2 3 4,draft
DP-14,"Time, Frequency and Satellite Timing",discipline,DP-14-A06,Network and Applied Timing,DP-14-048,Demonstrating traceability of a timestamp,judgment,5,1 2 3 4 5,draft
DP-15,"Ionising Radiation, Dosimetry and Nuclear Instrumentation",discipline,DP-15-A01,Radiation Physics and Quantities,DP-15-001,Types of ionising radiation and their interactions,knowledge,4,1 2 3 4,draft
DP-15,"Ionising Radiation, Dosimetry and Nuclear Instrumentation",discipline,DP-15-A01,Radiation Physics and Quantities,DP-15-002,"Activity, decay and half-life",knowledge,4,1 2 3 4,draft
DP-15,"Ionising Radiation, Dosimetry and Nuclear Instrumentation",discipline,DP-15-A01,Radiation Physics and Quantities,DP-15-003,"Fluence, kerma and absorbed dose",knowledge,4,1 2 3 4,draft
DP-15,"Ionising Radiation, Dosimetry and Nuclear Instrumentation",discipline,DP-15-A01,Radiation Physics and Quantities,DP-15-004,"Equivalent dose, effective dose and radiation weighting",knowledge,4,1 2 3 4,draft
DP-15,"Ionising Radiation, Dosimetry and Nuclear Instrumentation",discipline,DP-15-A01,Radiation Physics and Quantities,DP-15-005,Operational quantities for radiation protection,knowledge,4,1 2 3 4,draft
DP-15,"Ionising Radiation, Dosimetry and Nuclear Instrumentation",discipline,DP-15-A01,Radiation Physics and Quantities,DP-15-006,Charged particle equilibrium and cavity theory,knowledge,5,1 2 3 4 5,draft
DP-15,"Ionising Radiation, Dosimetry and Nuclear Instrumentation",discipline,DP-15-A01,Radiation Physics and Quantities,DP-15-007,"Stopping power, attenuation and build-up",knowledge,4,1 2 3 4,draft
DP-15,"Ionising Radiation, Dosimetry and Nuclear Instrumentation",discipline,DP-15-A01,Radiation Physics and Quantities,DP-15-008,Why absorbed dose in tissue is usually inferred rather than measured,judgment,5,1 2 3 4 5,draft
DP-15,"Ionising Radiation, Dosimetry and Nuclear Instrumentation",discipline,DP-15-A02,Detectors and Instrumentation,DP-15-009,Ionisation chambers,knowledge,5,1 2 3 4 5,draft
DP-15,"Ionising Radiation, Dosimetry and Nuclear Instrumentation",discipline,DP-15-A02,Detectors and Instrumentation,DP-15-010,Proportional counters and Geiger-Muller tubes,knowledge,4,1 2 3 4,draft
DP-15,"Ionising Radiation, Dosimetry and Nuclear Instrumentation",discipline,DP-15-A02,Detectors and Instrumentation,DP-15-011,Scintillation detectors and photomultipliers,knowledge,4,1 2 3 4,draft
DP-15,"Ionising Radiation, Dosimetry and Nuclear Instrumentation",discipline,DP-15-A02,Detectors and Instrumentation,DP-15-012,"Semiconductor detectors: HPGe, silicon and CdZnTe",knowledge,4,1 2 3 4,draft
DP-15,"Ionising Radiation, Dosimetry and Nuclear Instrumentation",discipline,DP-15-A02,Detectors and Instrumentation,DP-15-013,Neutron detection techniques,knowledge,4,1 2 3 4,draft
DP-15,"Ionising Radiation, Dosimetry and Nuclear Instrumentation",discipline,DP-15-A02,Detectors and Instrumentation,DP-15-014,"Pulse processing, shaping and pile-up",skill,4,1 2 3 4,draft
DP-15,"Ionising Radiation, Dosimetry and Nuclear Instrumentation",discipline,DP-15-A02,Detectors and Instrumentation,DP-15-015,Dead time and its correction,skill,5,1 2 3 4 5,draft
DP-15,"Ionising Radiation, Dosimetry and Nuclear Instrumentation",discipline,DP-15-A02,Detectors and Instrumentation,DP-15-016,Energy resolution and detector efficiency,knowledge,4,1 2 3 4,draft
DP-15,"Ionising Radiation, Dosimetry and Nuclear Instrumentation",discipline,DP-15-A02,Detectors and Instrumentation,DP-15-017,Energy and angular dependence of detector response,knowledge,4,1 2 3 4,draft
DP-15,"Ionising Radiation, Dosimetry and Nuclear Instrumentation",discipline,DP-15-A02,Detectors and Instrumentation,DP-15-018,"Background, shielding and low-level counting",skill,4,1 2 3 4,draft
DP-15,"Ionising Radiation, Dosimetry and Nuclear Instrumentation",discipline,DP-15-A03,"Standards, Calibration and Traceability",DP-15-019,Primary standards for air kerma and absorbed dose,knowledge,4,1 2 3 4,draft
DP-15,"Ionising Radiation, Dosimetry and Nuclear Instrumentation",discipline,DP-15-A03,"Standards, Calibration and Traceability",DP-15-020,Graphite and water calorimetry,skill,5,1 2 3 4 5,draft
DP-15,"Ionising Radiation, Dosimetry and Nuclear Instrumentation",discipline,DP-15-A03,"Standards, Calibration and Traceability",DP-15-021,Free air ionisation chambers,skill,4,1 2 3 4,draft
DP-15,"Ionising Radiation, Dosimetry and Nuclear Instrumentation",discipline,DP-15-A03,"Standards, Calibration and Traceability",DP-15-022,Reference radiation fields and their establishment,skill,4,1 2 3 4,draft
DP-15,"Ionising Radiation, Dosimetry and Nuclear Instrumentation",discipline,DP-15-A03,"Standards, Calibration and Traceability",DP-15-023,Calibration of dosimeters and survey instruments,skill,4,1 2 3 4,draft
DP-15,"Ionising Radiation, Dosimetry and Nuclear Instrumentation",discipline,DP-15-A03,"Standards, Calibration and Traceability",DP-15-024,Radionuclide standardisation and activity measurement,skill,4,1 2 3 4,draft
DP-15,"Ionising Radiation, Dosimetry and Nuclear Instrumentation",discipline,DP-15-A03,"Standards, Calibration and Traceability",DP-15-025,Radioactive reference sources and their certification,skill,4,1 2 3 4,draft
DP-15,"Ionising Radiation, Dosimetry and Nuclear Instrumentation",discipline,DP-15-A03,"Standards, Calibration and Traceability",DP-15-026,Secondary standard dosimetry laboratories,knowledge,4,1 2 3 4,draft
DP-15,"Ionising Radiation, Dosimetry and Nuclear Instrumentation",discipline,DP-15-A03,"Standards, Calibration and Traceability",DP-15-027,Uncertainty evaluation with counting statistics,skill,5,1 2 3 4 5,draft
DP-15,"Ionising Radiation, Dosimetry and Nuclear Instrumentation",discipline,DP-15-A03,"Standards, Calibration and Traceability",DP-15-028,Traceability chains in radiation dosimetry,judgment,4,1 2 3 4,draft
DP-15,"Ionising Radiation, Dosimetry and Nuclear Instrumentation",discipline,DP-15-A04,Dosimetry Practice,DP-15-029,"Personal dosimetry: TLD, OSL and film",skill,4,1 2 3 4,draft
DP-15,"Ionising Radiation, Dosimetry and Nuclear Instrumentation",discipline,DP-15-A04,Dosimetry Practice,DP-15-030,Electronic personal dosimeters,skill,4,1 2 3 4,draft
DP-15,"Ionising Radiation, Dosimetry and Nuclear Instrumentation",discipline,DP-15-A04,Dosimetry Practice,DP-15-031,Area monitoring and survey instrumentation,skill,4,1 2 3 4,draft
DP-15,"Ionising Radiation, Dosimetry and Nuclear Instrumentation",discipline,DP-15-A04,Dosimetry Practice,DP-15-032,Environmental radiation monitoring,skill,4,1 2 3 4,draft
DP-15,"Ionising Radiation, Dosimetry and Nuclear Instrumentation",discipline,DP-15-A04,Dosimetry Practice,DP-15-033,Contamination monitoring and surface activity,skill,4,1 2 3 4,draft
DP-15,"Ionising Radiation, Dosimetry and Nuclear Instrumentation",discipline,DP-15-A04,Dosimetry Practice,DP-15-034,Internal dosimetry and bioassay,skill,4,1 2 3 4,draft
DP-15,"Ionising Radiation, Dosimetry and Nuclear Instrumentation",discipline,DP-15-A04,Dosimetry Practice,DP-15-035,Neutron dosimetry and its particular difficulties,judgment,5,1 2 3 4 5,draft
DP-15,"Ionising Radiation, Dosimetry and Nuclear Instrumentation",discipline,DP-15-A04,Dosimetry Practice,DP-15-036,Dosimetry service accreditation and performance testing,skill,4,1 2 3 4,draft
DP-15,"Ionising Radiation, Dosimetry and Nuclear Instrumentation",discipline,DP-15-A05,Medical and Industrial Applications,DP-15-037,Radiotherapy dosimetry and reference dosimetry protocols,skill,5,1 2 3 4 5,draft
DP-15,"Ionising Radiation, Dosimetry and Nuclear Instrumentation",discipline,DP-15-A05,Medical and Industrial Applications,DP-15-038,Treatment machine output calibration,skill,4,1 2 3 4,draft
DP-15,"Ionising Radiation, Dosimetry and Nuclear Instrumentation",discipline,DP-15-A05,Medical and Industrial Applications,DP-15-039,"Relative dosimetry, phantoms and beam data",skill,4,1 2 3 4,draft
DP-15,"Ionising Radiation, Dosimetry and Nuclear Instrumentation",discipline,DP-15-A05,Medical and Industrial Applications,DP-15-040,Diagnostic radiology dosimetry and dose indices,skill,4,1 2 3 4,draft
DP-15,"Ionising Radiation, Dosimetry and Nuclear Instrumentation",discipline,DP-15-A05,Medical and Industrial Applications,DP-15-041,Nuclear medicine activity measurement and dose calibrators,skill,4,1 2 3 4,draft
DP-15,"Ionising Radiation, Dosimetry and Nuclear Instrumentation",discipline,DP-15-A05,Medical and Industrial Applications,DP-15-042,Brachytherapy source strength measurement,skill,4,1 2 3 4,draft
DP-15,"Ionising Radiation, Dosimetry and Nuclear Instrumentation",discipline,DP-15-A05,Medical and Industrial Applications,DP-15-043,Industrial radiography and gauging measurement,skill,4,1 2 3 4,draft
DP-15,"Ionising Radiation, Dosimetry and Nuclear Instrumentation",discipline,DP-15-A05,Medical and Industrial Applications,DP-15-044,Radiation processing and sterilisation dosimetry,skill,4,1 2 3 4,draft
DP-15,"Ionising Radiation, Dosimetry and Nuclear Instrumentation",discipline,DP-15-A05,Medical and Industrial Applications,DP-15-045,Nuclear power plant instrumentation and in-core measurement,skill,4,1 2 3 4,draft
DP-15,"Ionising Radiation, Dosimetry and Nuclear Instrumentation",discipline,DP-15-A05,Medical and Industrial Applications,DP-15-046,Nuclear material accountancy and safeguards measurement,judgment,5,1 2 3 4 5,draft
DP-15,"Ionising Radiation, Dosimetry and Nuclear Instrumentation",discipline,DP-15-A05,Medical and Industrial Applications,DP-15-047,Decommissioning and waste characterisation measurement,judgment,4,1 2 3 4,draft
DP-16,"Analytical Chemistry, Reference Materials and Gas Metrology",discipline,DP-16-A01,Foundations of Chemical Measurement,DP-16-001,"Amount of substance, the mole and concentration quantities",knowledge,4,1 2 3 4,draft
DP-16,"Analytical Chemistry, Reference Materials and Gas Metrology",discipline,DP-16-A01,Foundations of Chemical Measurement,DP-16-002,Concentration expressions and conversion between them,knowledge,4,1 2 3 4,draft
DP-16,"Analytical Chemistry, Reference Materials and Gas Metrology",discipline,DP-16-A01,Foundations of Chemical Measurement,DP-16-003,Operationally defined measurands in chemistry,judgment,5,1 2 3 4 5,draft
DP-16,"Analytical Chemistry, Reference Materials and Gas Metrology",discipline,DP-16-A01,Foundations of Chemical Measurement,DP-16-004,Traceability in chemical measurement,knowledge,4,1 2 3 4,draft
DP-16,"Analytical Chemistry, Reference Materials and Gas Metrology",discipline,DP-16-A01,Foundations of Chemical Measurement,DP-16-005,Primary methods of measurement in chemistry,knowledge,5,1 2 3 4 5,draft
DP-16,"Analytical Chemistry, Reference Materials and Gas Metrology",discipline,DP-16-A01,Foundations of Chemical Measurement,DP-16-006,Metrological hierarchy in analytical chemistry,knowledge,4,1 2 3 4,draft
DP-16,"Analytical Chemistry, Reference Materials and Gas Metrology",discipline,DP-16-A01,Foundations of Chemical Measurement,DP-16-007,Purity assessment and its role in traceability,skill,4,1 2 3 4,draft
DP-16,"Analytical Chemistry, Reference Materials and Gas Metrology",discipline,DP-16-A02,Sampling and Sample Preparation,DP-16-008,Sampling theory and representativeness,knowledge,5,1 2 3 4 5,draft
DP-16,"Analytical Chemistry, Reference Materials and Gas Metrology",discipline,DP-16-A02,Sampling and Sample Preparation,DP-16-009,Sampling uncertainty and its estimation,judgment,5,1 2 3 4 5,draft
DP-16,"Analytical Chemistry, Reference Materials and Gas Metrology",discipline,DP-16-A02,Sampling and Sample Preparation,DP-16-010,"Heterogeneity, particle size and sample mass",skill,4,1 2 3 4,draft
DP-16,"Analytical Chemistry, Reference Materials and Gas Metrology",discipline,DP-16-A02,Sampling and Sample Preparation,DP-16-011,"Sample handling, preservation and stability",skill,4,1 2 3 4,draft
DP-16,"Analytical Chemistry, Reference Materials and Gas Metrology",discipline,DP-16-A02,Sampling and Sample Preparation,DP-16-012,"Digestion, extraction and dissolution",skill,4,1 2 3 4,draft
DP-16,"Analytical Chemistry, Reference Materials and Gas Metrology",discipline,DP-16-A02,Sampling and Sample Preparation,DP-16-013,"Dilution, weighing and volumetric technique",skill,4,1 2 3 4,draft
DP-16,"Analytical Chemistry, Reference Materials and Gas Metrology",discipline,DP-16-A02,Sampling and Sample Preparation,DP-16-014,Contamination control and blank correction,skill,4,1 2 3 4,draft
DP-16,"Analytical Chemistry, Reference Materials and Gas Metrology",discipline,DP-16-A02,Sampling and Sample Preparation,DP-16-015,Volumetric glassware and pipette calibration,skill,4,1 2 3 4,draft
DP-16,"Analytical Chemistry, Reference Materials and Gas Metrology",discipline,DP-16-A03,Analytical Techniques,DP-16-016,Gravimetric and titrimetric analysis,skill,4,1 2 3 4,draft
DP-16,"Analytical Chemistry, Reference Materials and Gas Metrology",discipline,DP-16-A03,Analytical Techniques,DP-16-017,Coulometry as a primary method,skill,4,1 2 3 4,draft
DP-16,"Analytical Chemistry, Reference Materials and Gas Metrology",discipline,DP-16-A03,Analytical Techniques,DP-16-018,Gas chromatography,skill,4,1 2 3 4,draft
DP-16,"Analytical Chemistry, Reference Materials and Gas Metrology",discipline,DP-16-A03,Analytical Techniques,DP-16-019,Liquid chromatography,skill,4,1 2 3 4,draft
DP-16,"Analytical Chemistry, Reference Materials and Gas Metrology",discipline,DP-16-A03,Analytical Techniques,DP-16-020,Mass spectrometry principles and instrumentation,knowledge,4,1 2 3 4,draft
DP-16,"Analytical Chemistry, Reference Materials and Gas Metrology",discipline,DP-16-A03,Analytical Techniques,DP-16-021,Isotope dilution mass spectrometry,skill,5,1 2 3 4 5,draft
DP-16,"Analytical Chemistry, Reference Materials and Gas Metrology",discipline,DP-16-A03,Analytical Techniques,DP-16-022,ICP-OES and ICP-MS,skill,4,1 2 3 4,draft
DP-16,"Analytical Chemistry, Reference Materials and Gas Metrology",discipline,DP-16-A03,Analytical Techniques,DP-16-023,Atomic absorption spectrometry,skill,4,1 2 3 4,draft
DP-16,"Analytical Chemistry, Reference Materials and Gas Metrology",discipline,DP-16-A03,Analytical Techniques,DP-16-024,X-ray fluorescence and elemental analysis,skill,4,1 2 3 4,draft
DP-16,"Analytical Chemistry, Reference Materials and Gas Metrology",discipline,DP-16-A03,Analytical Techniques,DP-16-025,Nuclear magnetic resonance for quantitative analysis,skill,4,1 2 3 4,draft
DP-16,"Analytical Chemistry, Reference Materials and Gas Metrology",discipline,DP-16-A03,Analytical Techniques,DP-16-026,Thermal analysis techniques,skill,4,1 2 3 4,draft
DP-16,"Analytical Chemistry, Reference Materials and Gas Metrology",discipline,DP-16-A04,"Calibration, Validation and Data Quality",DP-16-027,Calibration curves and standard preparation,skill,4,1 2 3 4,draft
DP-16,"Analytical Chemistry, Reference Materials and Gas Metrology",discipline,DP-16-A04,"Calibration, Validation and Data Quality",DP-16-028,Standard addition and internal standards,skill,4,1 2 3 4,draft
DP-16,"Analytical Chemistry, Reference Materials and Gas Metrology",discipline,DP-16-A04,"Calibration, Validation and Data Quality",DP-16-029,Matrix effects and matrix matching,judgment,5,1 2 3 4 5,draft
DP-16,"Analytical Chemistry, Reference Materials and Gas Metrology",discipline,DP-16-A04,"Calibration, Validation and Data Quality",DP-16-030,Recovery studies and their interpretation,skill,4,1 2 3 4,draft
DP-16,"Analytical Chemistry, Reference Materials and Gas Metrology",discipline,DP-16-A04,"Calibration, Validation and Data Quality",DP-16-031,Limit of detection and limit of quantification,skill,4,1 2 3 4,draft
DP-16,"Analytical Chemistry, Reference Materials and Gas Metrology",discipline,DP-16-A04,"Calibration, Validation and Data Quality",DP-16-032,"Selectivity, specificity and interference",skill,4,1 2 3 4,draft
DP-16,"Analytical Chemistry, Reference Materials and Gas Metrology",discipline,DP-16-A04,"Calibration, Validation and Data Quality",DP-16-033,Method validation in analytical chemistry,skill,4,1 2 3 4,draft
DP-16,"Analytical Chemistry, Reference Materials and Gas Metrology",discipline,DP-16-A04,"Calibration, Validation and Data Quality",DP-16-034,Uncertainty evaluation for analytical results,skill,5,1 2 3 4 5,draft
DP-16,"Analytical Chemistry, Reference Materials and Gas Metrology",discipline,DP-16-A04,"Calibration, Validation and Data Quality",DP-16-035,Quality control charts and internal quality control,skill,4,1 2 3 4,draft
DP-16,"Analytical Chemistry, Reference Materials and Gas Metrology",discipline,DP-16-A04,"Calibration, Validation and Data Quality",DP-16-036,Reporting results below the detection limit,judgment,4,1 2 3 4,draft
DP-16,"Analytical Chemistry, Reference Materials and Gas Metrology",discipline,DP-16-A05,Reference Materials,DP-16-037,Reference material production planning,skill,4,1 2 3 4,draft
DP-16,"Analytical Chemistry, Reference Materials and Gas Metrology",discipline,DP-16-A05,Reference Materials,DP-16-038,Homogeneity assessment and between-bottle variability,skill,4,1 2 3 4,draft
DP-16,"Analytical Chemistry, Reference Materials and Gas Metrology",discipline,DP-16-A05,Reference Materials,DP-16-039,Short-term and long-term stability studies,skill,4,1 2 3 4,draft
DP-16,"Analytical Chemistry, Reference Materials and Gas Metrology",discipline,DP-16-A05,Reference Materials,DP-16-040,Characterisation approaches and value assignment,skill,4,1 2 3 4,draft
DP-16,"Analytical Chemistry, Reference Materials and Gas Metrology",discipline,DP-16-A05,Reference Materials,DP-16-041,Uncertainty of a certified value,skill,5,1 2 3 4 5,draft
DP-16,"Analytical Chemistry, Reference Materials and Gas Metrology",discipline,DP-16-A05,Reference Materials,DP-16-042,Commutability assessment,judgment,5,1 2 3 4 5,draft
DP-16,"Analytical Chemistry, Reference Materials and Gas Metrology",discipline,DP-16-A05,Reference Materials,DP-16-043,Certification reporting and the certificate content,skill,4,1 2 3 4,draft
DP-16,"Analytical Chemistry, Reference Materials and Gas Metrology",discipline,DP-16-A05,Reference Materials,DP-16-044,ISO 17034 requirements for reference material producers,knowledge,4,1 2 3 4,draft
DP-16,"Analytical Chemistry, Reference Materials and Gas Metrology",discipline,DP-16-A06,Gas Metrology,DP-16-045,Gravimetric preparation of gas mixtures,skill,5,1 2 3 4 5,draft
DP-16,"Analytical Chemistry, Reference Materials and Gas Metrology",discipline,DP-16-A06,Gas Metrology,DP-16-046,Dynamic gas mixture generation,skill,4,1 2 3 4,draft
DP-16,"Analytical Chemistry, Reference Materials and Gas Metrology",discipline,DP-16-A06,Gas Metrology,DP-16-047,Gas standard stability and cylinder effects,skill,4,1 2 3 4,draft
DP-16,"Analytical Chemistry, Reference Materials and Gas Metrology",discipline,DP-16-A06,Gas Metrology,DP-16-048,Ambient air quality measurement,skill,4,1 2 3 4,draft
DP-16,"Analytical Chemistry, Reference Materials and Gas Metrology",discipline,DP-16-A06,Gas Metrology,DP-16-049,Emissions and stack gas measurement,skill,4,1 2 3 4,draft
DP-16,"Analytical Chemistry, Reference Materials and Gas Metrology",discipline,DP-16-A06,Gas Metrology,DP-16-050,Greenhouse gas measurement and the WMO scales,knowledge,4,1 2 3 4,draft
DP-16,"Analytical Chemistry, Reference Materials and Gas Metrology",discipline,DP-16-A06,Gas Metrology,DP-16-051,Natural gas composition and calorific value,skill,4,1 2 3 4,draft
DP-16,"Analytical Chemistry, Reference Materials and Gas Metrology",discipline,DP-16-A06,Gas Metrology,DP-16-052,Breath alcohol and forensic gas measurement,skill,4,1 2 3 4,draft
DP-16,"Analytical Chemistry, Reference Materials and Gas Metrology",discipline,DP-16-A06,Gas Metrology,DP-16-053,Hydrogen purity measurement,skill,4,1 2 3 4,draft
DP-16,"Analytical Chemistry, Reference Materials and Gas Metrology",discipline,DP-16-A07,Electrochemistry and pH,DP-16-054,pH definition and its metrological basis,knowledge,5,1 2 3 4 5,draft
DP-16,"Analytical Chemistry, Reference Materials and Gas Metrology",discipline,DP-16-A07,Electrochemistry and pH,DP-16-055,Primary pH measurement by the Harned cell,knowledge,5,1 2 3 4 5,draft
DP-16,"Analytical Chemistry, Reference Materials and Gas Metrology",discipline,DP-16-A07,Electrochemistry and pH,DP-16-056,pH buffers and their certification,skill,4,1 2 3 4,draft
DP-16,"Analytical Chemistry, Reference Materials and Gas Metrology",discipline,DP-16-A07,Electrochemistry and pH,DP-16-057,"Glass electrodes, calibration and liquid junction potential",skill,4,1 2 3 4,draft
DP-16,"Analytical Chemistry, Reference Materials and Gas Metrology",discipline,DP-16-A07,Electrochemistry and pH,DP-16-058,Electrolytic conductivity measurement,skill,4,1 2 3 4,draft
DP-16,"Analytical Chemistry, Reference Materials and Gas Metrology",discipline,DP-16-A07,Electrochemistry and pH,DP-16-059,Ion selective electrodes,skill,4,1 2 3 4,draft
DP-16,"Analytical Chemistry, Reference Materials and Gas Metrology",discipline,DP-16-A07,Electrochemistry and pH,DP-16-060,Redox potential measurement,skill,4,1 2 3 4,draft
DP-16,"Analytical Chemistry, Reference Materials and Gas Metrology",discipline,DP-16-A07,Electrochemistry and pH,DP-16-061,Uncertainty in pH and conductivity measurement,skill,4,1 2 3 4,draft
DP-17,"Biological, Clinical and Medical Metrology",discipline,DP-17-A01,Foundations of Clinical Measurement,DP-17-001,Measurand definition in laboratory medicine,knowledge,4,1 2 3 4,draft
DP-17,"Biological, Clinical and Medical Metrology",discipline,DP-17-A01,Foundations of Clinical Measurement,DP-17-002,Traceability in laboratory medicine and reference measurement systems,knowledge,5,1 2 3 4 5,draft
DP-17,"Biological, Clinical and Medical Metrology",discipline,DP-17-A01,Foundations of Clinical Measurement,DP-17-003,Reference measurement procedures and reference laboratories,knowledge,4,1 2 3 4,draft
DP-17,"Biological, Clinical and Medical Metrology",discipline,DP-17-A01,Foundations of Clinical Measurement,DP-17-004,The JCTLM database and listed reference materials,knowledge,4,1 2 3 4,draft
DP-17,"Biological, Clinical and Medical Metrology",discipline,DP-17-A01,Foundations of Clinical Measurement,DP-17-005,Commutability in clinical reference materials,judgment,5,1 2 3 4 5,draft
DP-17,"Biological, Clinical and Medical Metrology",discipline,DP-17-A01,Foundations of Clinical Measurement,DP-17-006,International units and conventionally defined biological activity,knowledge,5,1 2 3 4 5,draft
DP-17,"Biological, Clinical and Medical Metrology",discipline,DP-17-A01,Foundations of Clinical Measurement,DP-17-007,Standardisation and harmonisation of clinical assays,knowledge,4,1 2 3 4,draft
DP-17,"Biological, Clinical and Medical Metrology",discipline,DP-17-A01,Foundations of Clinical Measurement,DP-17-008,Biological variation and its effect on interpretation,judgment,4,1 2 3 4,draft
DP-17,"Biological, Clinical and Medical Metrology",discipline,DP-17-A02,Clinical Laboratory Measurement,DP-17-009,Clinical chemistry analysers and their calibration,skill,4,1 2 3 4,draft
DP-17,"Biological, Clinical and Medical Metrology",discipline,DP-17-A02,Clinical Laboratory Measurement,DP-17-010,Immunoassay principles and calibration challenges,knowledge,4,1 2 3 4,draft
DP-17,"Biological, Clinical and Medical Metrology",discipline,DP-17-A02,Clinical Laboratory Measurement,DP-17-011,Haematology and cell counting measurement,skill,4,1 2 3 4,draft
DP-17,"Biological, Clinical and Medical Metrology",discipline,DP-17-A02,Clinical Laboratory Measurement,DP-17-012,"Blood gas, electrolyte and point of care measurement",skill,4,1 2 3 4,draft
DP-17,"Biological, Clinical and Medical Metrology",discipline,DP-17-A02,Clinical Laboratory Measurement,DP-17-013,Molecular diagnostics and nucleic acid quantification,skill,4,1 2 3 4,draft
DP-17,"Biological, Clinical and Medical Metrology",discipline,DP-17-A02,Clinical Laboratory Measurement,DP-17-014,Digital PCR as a counting-based reference method,skill,5,1 2 3 4 5,draft
DP-17,"Biological, Clinical and Medical Metrology",discipline,DP-17-A02,Clinical Laboratory Measurement,DP-17-015,Flow cytometry measurement,skill,4,1 2 3 4,draft
DP-17,"Biological, Clinical and Medical Metrology",discipline,DP-17-A02,Clinical Laboratory Measurement,DP-17-016,Microbiological enumeration and its uncertainty,skill,4,1 2 3 4,draft
DP-17,"Biological, Clinical and Medical Metrology",discipline,DP-17-A02,Clinical Laboratory Measurement,DP-17-017,Internal quality control and external quality assessment,skill,4,1 2 3 4,draft
DP-17,"Biological, Clinical and Medical Metrology",discipline,DP-17-A02,Clinical Laboratory Measurement,DP-17-018,Reference intervals and decision limits,judgment,4,1 2 3 4,draft
DP-17,"Biological, Clinical and Medical Metrology",discipline,DP-17-A02,Clinical Laboratory Measurement,DP-17-019,Measurement uncertainty in laboratory medicine,skill,5,1 2 3 4 5,draft
DP-17,"Biological, Clinical and Medical Metrology",discipline,DP-17-A02,Clinical Laboratory Measurement,DP-17-020,ISO 15189 requirements and their difference from 17025,knowledge,4,1 2 3 4,draft
DP-17,"Biological, Clinical and Medical Metrology",discipline,DP-17-A03,Medical Device and Equipment Metrology,DP-17-021,Medical equipment calibration programmes,skill,4,1 2 3 4,draft
DP-17,"Biological, Clinical and Medical Metrology",discipline,DP-17-A03,Medical Device and Equipment Metrology,DP-17-022,Patient monitor and vital signs measurement,skill,4,1 2 3 4,draft
DP-17,"Biological, Clinical and Medical Metrology",discipline,DP-17-A03,Medical Device and Equipment Metrology,DP-17-023,Non-invasive blood pressure measurement and its verification,skill,4,1 2 3 4,draft
DP-17,"Biological, Clinical and Medical Metrology",discipline,DP-17-A03,Medical Device and Equipment Metrology,DP-17-024,Pulse oximetry measurement and calibration,skill,4,1 2 3 4,draft
DP-17,"Biological, Clinical and Medical Metrology",discipline,DP-17-A03,Medical Device and Equipment Metrology,DP-17-025,Infusion pump and syringe driver flow verification,skill,4,1 2 3 4,draft
DP-17,"Biological, Clinical and Medical Metrology",discipline,DP-17-A03,Medical Device and Equipment Metrology,DP-17-026,Ventilator and respiratory measurement,skill,4,1 2 3 4,draft
DP-17,"Biological, Clinical and Medical Metrology",discipline,DP-17-A03,Medical Device and Equipment Metrology,DP-17-027,Defibrillator and electrosurgical output measurement,skill,4,1 2 3 4,draft
DP-17,"Biological, Clinical and Medical Metrology",discipline,DP-17-A03,Medical Device and Equipment Metrology,DP-17-028,Clinical thermometry,skill,4,1 2 3 4,draft
DP-17,"Biological, Clinical and Medical Metrology",discipline,DP-17-A03,Medical Device and Equipment Metrology,DP-17-029,Medical imaging equipment quality assurance,skill,4,1 2 3 4,draft
DP-17,"Biological, Clinical and Medical Metrology",discipline,DP-17-A03,Medical Device and Equipment Metrology,DP-17-030,Electrical safety testing of medical equipment,skill,4,1 2 3 4,draft
DP-17,"Biological, Clinical and Medical Metrology",discipline,DP-17-A03,Medical Device and Equipment Metrology,DP-17-031,Regulatory framework for medical device measurement,knowledge,4,1 2 3 4,draft
DP-17,"Biological, Clinical and Medical Metrology",discipline,DP-17-A04,Biological and Biotechnology Measurement,DP-17-032,Protein quantification and its method dependence,skill,4,1 2 3 4,draft
DP-17,"Biological, Clinical and Medical Metrology",discipline,DP-17-A04,Biological and Biotechnology Measurement,DP-17-033,Enzyme activity measurement and unit conventions,knowledge,4,1 2 3 4,draft
DP-17,"Biological, Clinical and Medical Metrology",discipline,DP-17-A04,Biological and Biotechnology Measurement,DP-17-034,Cell counting and viability measurement,skill,4,1 2 3 4,draft
DP-17,"Biological, Clinical and Medical Metrology",discipline,DP-17-A04,Biological and Biotechnology Measurement,DP-17-035,Bioassay design and potency determination,skill,4,1 2 3 4,draft
DP-17,"Biological, Clinical and Medical Metrology",discipline,DP-17-A04,Biological and Biotechnology Measurement,DP-17-036,Biological reference preparations and international standards,knowledge,5,1 2 3 4 5,draft
DP-17,"Biological, Clinical and Medical Metrology",discipline,DP-17-A04,Biological and Biotechnology Measurement,DP-17-037,Genomic and sequencing measurement quality,skill,4,1 2 3 4,draft
DP-17,"Biological, Clinical and Medical Metrology",discipline,DP-17-A04,Biological and Biotechnology Measurement,DP-17-038,Biomanufacturing process measurement,skill,4,1 2 3 4,draft
DP-17,"Biological, Clinical and Medical Metrology",discipline,DP-17-A04,Biological and Biotechnology Measurement,DP-17-039,Uncertainty in biological measurement,skill,5,1 2 3 4 5,draft
DP-17,"Biological, Clinical and Medical Metrology",discipline,DP-17-A05,"Human, Environmental and Food Measurement",DP-17-040,Anthropometric and body composition measurement,skill,3,1 2 3,draft
DP-17,"Biological, Clinical and Medical Metrology",discipline,DP-17-A05,"Human, Environmental and Food Measurement",DP-17-041,Sensory measurement and panel calibration,skill,4,1 2 3 4,draft
DP-17,"Biological, Clinical and Medical Metrology",discipline,DP-17-A05,"Human, Environmental and Food Measurement",DP-17-042,Food composition and nutritional labelling measurement,skill,4,1 2 3 4,draft
DP-17,"Biological, Clinical and Medical Metrology",discipline,DP-17-A05,"Human, Environmental and Food Measurement",DP-17-043,"Food safety, contaminant and residue measurement",skill,4,1 2 3 4,draft
DP-17,"Biological, Clinical and Medical Metrology",discipline,DP-17-A05,"Human, Environmental and Food Measurement",DP-17-044,Allergen and authenticity testing,skill,4,1 2 3 4,draft
DP-17,"Biological, Clinical and Medical Metrology",discipline,DP-17-A05,"Human, Environmental and Food Measurement",DP-17-045,Environmental and ecological monitoring measurement,skill,4,1 2 3 4,draft
DP-17,"Biological, Clinical and Medical Metrology",discipline,DP-17-A05,"Human, Environmental and Food Measurement",DP-17-046,Forensic measurement and evidential standards,judgment,5,1 2 3 4 5,draft
DP-18,Nanometrology and Surface Science,discipline,DP-18-A01,Foundations at the Nanoscale,DP-18-001,What changes about measurement below one hundred nanometres,knowledge,5,1 2 3 4 5,draft
DP-18,Nanometrology and Surface Science,discipline,DP-18-A01,Foundations at the Nanoscale,DP-18-002,"Surface forces, adhesion and their effect on probing",knowledge,4,1 2 3 4,draft
DP-18,Nanometrology and Surface Science,discipline,DP-18-A01,Foundations at the Nanoscale,DP-18-003,Tip-sample convolution and dilation,knowledge,5,1 2 3 4 5,draft
DP-18,Nanometrology and Surface Science,discipline,DP-18-A01,Foundations at the Nanoscale,DP-18-004,Traceability of nanoscale dimensional measurement,knowledge,4,1 2 3 4,draft
DP-18,Nanometrology and Surface Science,discipline,DP-18-A01,Foundations at the Nanoscale,DP-18-005,Nanoscale transfer standards and calibration artefacts,knowledge,4,1 2 3 4,draft
DP-18,Nanometrology and Surface Science,discipline,DP-18-A01,Foundations at the Nanoscale,DP-18-006,"Contamination, oxidation and surface condition",knowledge,4,1 2 3 4,draft
DP-18,Nanometrology and Surface Science,discipline,DP-18-A01,Foundations at the Nanoscale,DP-18-007,Uncertainty evaluation at the nanoscale,skill,5,1 2 3 4 5,draft
DP-18,Nanometrology and Surface Science,discipline,DP-18-A02,Scanning Probe Microscopy,DP-18-008,Atomic force microscopy principles and modes,knowledge,4,1 2 3 4,draft
DP-18,Nanometrology and Surface Science,discipline,DP-18-A02,Scanning Probe Microscopy,DP-18-009,Cantilever calibration: spring constant and sensitivity,skill,4,1 2 3 4,draft
DP-18,Nanometrology and Surface Science,discipline,DP-18-A02,Scanning Probe Microscopy,DP-18-010,"Scanner calibration, nonlinearity, creep and hysteresis",skill,4,1 2 3 4,draft
DP-18,Nanometrology and Surface Science,discipline,DP-18-A02,Scanning Probe Microscopy,DP-18-011,Metrological AFM with interferometric position feedback,skill,5,1 2 3 4 5,draft
DP-18,Nanometrology and Surface Science,discipline,DP-18-A02,Scanning Probe Microscopy,DP-18-012,Scanning tunnelling microscopy,skill,4,1 2 3 4,draft
DP-18,Nanometrology and Surface Science,discipline,DP-18-A02,Scanning Probe Microscopy,DP-18-013,"Tip characterisation, wear and artefact recognition",skill,4,1 2 3 4,draft
DP-18,Nanometrology and Surface Science,discipline,DP-18-A02,Scanning Probe Microscopy,DP-18-014,Force spectroscopy and nanomechanical measurement,skill,4,1 2 3 4,draft
DP-18,Nanometrology and Surface Science,discipline,DP-18-A02,Scanning Probe Microscopy,DP-18-015,"Image processing, levelling and the risk of creating features",judgment,5,1 2 3 4 5,draft
DP-18,Nanometrology and Surface Science,discipline,DP-18-A03,Electron and Ion Microscopy,DP-18-016,Scanning electron microscopy for dimensional measurement,skill,4,1 2 3 4,draft
DP-18,Nanometrology and Surface Science,discipline,DP-18-A03,Electron and Ion Microscopy,DP-18-017,SEM magnification calibration and edge definition,skill,4,1 2 3 4,draft
DP-18,Nanometrology and Surface Science,discipline,DP-18-A03,Electron and Ion Microscopy,DP-18-018,Transmission electron microscopy and lattice references,skill,4,1 2 3 4,draft
DP-18,Nanometrology and Surface Science,discipline,DP-18-A03,Electron and Ion Microscopy,DP-18-019,Critical dimension metrology in semiconductor manufacture,skill,5,1 2 3 4 5,draft
DP-18,Nanometrology and Surface Science,discipline,DP-18-A03,Electron and Ion Microscopy,DP-18-020,Focused ion beam and destructive cross-sectioning,skill,4,1 2 3 4,draft
DP-18,Nanometrology and Surface Science,discipline,DP-18-A03,Electron and Ion Microscopy,DP-18-021,"Charging, beam damage and sample preparation artefacts",knowledge,4,1 2 3 4,draft
DP-18,Nanometrology and Surface Science,discipline,DP-18-A03,Electron and Ion Microscopy,DP-18-022,Electron backscatter diffraction and crystallography,skill,4,1 2 3 4,draft
DP-18,Nanometrology and Surface Science,discipline,DP-18-A04,Surface Analysis and Composition,DP-18-023,X-ray photoelectron spectroscopy,skill,4,1 2 3 4,draft
DP-18,Nanometrology and Surface Science,discipline,DP-18-A04,Surface Analysis and Composition,DP-18-024,Auger electron spectroscopy,skill,4,1 2 3 4,draft
DP-18,Nanometrology and Surface Science,discipline,DP-18-A04,Surface Analysis and Composition,DP-18-025,Secondary ion mass spectrometry,skill,4,1 2 3 4,draft
DP-18,Nanometrology and Surface Science,discipline,DP-18-A04,Surface Analysis and Composition,DP-18-026,Depth profiling and sputter rate calibration,skill,4,1 2 3 4,draft
DP-18,Nanometrology and Surface Science,discipline,DP-18-A04,Surface Analysis and Composition,DP-18-027,Quantification in surface analysis and sensitivity factors,judgment,5,1 2 3 4 5,draft
DP-18,Nanometrology and Surface Science,discipline,DP-18-A04,Surface Analysis and Composition,DP-18-028,Ellipsometry and thin film thickness measurement,skill,4,1 2 3 4,draft
DP-18,Nanometrology and Surface Science,discipline,DP-18-A04,Surface Analysis and Composition,DP-18-029,X-ray reflectometry and diffraction for thin films,skill,4,1 2 3 4,draft
DP-18,Nanometrology and Surface Science,discipline,DP-18-A04,Surface Analysis and Composition,DP-18-030,Contact angle and surface energy at small scales,skill,4,1 2 3 4,draft
DP-18,Nanometrology and Surface Science,discipline,DP-18-A05,Nanoparticles and Nanomaterials,DP-18-031,Particle size definitions and the equivalent sphere problem,knowledge,5,1 2 3 4 5,draft
DP-18,Nanometrology and Surface Science,discipline,DP-18-A05,Nanoparticles and Nanomaterials,DP-18-032,Dynamic light scattering,skill,4,1 2 3 4,draft
DP-18,Nanometrology and Surface Science,discipline,DP-18-A05,Nanoparticles and Nanomaterials,DP-18-033,Particle tracking and single particle techniques,skill,4,1 2 3 4,draft
DP-18,Nanometrology and Surface Science,discipline,DP-18-A05,Nanoparticles and Nanomaterials,DP-18-034,Electron microscopy for particle size distribution,skill,4,1 2 3 4,draft
DP-18,Nanometrology and Surface Science,discipline,DP-18-A05,Nanoparticles and Nanomaterials,DP-18-035,Specific surface area and porosity measurement,skill,4,1 2 3 4,draft
DP-18,Nanometrology and Surface Science,discipline,DP-18-A05,Nanoparticles and Nanomaterials,DP-18-036,Zeta potential and colloidal stability measurement,skill,4,1 2 3 4,draft
DP-18,Nanometrology and Surface Science,discipline,DP-18-A05,Nanoparticles and Nanomaterials,DP-18-037,Nanoparticle reference materials,skill,4,1 2 3 4,draft
DP-18,Nanometrology and Surface Science,discipline,DP-18-A05,Nanoparticles and Nanomaterials,DP-18-038,Method comparability for particle size and its disagreements,judgment,5,1 2 3 4 5,draft
DP-18,Nanometrology and Surface Science,discipline,DP-18-A05,Nanoparticles and Nanomaterials,DP-18-039,Regulatory definitions of nanomaterial and their measurement basis,knowledge,4,1 2 3 4,draft
DP-19,Additive Manufacturing and Advanced Production Metrology,discipline,DP-19-A01,Additive Manufacturing Measurement,DP-19-001,Additive processes and their measurement implications,knowledge,4,1 2 3 4,draft
DP-19,Additive Manufacturing and Advanced Production Metrology,discipline,DP-19-A01,Additive Manufacturing Measurement,DP-19-002,Why additive parts defeat conventional inspection,knowledge,5,1 2 3 4 5,draft
DP-19,Additive Manufacturing and Advanced Production Metrology,discipline,DP-19-A01,Additive Manufacturing Measurement,DP-19-003,Internal geometry and inaccessible feature measurement,skill,4,1 2 3 4,draft
DP-19,Additive Manufacturing and Advanced Production Metrology,discipline,DP-19-A01,Additive Manufacturing Measurement,DP-19-004,Computed tomography for additive part inspection,skill,4,1 2 3 4,draft
DP-19,Additive Manufacturing and Advanced Production Metrology,discipline,DP-19-A01,Additive Manufacturing Measurement,DP-19-005,"CT calibration, artefacts and dimensional traceability",skill,5,1 2 3 4 5,draft
DP-19,Additive Manufacturing and Advanced Production Metrology,discipline,DP-19-A01,Additive Manufacturing Measurement,DP-19-006,Surface texture of as-built additive surfaces,skill,4,1 2 3 4,draft
DP-19,Additive Manufacturing and Advanced Production Metrology,discipline,DP-19-A01,Additive Manufacturing Measurement,DP-19-007,"Porosity, density and defect characterisation",skill,4,1 2 3 4,draft
DP-19,Additive Manufacturing and Advanced Production Metrology,discipline,DP-19-A01,Additive Manufacturing Measurement,DP-19-008,Residual stress measurement in additive parts,skill,4,1 2 3 4,draft
DP-19,Additive Manufacturing and Advanced Production Metrology,discipline,DP-19-A01,Additive Manufacturing Measurement,DP-19-009,"Distortion, warping and datum instability",skill,4,1 2 3 4,draft
DP-19,Additive Manufacturing and Advanced Production Metrology,discipline,DP-19-A01,Additive Manufacturing Measurement,DP-19-010,Test artefacts and machine qualification for additive processes,skill,4,1 2 3 4,draft
DP-19,Additive Manufacturing and Advanced Production Metrology,discipline,DP-19-A01,Additive Manufacturing Measurement,DP-19-011,Feedstock powder characterisation,skill,4,1 2 3 4,draft
DP-19,Additive Manufacturing and Advanced Production Metrology,discipline,DP-19-A01,Additive Manufacturing Measurement,DP-19-012,Qualification of additive parts for critical applications,judgment,5,1 2 3 4 5,draft
DP-19,Additive Manufacturing and Advanced Production Metrology,discipline,DP-19-A02,In-Process and In-Line Measurement,DP-19-013,In-process monitoring principles and their limits,knowledge,4,1 2 3 4,draft
DP-19,Additive Manufacturing and Advanced Production Metrology,discipline,DP-19-A02,In-Process and In-Line Measurement,DP-19-014,Melt pool and thermal monitoring,skill,4,1 2 3 4,draft
DP-19,Additive Manufacturing and Advanced Production Metrology,discipline,DP-19-A02,In-Process and In-Line Measurement,DP-19-015,Layer-wise optical inspection,skill,4,1 2 3 4,draft
DP-19,Additive Manufacturing and Advanced Production Metrology,discipline,DP-19-A02,In-Process and In-Line Measurement,DP-19-016,Traceability of an in-process measurement,skill,5,1 2 3 4 5,draft
DP-19,Additive Manufacturing and Advanced Production Metrology,discipline,DP-19-A02,In-Process and In-Line Measurement,DP-19-017,In-line dimensional measurement in production,skill,4,1 2 3 4,draft
DP-19,Additive Manufacturing and Advanced Production Metrology,discipline,DP-19-A02,In-Process and In-Line Measurement,DP-19-018,On-machine probing and machine tool measurement,skill,4,1 2 3 4,draft
DP-19,Additive Manufacturing and Advanced Production Metrology,discipline,DP-19-A02,In-Process and In-Line Measurement,DP-19-019,Relating in-process signals to part quality,judgment,4,1 2 3 4,draft
DP-19,Additive Manufacturing and Advanced Production Metrology,discipline,DP-19-A02,In-Process and In-Line Measurement,DP-19-020,Measurement-driven process control and closed loop correction,judgment,5,1 2 3 4 5,draft
DP-19,Additive Manufacturing and Advanced Production Metrology,discipline,DP-19-A03,Advanced Materials and Joining,DP-19-021,Composite material inspection and defect detection,skill,4,1 2 3 4,draft
DP-19,Additive Manufacturing and Advanced Production Metrology,discipline,DP-19-A03,Advanced Materials and Joining,DP-19-022,Adhesive and bonded joint evaluation,skill,4,1 2 3 4,draft
DP-19,Additive Manufacturing and Advanced Production Metrology,discipline,DP-19-A03,Advanced Materials and Joining,DP-19-023,Weld inspection and measurement,skill,4,1 2 3 4,draft
DP-19,Additive Manufacturing and Advanced Production Metrology,discipline,DP-19-A03,Advanced Materials and Joining,DP-19-024,Coating thickness measurement,skill,4,1 2 3 4,draft
DP-19,Additive Manufacturing and Advanced Production Metrology,discipline,DP-19-A03,Advanced Materials and Joining,DP-19-025,Non-destructive testing methods and their measurement basis,knowledge,4,1 2 3 4,draft
DP-19,Additive Manufacturing and Advanced Production Metrology,discipline,DP-19-A03,Advanced Materials and Joining,DP-19-026,Ultrasonic thickness and flaw measurement,skill,4,1 2 3 4,draft
DP-19,Additive Manufacturing and Advanced Production Metrology,discipline,DP-19-A03,Advanced Materials and Joining,DP-19-027,Eddy current and electromagnetic inspection,skill,4,1 2 3 4,draft
DP-19,Additive Manufacturing and Advanced Production Metrology,discipline,DP-19-A03,Advanced Materials and Joining,DP-19-028,Mechanical property testing and its measurement uncertainty,skill,4,1 2 3 4,draft
DP-19,Additive Manufacturing and Advanced Production Metrology,discipline,DP-19-A04,Production Systems and Integration,DP-19-029,Designing an inspection strategy for a production line,judgment,4,1 2 3 4,draft
DP-19,Additive Manufacturing and Advanced Production Metrology,discipline,DP-19-A04,Production Systems and Integration,DP-19-030,First article inspection and production part approval,skill,4,1 2 3 4,draft
DP-19,Additive Manufacturing and Advanced Production Metrology,discipline,DP-19-A04,Production Systems and Integration,DP-19-031,Automated inspection cells and robot-mounted metrology,skill,4,1 2 3 4,draft
DP-19,Additive Manufacturing and Advanced Production Metrology,discipline,DP-19-A04,Production Systems and Integration,DP-19-032,Machine vision inspection systems,skill,4,1 2 3 4,draft
DP-19,Additive Manufacturing and Advanced Production Metrology,discipline,DP-19-A04,Production Systems and Integration,DP-19-033,Sampling plans and inspection frequency,judgment,4,1 2 3 4,draft
DP-19,Additive Manufacturing and Advanced Production Metrology,discipline,DP-19-A04,Production Systems and Integration,DP-19-034,"Fixturing, repeatability and part presentation",skill,4,1 2 3 4,draft
DP-19,Additive Manufacturing and Advanced Production Metrology,discipline,DP-19-A04,Production Systems and Integration,DP-19-035,Traceability and identification through a production process,skill,4,1 2 3 4,draft
DP-19,Additive Manufacturing and Advanced Production Metrology,discipline,DP-19-A04,Production Systems and Integration,DP-19-036,Reverse engineering and as-built model generation,skill,4,1 2 3 4,draft
DP-19,Additive Manufacturing and Advanced Production Metrology,discipline,DP-19-A04,Production Systems and Integration,DP-19-037,Measurement planning from a model-based definition,judgment,5,1 2 3 4 5,draft
DP-19,Additive Manufacturing and Advanced Production Metrology,discipline,DP-19-A05,Nondestructive Measurement and Inspection,DP-19-038,NDT as measurement: what is being measured and what is being claimed,knowledge,4,1 2 3 4,draft
DP-19,Additive Manufacturing and Advanced Production Metrology,discipline,DP-19-A05,Nondestructive Measurement and Inspection,DP-19-039,Probability of detection and its determination,skill,5,1 2 3 4 5,draft
DP-19,Additive Manufacturing and Advanced Production Metrology,discipline,DP-19-A05,Nondestructive Measurement and Inspection,DP-19-040,Flaw sizing and sizing uncertainty,skill,5,1 2 3 4 5,draft
DP-19,Additive Manufacturing and Advanced Production Metrology,discipline,DP-19-A05,Nondestructive Measurement and Inspection,DP-19-041,What a negative NDT result does and does not assert,judgment,5,1 2 3 4 5,draft
DP-19,Additive Manufacturing and Advanced Production Metrology,discipline,DP-19-A05,Nondestructive Measurement and Inspection,DP-19-042,"Reference blocks, calibration standards and artificial defects",skill,4,1 2 3 4,draft
DP-19,Additive Manufacturing and Advanced Production Metrology,discipline,DP-19-A05,Nondestructive Measurement and Inspection,DP-19-043,Ultrasonic testing: pulse-echo and through-transmission,skill,4,1 2 3 4,draft
DP-19,Additive Manufacturing and Advanced Production Metrology,discipline,DP-19-A05,Nondestructive Measurement and Inspection,DP-19-044,Phased array ultrasonics and time-of-flight diffraction,skill,5,1 2 3 4 5,draft
DP-19,Additive Manufacturing and Advanced Production Metrology,discipline,DP-19-A05,Nondestructive Measurement and Inspection,DP-19-045,Guided wave and long-range screening techniques,skill,4,1 2 3 4,draft
DP-19,Additive Manufacturing and Advanced Production Metrology,discipline,DP-19-A05,Nondestructive Measurement and Inspection,DP-19-046,Radiographic testing and digital radiography,skill,4,1 2 3 4,draft
DP-19,Additive Manufacturing and Advanced Production Metrology,discipline,DP-19-A05,Nondestructive Measurement and Inspection,DP-19-047,Industrial computed tomography for defect detection,skill,5,1 2 3 4 5,draft
DP-19,Additive Manufacturing and Advanced Production Metrology,discipline,DP-19-A05,Nondestructive Measurement and Inspection,DP-19-048,Magnetic particle and liquid penetrant inspection,skill,3,1 2 3,draft
DP-19,Additive Manufacturing and Advanced Production Metrology,discipline,DP-19-A05,Nondestructive Measurement and Inspection,DP-19-049,Eddy current inspection and depth of penetration,skill,4,1 2 3 4,draft
DP-19,Additive Manufacturing and Advanced Production Metrology,discipline,DP-19-A05,Nondestructive Measurement and Inspection,DP-19-050,Infrared thermography and shearography,skill,4,1 2 3 4,draft
DP-19,Additive Manufacturing and Advanced Production Metrology,discipline,DP-19-A05,Nondestructive Measurement and Inspection,DP-19-051,Acoustic emission monitoring,skill,4,1 2 3 4,draft
DP-19,Additive Manufacturing and Advanced Production Metrology,discipline,DP-19-A05,Nondestructive Measurement and Inspection,DP-19-052,Acceptance criteria and their origin in fitness for service,judgment,5,1 2 3 4 5,draft
DP-19,Additive Manufacturing and Advanced Production Metrology,discipline,DP-19-A05,Nondestructive Measurement and Inspection,DP-19-053,Operator effects and inspector qualification schemes,knowledge,4,1 2 3 4,draft
DP-19,Additive Manufacturing and Advanced Production Metrology,discipline,DP-19-A05,Nondestructive Measurement and Inspection,DP-19-054,Automated and robotic NDT with machine interpretation,skill,5,1 2 3 4 5,draft
DP-20,"Digital Metrology, DCC and Industry 4.0",discipline,DP-20-A01,Machine-Readable Measurement Information,DP-20-001,Why a PDF certificate is not machine-readable measurement data,knowledge,3,1 2 3,draft
DP-20,"Digital Metrology, DCC and Industry 4.0",discipline,DP-20-A01,Machine-Readable Measurement Information,DP-20-002,Digital calibration certificate structure and content,knowledge,5,1 2 3 4 5,draft
DP-20,"Digital Metrology, DCC and Industry 4.0",discipline,DP-20-A01,Machine-Readable Measurement Information,DP-20-003,Implementing DCC issuance in a laboratory,skill,4,1 2 3 4,draft
DP-20,"Digital Metrology, DCC and Industry 4.0",discipline,DP-20-A01,Machine-Readable Measurement Information,DP-20-004,Consuming and validating a received DCC,skill,4,1 2 3 4,draft
DP-20,"Digital Metrology, DCC and Industry 4.0",discipline,DP-20-A01,Machine-Readable Measurement Information,DP-20-005,Digital SI and machine-readable quantity representation,knowledge,4,1 2 3 4,draft
DP-20,"Digital Metrology, DCC and Industry 4.0",discipline,DP-20-A01,Machine-Readable Measurement Information,DP-20-006,"Representing units, quantities and uncertainty in a schema",knowledge,5,1 2 3 4 5,draft
DP-20,"Digital Metrology, DCC and Industry 4.0",discipline,DP-20-A01,Machine-Readable Measurement Information,DP-20-007,Ontologies and vocabularies for measurement data,knowledge,4,1 2 3 4,draft
DP-20,"Digital Metrology, DCC and Industry 4.0",discipline,DP-20-A01,Machine-Readable Measurement Information,DP-20-008,"Identifiers, persistence and resolvability",knowledge,4,1 2 3 4,draft
DP-20,"Digital Metrology, DCC and Industry 4.0",discipline,DP-20-A01,Machine-Readable Measurement Information,DP-20-009,Migration from document-based to data-based certificates,judgment,4,1 2 3 4,draft
DP-20,"Digital Metrology, DCC and Industry 4.0",discipline,DP-20-A02,"Integrity, Provenance and Trust",DP-20-010,Digital signatures applied to measurement results,skill,4,1 2 3 4,draft
DP-20,"Digital Metrology, DCC and Industry 4.0",discipline,DP-20-A02,"Integrity, Provenance and Trust",DP-20-011,Public key infrastructure and trust models for laboratories,knowledge,5,1 2 3 4 5,draft
DP-20,"Digital Metrology, DCC and Industry 4.0",discipline,DP-20-A02,"Integrity, Provenance and Trust",DP-20-012,Long-term signature validity and archival,knowledge,4,1 2 3 4,draft
DP-20,"Digital Metrology, DCC and Industry 4.0",discipline,DP-20-A02,"Integrity, Provenance and Trust",DP-20-013,Verifiable credentials for competence and accreditation,knowledge,4,1 2 3 4,draft
DP-20,"Digital Metrology, DCC and Industry 4.0",discipline,DP-20-A02,"Integrity, Provenance and Trust",DP-20-014,Offline verification and air-gapped trust distribution,knowledge,4,1 2 3 4,draft
DP-20,"Digital Metrology, DCC and Industry 4.0",discipline,DP-20-A02,"Integrity, Provenance and Trust",DP-20-015,Tamper evidence and hash chains for measurement records,knowledge,4,1 2 3 4,draft
DP-20,"Digital Metrology, DCC and Industry 4.0",discipline,DP-20-A02,"Integrity, Provenance and Trust",DP-20-016,Machine-readable traceability chains,knowledge,5,1 2 3 4 5,draft
DP-20,"Digital Metrology, DCC and Industry 4.0",discipline,DP-20-A02,"Integrity, Provenance and Trust",DP-20-017,Why distributed ledgers are usually the wrong answer here,judgment,4,1 2 3 4,draft
DP-20,"Digital Metrology, DCC and Industry 4.0",discipline,DP-20-A03,Connected Instruments and Sensor Systems,DP-20-018,Industrial communication protocols for measurement,knowledge,4,1 2 3 4,draft
DP-20,"Digital Metrology, DCC and Industry 4.0",discipline,DP-20-A03,Connected Instruments and Sensor Systems,DP-20-019,OPC UA and information modelling for instruments,skill,5,1 2 3 4 5,draft
DP-20,"Digital Metrology, DCC and Industry 4.0",discipline,DP-20-A03,Connected Instruments and Sensor Systems,DP-20-020,Smart sensors and self-describing devices,skill,4,1 2 3 4,draft
DP-20,"Digital Metrology, DCC and Industry 4.0",discipline,DP-20-A03,Connected Instruments and Sensor Systems,DP-20-021,Sensor networks and distributed measurement architecture,skill,4,1 2 3 4,draft
DP-20,"Digital Metrology, DCC and Industry 4.0",discipline,DP-20-A03,Connected Instruments and Sensor Systems,DP-20-022,Edge processing and where the calculation happens,judgment,4,1 2 3 4,draft
DP-20,"Digital Metrology, DCC and Industry 4.0",discipline,DP-20-A03,Connected Instruments and Sensor Systems,DP-20-023,Time synchronisation across a measurement network,skill,4,1 2 3 4,draft
DP-20,"Digital Metrology, DCC and Industry 4.0",discipline,DP-20-A03,Connected Instruments and Sensor Systems,DP-20-024,Metrological confirmation of a networked measurement system,skill,4,1 2 3 4,draft
DP-20,"Digital Metrology, DCC and Industry 4.0",discipline,DP-20-A03,Connected Instruments and Sensor Systems,DP-20-025,Legacy instrument integration and protocol translation,skill,4,1 2 3 4,draft
DP-20,"Digital Metrology, DCC and Industry 4.0",discipline,DP-20-A04,Digital Twins and Simulation,DP-20-026,Digital twin concepts applied to measurement systems,knowledge,4,1 2 3 4,draft
DP-20,"Digital Metrology, DCC and Industry 4.0",discipline,DP-20-A04,Digital Twins and Simulation,DP-20-027,Virtual instruments and simulated measurement,skill,4,1 2 3 4,draft
DP-20,"Digital Metrology, DCC and Industry 4.0",discipline,DP-20-A04,Digital Twins and Simulation,DP-20-028,Virtual CMM and simulation-based task-specific uncertainty,skill,5,1 2 3 4 5,draft
DP-20,"Digital Metrology, DCC and Industry 4.0",discipline,DP-20-A04,Digital Twins and Simulation,DP-20-029,Model validation against physical measurement,skill,4,1 2 3 4,draft
DP-20,"Digital Metrology, DCC and Industry 4.0",discipline,DP-20-A04,Digital Twins and Simulation,DP-20-030,Uncertainty propagation through a simulation model,skill,4,1 2 3 4,draft
DP-20,"Digital Metrology, DCC and Industry 4.0",discipline,DP-20-A04,Digital Twins and Simulation,DP-20-031,"When simulation may substitute for measurement, and when it may not",judgment,5,1 2 3 4 5,draft
DP-20,"Digital Metrology, DCC and Industry 4.0",discipline,DP-20-A05,Data Platforms and Laboratory Systems,DP-20-032,Laboratory information management system selection and deployment,judgment,4,1 2 3 4,draft
DP-20,"Digital Metrology, DCC and Industry 4.0",discipline,DP-20-A05,Data Platforms and Laboratory Systems,DP-20-033,Calibration management system data models,skill,4,1 2 3 4,draft
DP-20,"Digital Metrology, DCC and Industry 4.0",discipline,DP-20-A05,Data Platforms and Laboratory Systems,DP-20-034,"Integration between laboratory, quality and enterprise systems",skill,4,1 2 3 4,draft
DP-20,"Digital Metrology, DCC and Industry 4.0",discipline,DP-20-A05,Data Platforms and Laboratory Systems,DP-20-035,Automated data capture and elimination of transcription,skill,4,1 2 3 4,draft
DP-20,"Digital Metrology, DCC and Industry 4.0",discipline,DP-20-A05,Data Platforms and Laboratory Systems,DP-20-036,Analytics over historical calibration data,skill,4,1 2 3 4,draft
DP-20,"Digital Metrology, DCC and Industry 4.0",discipline,DP-20-A05,Data Platforms and Laboratory Systems,DP-20-037,"Data retention, archival formats and long-term readability",skill,4,1 2 3 4,draft
DP-20,"Digital Metrology, DCC and Industry 4.0",discipline,DP-20-A05,Data Platforms and Laboratory Systems,DP-20-038,Deployment in air-gapped and regulated environments,skill,4,1 2 3 4,draft
DP-20,"Digital Metrology, DCC and Industry 4.0",discipline,DP-20-A05,Data Platforms and Laboratory Systems,DP-20-039,"Open standards, vendor lock-in and interoperability strategy",judgment,5,1 2 3 4 5,draft
DP-21,Geodetic and Gravitational Metrology,discipline,DP-21-A01,Reference Frames and Coordinate Systems,DP-21-001,Terrestrial reference systems and their realisations,knowledge,4,1 2 3 4,draft
DP-21,Geodetic and Gravitational Metrology,discipline,DP-21-A01,Reference Frames and Coordinate Systems,DP-21-002,ITRF and its successive realisations,knowledge,5,1 2 3 4 5,draft
DP-21,Geodetic and Gravitational Metrology,discipline,DP-21-A01,Reference Frames and Coordinate Systems,DP-21-003,"Datums, epochs and why a coordinate needs both",knowledge,5,1 2 3 4 5,draft
DP-21,Geodetic and Gravitational Metrology,discipline,DP-21-A01,Reference Frames and Coordinate Systems,DP-21-004,Plate motion and time-dependent coordinates,knowledge,4,1 2 3 4,draft
DP-21,Geodetic and Gravitational Metrology,discipline,DP-21-A01,Reference Frames and Coordinate Systems,DP-21-005,Regional and national reference frames,knowledge,4,1 2 3 4,draft
DP-21,Geodetic and Gravitational Metrology,discipline,DP-21-A01,Reference Frames and Coordinate Systems,DP-21-006,Transformations between frames and their uncertainty,skill,5,1 2 3 4 5,draft
DP-21,Geodetic and Gravitational Metrology,discipline,DP-21-A01,Reference Frames and Coordinate Systems,DP-21-007,Celestial reference frames and Earth orientation parameters,knowledge,5,1 2 3 4 5,draft
DP-21,Geodetic and Gravitational Metrology,discipline,DP-21-A01,Reference Frames and Coordinate Systems,DP-21-008,Map projections and the distortion they introduce,knowledge,3,1 2 3,draft
DP-21,Geodetic and Gravitational Metrology,discipline,DP-21-A01,Reference Frames and Coordinate Systems,DP-21-009,"Errors caused by mixing frames, realisations or epochs",judgment,4,1 2 3 4,draft
DP-21,Geodetic and Gravitational Metrology,discipline,DP-21-A02,Positioning and Geodetic Networks,DP-21-010,GNSS positioning principles and error sources,knowledge,4,1 2 3 4,draft
DP-21,Geodetic and Gravitational Metrology,discipline,DP-21-A02,Positioning and Geodetic Networks,DP-21-011,Differential and real-time kinematic positioning,skill,4,1 2 3 4,draft
DP-21,Geodetic and Gravitational Metrology,discipline,DP-21-A02,Positioning and Geodetic Networks,DP-21-012,Precise point positioning,skill,5,1 2 3 4 5,draft
DP-21,Geodetic and Gravitational Metrology,discipline,DP-21-A02,Positioning and Geodetic Networks,DP-21-013,Carrier phase ambiguity resolution,skill,5,1 2 3 4 5,draft
DP-21,Geodetic and Gravitational Metrology,discipline,DP-21-A02,Positioning and Geodetic Networks,DP-21-014,Atmospheric delay: ionospheric and tropospheric modelling,skill,5,1 2 3 4 5,draft
DP-21,Geodetic and Gravitational Metrology,discipline,DP-21-A02,Positioning and Geodetic Networks,DP-21-015,"Multipath, antenna phase centre and site effects",skill,5,1 2 3 4 5,draft
DP-21,Geodetic and Gravitational Metrology,discipline,DP-21-A02,Positioning and Geodetic Networks,DP-21-016,Very long baseline interferometry,knowledge,5,1 2 3 4 5,draft
DP-21,Geodetic and Gravitational Metrology,discipline,DP-21-A02,Positioning and Geodetic Networks,DP-21-017,Satellite and lunar laser ranging,knowledge,5,1 2 3 4 5,draft
DP-21,Geodetic and Gravitational Metrology,discipline,DP-21-A02,Positioning and Geodetic Networks,DP-21-018,Geodetic network design and adjustment,skill,5,1 2 3 4 5,draft
DP-21,Geodetic and Gravitational Metrology,discipline,DP-21-A02,Positioning and Geodetic Networks,DP-21-019,Least squares adjustment and reliability of a network,skill,5,1 2 3 4 5,draft
DP-21,Geodetic and Gravitational Metrology,discipline,DP-21-A02,Positioning and Geodetic Networks,DP-21-020,Uncertainty evaluation for geodetic positions,skill,5,1 2 3 4 5,draft
DP-21,Geodetic and Gravitational Metrology,discipline,DP-21-A02,Positioning and Geodetic Networks,DP-21-021,Terrestrial surveying instruments and their calibration,skill,4,1 2 3 4,draft
DP-21,Geodetic and Gravitational Metrology,discipline,DP-21-A02,Positioning and Geodetic Networks,DP-21-022,EDM calibration baselines,skill,4,1 2 3 4,draft
DP-21,Geodetic and Gravitational Metrology,discipline,DP-21-A03,Height Systems and Vertical Datums,DP-21-023,"Ellipsoidal, orthometric and normal heights distinguished",knowledge,5,1 2 3 4 5,draft
DP-21,Geodetic and Gravitational Metrology,discipline,DP-21-A03,Height Systems and Vertical Datums,DP-21-024,"Geoid, quasigeoid and reference surfaces",knowledge,5,1 2 3 4 5,draft
DP-21,Geodetic and Gravitational Metrology,discipline,DP-21-A03,Height Systems and Vertical Datums,DP-21-025,Vertical datums and their realisation,knowledge,4,1 2 3 4,draft
DP-21,Geodetic and Gravitational Metrology,discipline,DP-21-A03,Height Systems and Vertical Datums,DP-21-026,Spirit levelling and its error accumulation,skill,4,1 2 3 4,draft
DP-21,Geodetic and Gravitational Metrology,discipline,DP-21-A03,Height Systems and Vertical Datums,DP-21-027,Geopotential numbers and dynamic heights,knowledge,5,1 2 3 4 5,draft
DP-21,Geodetic and Gravitational Metrology,discipline,DP-21-A03,Height Systems and Vertical Datums,DP-21-028,Tide gauges and mean sea level determination,knowledge,4,1 2 3 4,draft
DP-21,Geodetic and Gravitational Metrology,discipline,DP-21-A03,Height Systems and Vertical Datums,DP-21-029,International height reference systems,knowledge,4,1 2 3 4,draft
DP-21,Geodetic and Gravitational Metrology,discipline,DP-21-A03,Height Systems and Vertical Datums,DP-21-030,Converting between height types and the uncertainty incurred,skill,5,1 2 3 4 5,draft
DP-21,Geodetic and Gravitational Metrology,discipline,DP-21-A04,The Gravity Field and the Geoid,DP-21-031,The Earth's gravity field and its representation,knowledge,5,1 2 3 4 5,draft
DP-21,Geodetic and Gravitational Metrology,discipline,DP-21-A04,The Gravity Field and the Geoid,DP-21-032,Spherical harmonic models and global gravity fields,knowledge,5,1 2 3 4 5,draft
DP-21,Geodetic and Gravitational Metrology,discipline,DP-21-A04,The Gravity Field and the Geoid,DP-21-033,Satellite gravimetry missions and their products,knowledge,4,1 2 3 4,draft
DP-21,Geodetic and Gravitational Metrology,discipline,DP-21-A04,The Gravity Field and the Geoid,DP-21-034,Terrestrial gravity surveys and network densification,skill,4,1 2 3 4,draft
DP-21,Geodetic and Gravitational Metrology,discipline,DP-21-A04,The Gravity Field and the Geoid,DP-21-035,Geoid determination and computation,skill,5,1 2 3 4 5,draft
DP-21,Geodetic and Gravitational Metrology,discipline,DP-21-A04,The Gravity Field and the Geoid,DP-21-036,"Gravity anomalies, disturbances and reductions",skill,5,1 2 3 4 5,draft
DP-21,Geodetic and Gravitational Metrology,discipline,DP-21-A04,The Gravity Field and the Geoid,DP-21-037,"Temporal gravity variation: hydrology, ice mass and tectonics",skill,5,1 2 3 4 5,draft
DP-21,Geodetic and Gravitational Metrology,discipline,DP-21-A04,The Gravity Field and the Geoid,DP-21-038,Absolute gravity reference networks and international comparisons,skill,4,1 2 3 4,draft
DP-21,Geodetic and Gravitational Metrology,discipline,DP-21-A04,The Gravity Field and the Geoid,DP-21-039,Gravity gradiometry,skill,5,1 2 3 4 5,draft
DP-21,Geodetic and Gravitational Metrology,discipline,DP-21-A05,Relativistic Geodesy and Chronometric Levelling,DP-21-040,Gravitational redshift and clock rate as a function of potential,knowledge,5,1 2 3 4 5,draft
DP-21,Geodetic and Gravitational Metrology,discipline,DP-21-A05,Relativistic Geodesy and Chronometric Levelling,DP-21-041,Chronometric levelling: height from frequency comparison,skill,5,1 2 3 4 5,draft
DP-21,Geodetic and Gravitational Metrology,discipline,DP-21-A05,Relativistic Geodesy and Chronometric Levelling,DP-21-042,Optical clock comparison over fibre links for geodesy,skill,5,1 2 3 4 5,draft
DP-21,Geodetic and Gravitational Metrology,discipline,DP-21-A05,Relativistic Geodesy and Chronometric Levelling,DP-21-043,Relativistic corrections in time transfer and positioning,skill,5,1 2 3 4 5,draft
DP-21,Geodetic and Gravitational Metrology,discipline,DP-21-A05,Relativistic Geodesy and Chronometric Levelling,DP-21-044,Uncertainty budget for a chronometric height determination,skill,5,1 2 3 4 5,draft
DP-21,Geodetic and Gravitational Metrology,discipline,DP-21-A05,Relativistic Geodesy and Chronometric Levelling,DP-21-045,Comparing chronometric and conventional height results,judgment,5,1 2 3 4 5,draft
DP-21,Geodetic and Gravitational Metrology,discipline,DP-21-A05,Relativistic Geodesy and Chronometric Levelling,DP-21-046,Relativistic definition of a reference surface and its consequences,judgment,5,1 2 3 4 5,draft
DP-21,Geodetic and Gravitational Metrology,discipline,DP-21-A05,Relativistic Geodesy and Chronometric Levelling,DP-21-047,Transportable clocks for field geodesy,skill,5,1 2 3 4 5,draft
DP-21,Geodetic and Gravitational Metrology,discipline,DP-21-A06,"Deformation, Monitoring and Applied Geodetic Measurement",DP-21-048,Deformation monitoring and change detection,skill,4,1 2 3 4,draft
DP-21,Geodetic and Gravitational Metrology,discipline,DP-21-A06,"Deformation, Monitoring and Applied Geodetic Measurement",DP-21-049,Structural and infrastructure monitoring,skill,4,1 2 3 4,draft
DP-21,Geodetic and Gravitational Metrology,discipline,DP-21-A06,"Deformation, Monitoring and Applied Geodetic Measurement",DP-21-050,"Subsidence, uplift and groundwater-driven motion",skill,4,1 2 3 4,draft
DP-21,Geodetic and Gravitational Metrology,discipline,DP-21-A06,"Deformation, Monitoring and Applied Geodetic Measurement",DP-21-051,InSAR and satellite deformation measurement,skill,5,1 2 3 4 5,draft
DP-21,Geodetic and Gravitational Metrology,discipline,DP-21-A06,"Deformation, Monitoring and Applied Geodetic Measurement",DP-21-052,Distinguishing real motion from measurement artefact,judgment,5,1 2 3 4 5,draft
DP-21,Geodetic and Gravitational Metrology,discipline,DP-21-A06,"Deformation, Monitoring and Applied Geodetic Measurement",DP-21-053,Engineering geodesy for large facilities and accelerators,skill,5,1 2 3 4 5,draft
DP-21,Geodetic and Gravitational Metrology,discipline,DP-21-A06,"Deformation, Monitoring and Applied Geodetic Measurement",DP-21-054,Geodetic input to sea level and climate records,skill,4,1 2 3 4,draft
DP-21,Geodetic and Gravitational Metrology,discipline,DP-21-A06,"Deformation, Monitoring and Applied Geodetic Measurement",DP-21-055,Legal and cadastral measurement,knowledge,3,1 2 3,draft
